config,run,task_name,n_folds,test_n,mean_mcc,std_mcc,mccs,tokenizer,max_len,cls_num,hf_model_name,attn_impl,batch_size_eval,config_json_path,path,mcc_fold_0,mcc_fold_1,mcc_fold_2,mcc_fold_3,mcc_fold_4,mcc_fold_5,mcc_fold_6,mcc_fold_7,mcc_fold_8,mcc_fold_9
H3K4me3,H3K4me3_large_lr5e5_wd1e4_bs32_p50,H3K4me3,10,776,0.6430724425567268,0.012128824923414869,"[0.6367674380449851, 0.6425234156554981, 0.6389287107835838, 0.6636936891968426, 0.6211856011691362, 0.6457814307365897, 0.6325556528885553, 0.6497003561364416, 0.642369453294058, 0.6572186776615776]",AIRI-Institute/gena-lm-bert-base-t2t,1024,2,/home/jovyan/shares/SR003.nfs2/aspeedok/models/modernbert_large,sdpa,32,/home/jovyan/shares/SR003.nfs2/aspeedok/GENA_LM/runs/NT_benchmark/H3K4me3/H3K4me3_large_lr5e5_wd1e4_bs32_p50/fold_0/config.json,/home/jovyan/shares/SR003.nfs2/aspeedok/GENA_LM/runs/NT_benchmark/H3K4me3/H3K4me3_large_lr5e5_wd1e4_bs32_p50,0.6367674380449851,0.6425234156554981,0.6389287107835838,0.6636936891968426,0.6211856011691362,0.6457814307365897,0.6325556528885553,0.6497003561364416,0.642369453294058,0.6572186776615776
