,chrom,orientation,variant_group,rna_read_count,rna_norm_depth,dna_read_count,dna_norm_depth,rna_sample,dna_sample,pair,log2ratio,short_chrom
0,1_11_chr11_65418158_65418613_bi,forward,noSNP,8,0.0006765899864682003,10,0.00027867573291717756,L2R2TGE,L2TGE,L2R2TGE / L2TGE,1.2796944473761296,1_11
1,1_11_chr11_65418158_65418613_bi,reverse,noSNP,6,0.0005074424898511502,11,0.0003065433062088953,L2R2TGE,L2TGE,L2R2TGE / L2TGE,0.7271534243473506,1_11
2,1_14_chr14_60655620_60656040_bi,reverse,noSNP,1,8.457374830852504e-05,7,0.0001950730130420243,L2R2TGE,L2TGE,L2R2TGE / L2TGE,-1.2057323797941124,1_14
3,1_15_chr15_40098659_40099167_bi,forward,noSNP,13,0.0010994587280108254,11,0.0003065433062088953,L2R2TGE,L2TGE,L2R2TGE / L2TGE,1.8426306417672866,1_15
4,1_15_chr15_40098659_40099167_bi,reverse,noSNP,34,0.002875507442489851,19,0.0005294838925426374,L2R2TGE,L2TGE,L2R2TGE / L2TGE,2.4411578700702457,1_15
5,1_16_chr16_30805349_30805831_bi,forward,noSNP,354,0.02993910690121786,472,0.013153494593690782,L2R2TGE,L2TGE,L2R2TGE / L2TGE,1.1865850429846478,1_16
6,1_16_chr16_30805349_30805831_bi,reverse,noSNP,191,0.016153585926928282,452,0.012596143127856426,L2R2TGE,L2TGE,L2R2TGE / L2TGE,0.3588724078840527,1_16
7,1_17_chr16_73068918_73069480_bi,forward,noSNP,92,0.007780784844384303,93,0.0025916843161297516,L2R2TGE,L2TGE,L2R2TGE / L2TGE,1.586025687212473,1_17
8,1_17_chr16_73068918_73069480_bi,reverse,noSNP,35,0.002960081190798376,59,0.0016441868242113478,L2R2TGE,L2TGE,L2R2TGE / L2TGE,0.8482625098466168,1_17
9,1_18_chr16_74297506_74297928_bi,forward,noSNP,167,0.01412381596752368,262,0.0073013042024300525,L2R2TGE,L2TGE,L2R2TGE / L2TGE,0.9519038332000938,1_18
10,1_18_chr16_74297506_74297928_bi,reverse,noSNP,109,0.00921853856562923,254,0.00707836361609631,L2R2TGE,L2TGE,L2R2TGE / L2TGE,0.3811221802682525,1_18
11,1_19_chr16_807619_808176_bi,forward,SNP,10,0.0008457374830852503,20,0.0005573514658343551,L2R2TGE,L2TGE,L2R2TGE / L2TGE,0.6016225422634919,1_19
12,1_19_chr16_807619_808176_bi,forward,noSNP,2,0.00016914749661705008,8,0.00022294058633374206,L2R2TGE,L2TGE,L2R2TGE / L2TGE,-0.3983774577365082,1_19
13,1_19_chr16_807619_808176_bi,reverse,SNP,37,0.003129228687415426,17,0.00047374874595920187,L2R2TGE,L2TGE,L2R2TGE / L2TGE,2.723613066642102,1_19
14,1_19_chr16_807619_808176_bi,reverse,noSNP,33,0.002790933694181326,29,0.0008081596254598149,L2R2TGE,L2TGE,L2R2TGE / L2TGE,1.788035666494373,1_19
15,1_1_chr1_156748909_156749379_bi,forward,noSNP,11,0.0009303112313937754,91,0.002535949169546316,L2R2TGE,L2TGE,L2R2TGE / L2TGE,-1.446740479297907,1_1
16,1_20_chr16_87853532_87854041_bi,forward,SNP,9,0.0007611637347767253,19,0.0005294838925426374,L2R2TGE,L2TGE,L2R2TGE / L2TGE,0.5236200302622186,1_20
17,1_20_chr16_87853532_87854041_bi,forward,noSNP,5,0.0004228687415426252,6,0.00016720543975030653,L2R2TGE,L2TGE,L2R2TGE / L2TGE,1.338588136429698,1_20
18,1_20_chr16_87853532_87854041_bi,reverse,SNP,23,0.0019451962110960757,30,0.0008360271987515327,L2R2TGE,L2TGE,L2R2TGE / L2TGE,1.2182939027119861,1_20
19,1_20_chr16_87853532_87854041_bi,reverse,noSNP,29,0.002452638700947226,22,0.0006130866124177906,L2R2TGE,L2TGE,L2R2TGE / L2TGE,2.0001719187537668,1_20
20,1_23_chr2_70142583_70143144_bi,forward,SNP,67,0.005666441136671177,50,0.0013933786645858879,L2R2TGE,L2TGE,L2R2TGE / L2TGE,2.0238555429465395,1_23
21,1_23_chr2_70142583_70143144_bi,forward,noSNP,645,0.05455006765899865,829,0.02310221825883402,L2R2TGE,L2TGE,L2R2TGE / L2TGE,1.239549601078358,1_23
22,1_23_chr2_70142583_70143144_bi,reverse,SNP,1,8.457374830852504e-05,13,0.00036227845279233087,L2R2TGE,L2TGE,L2R2TGE / L2TGE,-2.0988171758776004,1_23
23,1_23_chr2_70142583_70143144_bi,reverse,noSNP,87,0.007357916102841678,628,0.017500836027198752,L2R2TGE,L2TGE,L2R2TGE / L2TGE,-1.2500547107794069,1_23
24,1_24_chr21_29002584_29003015_bi,forward,noSNP,88,0.007442489851150203,89,0.0024802140229628804,L2R2TGE,L2TGE,L2R2TGE / L2TGE,1.5853207299343912,1_24
25,1_24_chr21_29002584_29003015_bi,reverse,noSNP,37,0.003129228687415426,108,0.0030096979155055177,L2R2TGE,L2TGE,L2R2TGE / L2TGE,0.05618840572897311,1_24
26,1_25_chr22_36465359_36465803_bi,forward,noSNP,52,0.004397834912043302,31,0.0008638947720432504,L2R2TGE,L2TGE,L2R2TGE / L2TGE,2.3478659500177086,1_25
27,1_25_chr22_36465359_36465803_bi,reverse,noSNP,11,0.0009303112313937754,29,0.0008081596254598149,L2R2TGE,L2TGE,L2R2TGE / L2TGE,0.2030731657732171,1_25
28,1_26_chr22_40651538_40652054_bi,forward,noSNP,45,0.0038058186738836267,595,0.016581206108572066,L2R2TGE,L2TGE,L2R2TGE / L2TGE,-2.1232702196021394,1_26
29,1_26_chr22_40651538_40652054_bi,reverse,noSNP,13,0.0010994587280108254,736,0.02051053394270427,L2R2TGE,L2TGE,L2R2TGE / L2TGE,-4.221499695652429,1_26
30,1_28_chr7_1532728_1533226_bi,forward,noSNP,11,0.0009303112313937754,25,0.0006966893322929439,L2R2TGE,L2TGE,L2R2TGE / L2TGE,0.41719797112606427,1_28
31,1_28_chr7_1532728_1533226_bi,reverse,noSNP,4,0.00033829499323410016,13,0.00036227845279233087,L2R2TGE,L2TGE,L2R2TGE / L2TGE,-0.09881717587760035,1_28
32,1_29_chr7_25856979_25857429_bi,forward,SNP,33,0.002790933694181326,39,0.0010868353583769925,L2R2TGE,L2TGE,L2R2TGE / L2TGE,1.3606144427596967,1_29
33,1_29_chr7_25856979_25857429_bi,reverse,SNP,44,0.0037212449255751017,62,0.0017277895440865009,L2R2TGE,L2TGE,L2R2TGE / L2TGE,1.106857850513914,1_29
34,1_30_chr9_126805681_126806202_bi,forward,noSNP,49,0.004144113667117727,191,0.005322706498718092,L2R2TGE,L2TGE,L2R2TGE / L2TGE,-0.3610964416570487,1_30
35,1_30_chr9_126805681_126806202_bi,reverse,noSNP,123,0.01040257104194858,204,0.005684984951510422,L2R2TGE,L2TGE,L2R2TGE / L2TGE,0.871711705631236,1_30
36,1_5_chr1_33127099_33127603_bi,forward,noSNP,68,0.005751014884979702,395,0.011007691450228514,L2R2TGE,L2TGE,L2R2TGE / L2TGE,-0.9366234595506341,1_5
37,1_5_chr1_33127099_33127603_bi,reverse,noSNP,1,8.457374830852504e-05,378,0.010533942704269312,L2R2TGE,L2TGE,L2R2TGE / L2TGE,-6.960619881957581,1_5
38,1_7_chr10_110211049_110211924_bi,forward,noSNP,84,0.007104194857916103,206,0.005740720098093858,L2R2TGE,L2TGE,L2R2TGE / L2TGE,0.3074394378590336,1_7
39,1_7_chr10_110211049_110211924_bi,reverse,noSNP,65,0.005497293640054127,29,0.0008081596254598149,L2R2TGE,L2TGE,L2R2TGE / L2TGE,2.7660093601643743,1_7
40,1_8_chr10_4663047_4663594_bi,forward,noSNP,799,0.0675744248985115,81,0.0022572734366291384,L2R2TGE,L2TGE,L2R2TGE / L2TGE,4.903824232306843,1_8
41,1_8_chr10_4663047_4663594_bi,reverse,noSNP,1,8.457374830852504e-05,48,0.0013376435180024523,L2R2TGE,L2TGE,L2R2TGE / L2TGE,-3.9833399584576643,1_8
42,1_9_chr10_71860316_71860874_bi,forward,noSNP,29,0.002452638700947226,54,0.0015048489577527589,L2R2TGE,L2TGE,L2R2TGE / L2TGE,0.7047160352275953,1_9
43,1_9_chr10_71860316_71860874_bi,reverse,noSNP,110,0.009303112313937753,48,0.0013376435180024523,L2R2TGE,L2TGE,L2R2TGE / L2TGE,2.798019755066995,1_9
44,22,any_orientation,any_SNP,255,0.021566305818673883,5351,0.14911938468398173,L2R2TGE,L2TGE,L2R2TGE / L2TGE,-2.7896168344790127,22
45,2_10_chr16_3305171_3305501_rc,forward,SNP,242,0.020466847090663057,320,0.008917623453349682,L2R2TGE,L2TGE,L2R2TGE / L2TGE,1.1985576846507238,2_10
46,2_10_chr16_3305171_3305501_rc,forward,noSNP,291,0.024610960757780784,372,0.010366737264519007,L2R2TGE,L2TGE,L2R2TGE / L2TGE,1.247339074063744,2_10
47,2_10_chr16_3305171_3305501_rc,reverse,SNP,1,8.457374830852504e-05,219,0.006102998550886189,L2R2TGE,L2TGE,L2R2TGE / L2TGE,-6.173164517337682,2_10
48,2_10_chr16_3305171_3305501_rc,reverse,noSNP,134,0.011332882273342355,265,0.007384906922305205,L2R2TGE,L2TGE,L2R2TGE / L2TGE,0.6178631832707028,2_10
49,2_11_chr16_4538333_4538583_rc,reverse,noSNP,1,8.457374830852504e-05,17,0.00047374874595920187,L2R2TGE,L2TGE,L2R2TGE / L2TGE,-2.4858402989868478,2_11
50,2_12_chr17_58692543_58692822_fw,forward,noSNP,14,0.0011840324763193505,148,0.004124400847174228,L2R2TGE,L2TGE,L2R2TGE / L2TGE,-1.8004759013078537,2_12
51,2_12_chr17_58692543_58692822_fw,reverse,noSNP,24,0.0020297699594046007,121,0.0033719763682978484,L2R2TGE,L2TGE,L2R2TGE / L2TGE,-0.7322781942899466,2_12
52,2_13_chr19_41397182_41397493_rc,forward,SNP,30,0.002537212449255751,327,0.009112696466391706,L2R2TGE,L2TGE,L2R2TGE / L2TGE,-1.8446336876260723,2_13
53,2_13_chr19_41397182_41397493_rc,reverse,SNP,67,0.005666441136671177,332,0.009252034332850295,L2R2TGE,L2TGE,L2R2TGE / L2TGE,-0.7073276986256605,2_13
54,2_15_chr3_122793601_122793905_rc,forward,SNP,31,0.0026217861975642762,149,0.004152268420465946,L2R2TGE,L2TGE,L2R2TGE / L2TGE,-0.6633496678117945,2_15
55,2_15_chr3_122793601_122793905_rc,forward,noSNP,18,0.0015223274695534506,170,0.004737487459592018,L2R2TGE,L2TGE,L2R2TGE / L2TGE,-1.6378433924318976,2_15
56,2_15_chr3_122793601_122793905_rc,reverse,SNP,26,0.002198917456021651,89,0.0024802140229628804,L2R2TGE,L2TGE,L2R2TGE / L2TGE,-0.1736711705618139,2_15
57,2_15_chr3_122793601_122793905_rc,reverse,noSNP,28,0.002368064952638701,66,0.0018392598372533719,L2R2TGE,L2TGE,L2R2TGE / L2TGE,0.3645833449626425,2_15
58,2_16_chr6_108562603_108562763_rc,forward,SNP,167,0.01412381596752368,254,0.00707836361609631,L2R2TGE,L2TGE,L2R2TGE / L2TGE,0.9966421479653782,2_16
59,2_16_chr6_108562603_108562763_rc,forward,noSNP,189,0.01598443843031123,208,0.005796455244677294,L2R2TGE,L2TGE,L2R2TGE / L2TGE,1.463425248343472,2_16
60,2_16_chr6_108562603_108562763_rc,reverse,SNP,73,0.006173883626522328,205,0.00571285252480214,L2R2TGE,L2TGE,L2R2TGE / L2TGE,0.11196700163806314,2_16
61,2_16_chr6_108562603_108562763_rc,reverse,noSNP,83,0.0070196211096075775,185,0.005155501058967785,L2R2TGE,L2TGE,L2R2TGE / L2TGE,0.44528051309410427,2_16
62,2_17_chr7_149685_149919_fw,forward,SNP,12,0.0010148849797023004,104,0.002898227622338647,L2R2TGE,L2TGE,L2R2TGE / L2TGE,-1.5138546751564443,2_17
63,2_17_chr7_149685_149919_fw,forward,noSNP,5,0.0004228687415426252,104,0.002898227622338647,L2R2TGE,L2TGE,L2R2TGE / L2TGE,-2.7768890809902382,2_17
64,2_17_chr7_149685_149919_fw,reverse,SNP,20,0.0016914749661705007,102,0.002842492475755211,L2R2TGE,L2TGE,L2R2TGE / L2TGE,-0.7488747048206413,2_17
65,2_17_chr7_149685_149919_fw,reverse,noSNP,8,0.0006765899864682003,85,0.002368743729796009,L2R2TGE,L2TGE,L2R2TGE / L2TGE,-1.8077683938742097,2_17
66,2_18_chr7_26398513_26398756_fw,reverse,SNP,1,8.457374830852504e-05,7,0.0001950730130420243,L2R2TGE,L2TGE,L2R2TGE / L2TGE,-1.2057323797941124,2_18
67,2_19_chr7_27168362_27168894_fw,forward,SNP,14,0.0011840324763193505,245,0.006827555456470851,L2R2TGE,L2TGE,L2R2TGE / L2TGE,-2.5276604746814746,2_19
68,2_19_chr7_27168362_27168894_fw,forward,noSNP,1,8.457374830852504e-05,204,0.005684984951510422,L2R2TGE,L2TGE,L2R2TGE / L2TGE,-6.070802799708003,2_19
69,2_19_chr7_27168362_27168894_fw,reverse,SNP,10,0.0008457374830852503,316,0.008806153160182812,L2R2TGE,L2TGE,L2R2TGE / L2TGE,-3.380230111026249,2_19
70,2_19_chr7_27168362_27168894_fw,reverse,noSNP,14,0.0011840324763193505,233,0.006493144576970237,L2R2TGE,L2TGE,L2R2TGE / L2TGE,-2.4552086803331843,2_19
71,2_1_chr10_24208466_24209279_fw,forward,SNP,21,0.0017760487144790258,142,0.003957195407423921,L2R2TGE,L2TGE,L2R2TGE / L2TGE,-1.1558071544624298,2_1
72,2_1_chr10_24208466_24209279_fw,forward,noSNP,21,0.0017760487144790258,81,0.0022572734366291384,L2R2TGE,L2TGE,L2R2TGE / L2TGE,-0.3459100378423726,2_1
73,2_1_chr10_24208466_24209279_fw,reverse,SNP,3,0.0002537212449255751,202,0.005629249804926987,L2R2TGE,L2TGE,L2R2TGE / L2TGE,-4.471626439767147,2_1
74,2_20_chr7_7566677_7567687_fw,forward,SNP,10,0.0008457374830852503,39,0.0010868353583769925,L2R2TGE,L2TGE,L2R2TGE / L2TGE,-0.3618515817113942,2_20
75,2_20_chr7_7566677_7567687_fw,forward,noSNP,25,0.002114343707713126,103,0.002870360049046929,L2R2TGE,L2TGE,L2R2TGE / L2TGE,-0.4410217951450019,2_20
76,2_20_chr7_7566677_7567687_fw,reverse,noSNP,46,0.0038903924221921514,187,0.00521123620555122,L2R2TGE,L2TGE,L2R2TGE / L2TGE,-0.42170996156713203,2_20
77,2_22_chr10_122375105_122375476_rc__2_21_chr10_122375073_122375541_fw,forward,SNP,9,0.0007611637347767253,80,0.0022294058633374205,L2R2TGE,L2TGE,L2R2TGE / L2TGE,-1.550380551181558,2_22
78,2_22_chr10_122375105_122375476_rc__2_21_chr10_122375073_122375541_fw,forward,noSNP,9,0.0007611637347767253,94,0.002619551889421469,L2R2TGE,L2TGE,L2R2TGE / L2TGE,-1.7830413079718335,2_22
79,2_22_chr10_122375105_122375476_rc__2_21_chr10_122375073_122375541_fw,reverse,SNP,6,0.0005074424898511502,44,0.0012261732248355812,L2R2TGE,L2TGE,L2R2TGE / L2TGE,-1.2728465756526495,2_22
80,2_22_chr10_122375105_122375476_rc__2_21_chr10_122375073_122375541_fw,reverse,noSNP,3,0.0002537212449255751,74,0.002062200423587114,L2R2TGE,L2TGE,L2R2TGE / L2TGE,-3.022868322644302,2_22
81,2_23_chr12_53046798_53047380_fw__2_24_chr12_53046888_53047426_rc,forward,SNP,7,0.0005920162381596753,61,0.0016999219707947832,L2R2TGE,L2TGE,L2R2TGE / L2TGE,-1.5217598732417903,2_23
82,2_23_chr12_53046798_53047380_fw__2_24_chr12_53046888_53047426_rc,forward,noSNP,8,0.0006765899864682003,71,0.0019785977037119606,L2R2TGE,L2TGE,L2R2TGE / L2TGE,-1.54812457724119,2_23
83,2_23_chr12_53046798_53047380_fw__2_24_chr12_53046888_53047426_rc,reverse,SNP,14,0.0011840324763193505,63,0.0017556571173782188,L2R2TGE,L2TGE,L2R2TGE / L2TGE,-0.5683024591788206,2_23
84,2_23_chr12_53046798_53047380_fw__2_24_chr12_53046888_53047426_rc,reverse,noSNP,7,0.0005920162381596753,86,0.002396611303087727,L2R2TGE,L2TGE,L2R2TGE / L2TGE,-2.017287290381002,2_23
85,2_32_chr22_44023936_44024267_rc__2_31_chr22_44023811_44024452_fw,forward,SNP,31,0.0026217861975642762,96,0.0026752870360049045,L2R2TGE,L2TGE,L2R2TGE / L2TGE,-0.029143648070788977,2_32
86,2_32_chr22_44023936_44024267_rc__2_31_chr22_44023811_44024452_fw,forward,noSNP,16,0.0013531799729364006,67,0.0018671274105450898,L2R2TGE,L2TGE,L2R2TGE / L2TGE,-0.4644666481942806,2_32
87,2_32_chr22_44023936_44024267_rc__2_31_chr22_44023811_44024452_fw,reverse,SNP,28,0.002368064952638701,75,0.002090067996878832,L2R2TGE,L2TGE,L2R2TGE / L2TGE,0.18015877382521508,2_32
88,2_32_chr22_44023936_44024267_rc__2_31_chr22_44023811_44024452_fw,reverse,noSNP,24,0.0020297699594046007,80,0.0022294058633374205,L2R2TGE,L2TGE,L2R2TGE / L2TGE,-0.1353430519027145,2_32
89,2_33_chr5_132369336_132370461_fw__2_34_chr5_132369418_132370280_rc,forward,SNP,7,0.0005920162381596753,29,0.0008081596254598149,L2R2TGE,L2TGE,L2R2TGE / L2TGE,-0.44900353080647615,2_33
90,2_33_chr5_132369336_132370461_fw__2_34_chr5_132369418_132370280_rc,forward,noSNP,26,0.002198917456021651,54,0.0015048489577527589,L2R2TGE,L2TGE,L2R2TGE / L2TGE,0.5471747582411153,2_33
91,2_33_chr5_132369336_132370461_fw__2_34_chr5_132369418_132370280_rc,reverse,SNP,7,0.0005920162381596753,34,0.0009474974919184037,L2R2TGE,L2TGE,L2R2TGE / L2TGE,-0.6784853769292434,2_33
92,2_33_chr5_132369336_132370461_fw__2_34_chr5_132369418_132370280_rc,reverse,noSNP,1,8.457374830852504e-05,43,0.0011983056515438636,L2R2TGE,L2TGE,L2R2TGE / L2TGE,-3.824642212438606,2_33
93,2_39_chr14_100375283_100375730_rc__2_35_chr14_100375283_100375730_rc,forward,SNP,48,0.0040595399188092015,410,0.01142570504960428,L2R2TGE,L2TGE,L2R2TGE / L2TGE,-1.4928950565207981,2_39
94,2_39_chr14_100375283_100375730_rc__2_35_chr14_100375283_100375730_rc,forward,noSNP,104,0.008795669824086604,407,0.011342102329729127,L2R2TGE,L2TGE,L2R2TGE / L2TGE,-0.3668227238616632,2_39
95,2_3_chr10_71888998_71889183_rc,forward,SNP,12,0.0010148849797023004,38,0.0010589677850852749,L2R2TGE,L2TGE,L2R2TGE / L2TGE,-0.06134247045893773,2_3
96,2_3_chr10_71888998_71889183_rc,forward,noSNP,10,0.0008457374830852503,19,0.0005294838925426374,L2R2TGE,L2TGE,L2R2TGE / L2TGE,0.6756231237072684,2_3
97,2_40_chr2_27890876_27891263_rc__2_36_chr2_27890876_27891263_rc,forward,SNP,11,0.0009303112313937754,62,0.0017277895440865009,L2R2TGE,L2TGE,L2R2TGE / L2TGE,-0.8931421494860862,2_40
98,2_40_chr2_27890876_27891263_rc__2_36_chr2_27890876_27891263_rc,forward,noSNP,20,0.0016914749661705007,54,0.0015048489577527589,L2R2TGE,L2TGE,L2R2TGE / L2TGE,0.16866313498738544,2_40
99,2_40_chr2_27890876_27891263_rc__2_36_chr2_27890876_27891263_rc,reverse,SNP,15,0.0012686062246278756,68,0.0018949949838368075,L2R2TGE,L2TGE,L2R2TGE / L2TGE,-0.5789497033783292,2_40
100,2_40_chr2_27890876_27891263_rc__2_36_chr2_27890876_27891263_rc,reverse,noSNP,17,0.0014377537212449255,53,0.0014769813844610412,L2R2TGE,L2TGE,L2R2TGE / L2TGE,-0.03883507104936808,2_40
101,2_41_chr2_29114692_29115684_fw__2_37_chr2_29114692_29115684_fw,forward,SNP,10,0.0008457374830852503,144,0.004012930554007357,L2R2TGE,L2TGE,L2R2TGE / L2TGE,-2.246374364291458,2_41
102,2_41_chr2_29114692_29115684_fw__2_37_chr2_29114692_29115684_fw,reverse,SNP,20,0.0016914749661705007,115,0.0032047709285475423,L2R2TGE,L2TGE,L2R2TGE / L2TGE,-0.9219394137935213,2_41
103,2_41_chr2_29114692_29115684_fw__2_37_chr2_29114692_29115684_fw,reverse,noSNP,15,0.0012686062246278756,53,0.0014769813844610412,L2R2TGE,L2TGE,L2R2TGE / L2TGE,-0.21940731669118893,2_41
104,2_42_chr7_158818580_158818984_rc__2_38_chr7_158818580_158818984_rc,forward,SNP,1,8.457374830852504e-05,263,0.0073291717757217704,L2R2TGE,L2TGE,L2R2TGE / L2TGE,-6.43729644702881,2_42
105,2_42_chr7_158818580_158818984_rc__2_38_chr7_158818580_158818984_rc,forward,noSNP,1,8.457374830852504e-05,359,0.010004458811726675,L2R2TGE,L2TGE,L2R2TGE / L2TGE,-6.8862174915595595,2_42
106,2_42_chr7_158818580_158818984_rc__2_38_chr7_158818580_158818984_rc,reverse,SNP,37,0.003129228687415426,313,0.008722550440307657,L2R2TGE,L2TGE,L2R2TGE / L2TGE,-1.4789429390401767,2_42
107,2_42_chr7_158818580_158818984_rc__2_38_chr7_158818580_158818984_rc,reverse,noSNP,34,0.002875507442489851,330,0.00919629918626686,L2R2TGE,L2TGE,L2R2TGE / L2TGE,-1.6772368307319847,2_42
108,2_5_chr12_2959230_2960351_fw,forward,SNP,7,0.0005920162381596753,46,0.0012819083714190169,L2R2TGE,L2TGE,L2R2TGE / L2TGE,-1.1145844917359171,2_5
109,2_5_chr12_2959230_2960351_fw,forward,noSNP,3,0.0002537212449255751,51,0.0014212462378776056,L2R2TGE,L2TGE,L2R2TGE / L2TGE,-2.4858402989868478,2_5
110,2_5_chr12_2959230_2960351_fw,reverse,SNP,4,0.00033829499323410016,38,0.0010589677850852749,L2R2TGE,L2TGE,L2R2TGE / L2TGE,-1.6463049711800937,2_5
111,2_5_chr12_2959230_2960351_fw,reverse,noSNP,1,8.457374830852504e-05,48,0.0013376435180024523,L2R2TGE,L2TGE,L2R2TGE / L2TGE,-3.9833399584576643,2_5
112,2_6_chr12_57611320_57611561_fw,forward,SNP,1,8.457374830852504e-05,52,0.0014491138111693235,L2R2TGE,L2TGE,L2R2TGE / L2TGE,-4.0988171758776,2_6
113,2_6_chr12_57611320_57611561_fw,reverse,SNP,11,0.0009303112313937754,25,0.0006966893322929439,L2R2TGE,L2TGE,L2R2TGE / L2TGE,0.41719797112606427,2_6
114,2_6_chr12_57611320_57611561_fw,reverse,noSNP,9,0.0007611637347767253,29,0.0008081596254598149,L2R2TGE,L2TGE,L2R2TGE / L2TGE,-0.08643345142176799,2_6
115,2_7_chr14_75069209_75069609_rc,forward,SNP,130,0.010994587280108254,382,0.010645412997436184,L2R2TGE,L2TGE,L2R2TGE / L2TGE,0.04656152725619751,2_7
116,2_7_chr14_75069209_75069609_rc,forward,noSNP,12,0.0010148849797023004,42,0.0011704380782521459,L2R2TGE,L2TGE,L2R2TGE / L2TGE,-0.2057323797941125,2_7
117,2_7_chr14_75069209_75069609_rc,reverse,SNP,75,0.006343031123139378,317,0.008834020733474529,L2R2TGE,L2TGE,L2R2TGE / L2TGE,-0.47789779738003463,2_7
118,2_7_chr14_75069209_75069609_rc,reverse,noSNP,4,0.00033829499323410016,44,0.0012261732248355812,L2R2TGE,L2TGE,L2R2TGE / L2TGE,-1.8578090763738053,2_7
119,3,reverse,SNP,6,0.0005074424898511502,82,0.002285141009920856,L2R2TGE,L2TGE,L2R2TGE / L2TGE,-2.1709669616334355,3
120,4,forward,any_SNP,39,0.0032983761840324763,1331,0.037091740051276335,L2R2TGE,L2TGE,L2R2TGE / L2TGE,-3.491270094786152,4
121,4,reverse,any_SNP,188,0.015899864682002707,881,0.024551332070003345,L2R2TGE,L2TGE,L2R2TGE / L2TGE,-0.6267868149792846,4
122,8,any_orientation,any_SNP,55,0.0046515561569688765,442,0.012317467394939248,L2R2TGE,L2TGE,L2R2TGE / L2TGE,-1.4049203036032802,8
123,9,any_orientation,any_SNP,37,0.003129228687415426,2120,0.05907925537844164,L2R2TGE,L2TGE,L2R2TGE / L2TGE,-4.2387726415581195,9
124,CMV,any_orientation,any_SNP,154,0.013024357239512856,107,0.0029818303422138,L2R2TGE,L2TGE,L2R2TGE / L2TGE,2.1269420965572463,CMV
125,SV40,any_orientation,any_SNP,22,0.0018606224627875508,30,0.0008360271987515327,L2R2TGE,L2TGE,L2R2TGE / L2TGE,1.1541635652922704,SV40
126,1_11_chr11_65418158_65418613_bi,forward,noSNP,8,0.0006765899864682003,9,0.0003413487066676781,L2R2TGE,L3TGE,L2R2TGE / L3TGE,0.9870355397260115,1_11
127,1_11_chr11_65418158_65418613_bi,reverse,noSNP,6,0.0005074424898511502,11,0.00041720397481605096,L2R2TGE,L3TGE,L2R2TGE / L3TGE,0.2824914232521828,1_11
128,1_14_chr14_60655620_60656040_bi,reverse,noSNP,1,8.457374830852504e-05,11,0.00041720397481605096,L2R2TGE,L3TGE,L2R2TGE / L3TGE,-2.302471077468973,1_14
129,1_15_chr15_40098659_40099167_bi,forward,noSNP,13,0.0010994587280108254,8,0.0003034210725934916,L2R2TGE,L3TGE,L2R2TGE / L3TGE,1.857400259309416,1_15
130,1_15_chr15_40098659_40099167_bi,reverse,noSNP,34,0.002875507442489851,19,0.0007206250474095426,L2R2TGE,L3TGE,L2R2TGE / L3TGE,1.9964958689750778,1_15
131,1_16_chr16_30805349_30805831_bi,forward,noSNP,354,0.02993910690121786,376,0.014260790411894106,L2R2TGE,L3TGE,L2R2TGE / L3TGE,1.0699772395736837,1_16
132,1_16_chr16_30805349_30805831_bi,reverse,noSNP,191,0.016153585926928282,312,0.011833421831146173,L2R2TGE,L3TGE,L2R2TGE / L3TGE,0.4489871503418244,1_16
133,1_17_chr16_73068918_73069480_bi,forward,noSNP,92,0.007780784844384303,84,0.003185921262231662,L2R2TGE,L3TGE,L2R2TGE / L3TGE,1.2882050744465763,1_17
134,1_17_chr16_73068918_73069480_bi,reverse,noSNP,35,0.002960081190798376,44,0.0016688158992642038,L2R2TGE,L3TGE,L2R2TGE / L3TGE,0.8268119394759931,1_17
135,1_18_chr16_74297506_74297928_bi,forward,noSNP,167,0.01412381596752368,176,0.006675263597056815,L2R2TGE,L3TGE,L2R2TGE / L3TGE,1.081233215005079,1_18
136,1_18_chr16_74297506_74297928_bi,reverse,noSNP,109,0.00921853856562923,192,0.007282105742243799,L2R2TGE,L3TGE,L2R2TGE / L3TGE,0.34018236522409423,1_18
137,1_19_chr16_807619_808176_bi,forward,SNP,10,0.0008457374830852503,20,0.000758552681483729,L2R2TGE,L3TGE,L2R2TGE / L3TGE,0.15696054116832397,1_19
138,1_19_chr16_807619_808176_bi,forward,noSNP,2,0.00016914749661705008,9,0.0003413487066676781,L2R2TGE,L3TGE,L2R2TGE / L3TGE,-1.0129644602739885,1_19
139,1_19_chr16_807619_808176_bi,reverse,SNP,37,0.003129228687415426,13,0.0004930592429644239,L2R2TGE,L3TGE,L2R2TGE / L3TGE,2.6659741886561816,1_19
140,1_19_chr16_807619_808176_bi,reverse,noSNP,33,0.002790933694181326,19,0.0007206250474095426,L2R2TGE,L3TGE,L2R2TGE / L3TGE,1.9534271470831919,1_19
141,1_1_chr1_156748909_156749379_bi,forward,noSNP,11,0.0009303112313937754,66,0.002503223848896306,L2R2TGE,L3TGE,L2R2TGE / L3TGE,-1.4280019595528322,1_1
142,1_20_chr16_87853532_87854041_bi,forward,SNP,9,0.0007611637347767253,11,0.00041720397481605096,L2R2TGE,L3TGE,L2R2TGE / L3TGE,0.8674539239733391,1_20
143,1_20_chr16_87853532_87854041_bi,forward,noSNP,5,0.0004228687415426252,5,0.00018963817037093226,L2R2TGE,L3TGE,L2R2TGE / L3TGE,1.156960541168324,1_20
144,1_20_chr16_87853532_87854041_bi,reverse,SNP,23,0.0019451962110960757,21,0.0007964803155579155,L2R2TGE,L3TGE,L2R2TGE / L3TGE,1.2882050744465763,1_20
145,1_20_chr16_87853532_87854041_bi,reverse,noSNP,29,0.002452638700947226,28,0.0010619737540772207,L2R2TGE,L3TGE,L2R2TGE / L3TGE,1.2075866142382918,1_20
146,1_23_chr2_70142583_70143144_bi,forward,noSNP,645,0.05455006765899865,667,0.025297731927482362,L2R2TGE,L3TGE,L2R2TGE / L3TGE,1.1085729402943556,1_23
147,1_23_chr2_70142583_70143144_bi,reverse,noSNP,87,0.007357916102841678,528,0.020025790791170447,L2R2TGE,L3TGE,L2R2TGE / L3TGE,-1.444490082341401,1_23
148,1_24_chr21_29002584_29003015_bi,forward,noSNP,88,0.007442489851150203,98,0.0037169081392702725,L2R2TGE,L3TGE,L2R2TGE / L3TGE,1.0016823156904129,1_24
149,1_24_chr21_29002584_29003015_bi,reverse,noSNP,37,0.003129228687415426,77,0.0029204278237123567,L2R2TGE,L3TGE,L2R2TGE / L3TGE,0.09962736610237224,1_24
150,1_25_chr22_36465359_36465803_bi,forward,noSNP,52,0.004397834912043302,58,0.0021998027763028144,L2R2TGE,L3TGE,L2R2TGE / L3TGE,0.9994192641818438,1_25
151,1_25_chr22_36465359_36465803_bi,reverse,noSNP,11,0.0009303112313937754,67,0.0025411514829704923,L2R2TGE,L3TGE,L2R2TGE / L3TGE,-1.4496970306521513,1_25
152,1_26_chr22_40651538_40652054_bi,forward,noSNP,45,0.0038058186738836267,453,0.017181218235606463,L2R2TGE,L3TGE,L2R2TGE / L3TGE,-2.174553602548236,1_26
153,1_26_chr22_40651538_40652054_bi,reverse,noSNP,13,0.0010994587280108254,530,0.020101646059318818,L2R2TGE,L3TGE,L2R2TGE / L3TGE,-4.1924482901411455,1_26
154,1_28_chr7_1532728_1533226_bi,forward,noSNP,11,0.0009303112313937754,18,0.0006826974133353562,L2R2TGE,L3TGE,L2R2TGE / L3TGE,0.4464671583633087,1_28
155,1_28_chr7_1532728_1533226_bi,reverse,noSNP,4,0.00033829499323410016,12,0.00045513160889023744,L2R2TGE,L3TGE,L2R2TGE / L3TGE,-0.4280019595528322,1_28
156,1_29_chr7_25856979_25857429_bi,forward,SNP,33,0.002790933694181326,33,0.001251611924448153,L2R2TGE,L3TGE,L2R2TGE / L3TGE,1.1569605411683237,1_29
157,1_29_chr7_25856979_25857429_bi,reverse,SNP,44,0.0037212449255751017,43,0.0016308882651900173,L2R2TGE,L3TGE,L2R2TGE / L3TGE,1.1901274051035236,1_29
158,1_30_chr9_126805681_126806202_bi,forward,noSNP,49,0.004144113667117727,147,0.005575362208905408,L2R2TGE,L3TGE,L2R2TGE / L3TGE,-0.428001959552832,1_30
159,1_30_chr9_126805681_126806202_bi,reverse,noSNP,123,0.01040257104194858,149,0.005651217477053781,L2R2TGE,L3TGE,L2R2TGE / L3TGE,0.8803065260454023,1_30
160,1_5_chr1_33127099_33127603_bi,forward,noSNP,68,0.005751014884979702,261,0.009899112493362665,L2R2TGE,L3TGE,L2R2TGE / L3TGE,-0.7834826141512216,1_5
161,1_5_chr1_33127099_33127603_bi,reverse,noSNP,1,8.457374830852504e-05,246,0.009330197982249867,L2R2TGE,L3TGE,L2R2TGE / L3TGE,-6.785553964170916,1_5
162,1_7_chr10_110211049_110211924_bi,forward,noSNP,84,0.007104194857916103,162,0.006144276720018205,L2R2TGE,L3TGE,L2R2TGE / L3TGE,0.2094279610624595,1_7
163,1_7_chr10_110211049_110211924_bi,reverse,noSNP,65,0.005497293640054127,18,0.0006826974133353562,L2R2TGE,L3TGE,L2R2TGE / L3TGE,3.009403352754466,1_7
164,1_8_chr10_4663047_4663594_bi,forward,noSNP,799,0.0675744248985115,275,0.010430099370401274,L2R2TGE,L3TGE,L2R2TGE / L3TGE,2.6957244256842787,1_8
165,1_8_chr10_4663047_4663594_bi,reverse,noSNP,1,8.457374830852504e-05,344,0.013047106121520139,L2R2TGE,L3TGE,L2R2TGE / L3TGE,-7.269304213533774,1_8
166,1_9_chr10_71860316_71860874_bi,forward,noSNP,29,0.002452638700947226,46,0.0017446711674125768,L2R2TGE,L3TGE,L2R2TGE / L3TGE,0.4913795802388832,1_9
167,1_9_chr10_71860316_71860874_bi,reverse,noSNP,110,0.009303112313937753,26,0.0009861184859288477,L2R2TGE,L3TGE,L2R2TGE / L3TGE,3.2378805365518915,1_9
168,22,any_orientation,any_SNP,255,0.021566305818673883,3778,0.1432906015322764,L2R2TGE,L3TGE,L2R2TGE / L3TGE,-2.732093008361188,22
169,2_10_chr16_3305171_3305501_rc,forward,SNP,242,0.020466847090663057,221,0.008382007130395205,L2R2TGE,L3TGE,L2R2TGE / L3TGE,1.2879212190514868,2_10
170,2_10_chr16_3305171_3305501_rc,forward,noSNP,291,0.024610960757780784,235,0.008912994007433816,L2R2TGE,L3TGE,L2R2TGE / L3TGE,1.465318937511608,2_10
171,2_10_chr16_3305171_3305501_rc,reverse,SNP,1,8.457374830852504e-05,152,0.0057650003792763405,L2R2TGE,L3TGE,L2R2TGE / L3TGE,-6.090966972275261,2_10
172,2_10_chr16_3305171_3305501_rc,reverse,noSNP,134,0.011332882273342355,178,0.006751118865205188,L2R2TGE,L3TGE,L2R2TGE / L3TGE,0.7473163006596986,2_10
173,2_11_chr16_4538333_4538583_rc,reverse,SNP,2,0.00016914749661705008,14,0.0005309868770386104,L2R2TGE,L3TGE,L2R2TGE / L3TGE,-1.6503943808892803,2_11
174,2_12_chr17_58692543_58692822_fw,forward,noSNP,14,0.0011840324763193505,85,0.0032238488963058486,L2R2TGE,L3TGE,L2R2TGE / L3TGE,-1.4450754729117739,2_12
175,2_12_chr17_58692543_58692822_fw,reverse,noSNP,24,0.0020297699594046007,88,0.0033376317985284077,L2R2TGE,L3TGE,L2R2TGE / L3TGE,-0.7175085767478172,2_12
176,2_13_chr19_41397182_41397493_rc,forward,SNP,30,0.002537212449255751,196,0.007433816278540545,L2R2TGE,L3TGE,L2R2TGE / L3TGE,-1.5508587073383657,2_13
177,2_13_chr19_41397182_41397493_rc,forward,noSNP,26,0.002198917456021651,297,0.011264507320033377,L2R2TGE,L3TGE,L2R2TGE / L3TGE,-2.3569188614913497,2_13
178,2_13_chr19_41397182_41397493_rc,reverse,SNP,67,0.005666441136671177,192,0.007282105742243799,L2R2TGE,L3TGE,L2R2TGE / L3TGE,-0.36191276909505987,2_13
179,2_13_chr19_41397182_41397493_rc,reverse,noSNP,101,0.008541948579161029,254,0.009633619054843359,L2R2TGE,L3TGE,L2R2TGE / L3TGE,-0.1735126628520472,2_13
180,2_15_chr3_122793601_122793905_rc,forward,SNP,31,0.0026217861975642762,133,0.005044375331866798,L2R2TGE,L3TGE,L2R2TGE / L3TGE,-0.9441255839459904,2_15
181,2_15_chr3_122793601_122793905_rc,forward,noSNP,18,0.0015223274695534506,114,0.004323750284457256,L2R2TGE,L3TGE,L2R2TGE / L3TGE,-1.5060044715541057,2_15
182,2_15_chr3_122793601_122793905_rc,reverse,SNP,26,0.002198917456021651,72,0.0027307896533414248,L2R2TGE,L3TGE,L2R2TGE / L3TGE,-0.3125247421328965,2_15
183,2_15_chr3_122793601_122793905_rc,reverse,noSNP,28,0.002368064952638701,50,0.0018963817037093225,L2R2TGE,L3TGE,L2R2TGE / L3TGE,0.32045927345120345,2_15
184,2_16_chr6_108562603_108562763_rc,forward,noSNP,189,0.01598443843031123,8,0.0003034210725934916,L2R2TGE,L3TGE,L2R2TGE / L3TGE,5.719202965389397,2_16
185,2_16_chr6_108562603_108562763_rc,reverse,noSNP,83,0.0070196211096075775,8,0.0003034210725934916,L2R2TGE,L3TGE,L2R2TGE / L3TGE,4.531999972515249,2_16
186,2_17_chr7_149685_149919_fw,forward,SNP,12,0.0010148849797023004,77,0.0029204278237123567,L2R2TGE,L3TGE,L2R2TGE / L3TGE,-1.5248634988054213,2_17
187,2_17_chr7_149685_149919_fw,forward,noSNP,5,0.0004228687415426252,70,0.002654934385193052,L2R2TGE,L3TGE,L2R2TGE / L3TGE,-2.65039438088928,2_17
188,2_17_chr7_149685_149919_fw,reverse,SNP,20,0.0016914749661705007,69,0.0026170067511188653,L2R2TGE,L3TGE,L2R2TGE / L3TGE,-0.6296358207224829,2_17
189,2_17_chr7_149685_149919_fw,reverse,noSNP,8,0.0006765899864682003,58,0.0021998027763028144,L2R2TGE,L3TGE,L2R2TGE / L3TGE,-1.7010204539592484,2_17
190,2_18_chr7_26398513_26398756_fw,reverse,SNP,1,8.457374830852504e-05,346,0.013122961389668512,L2R2TGE,L3TGE,L2R2TGE / L3TGE,-7.2776676864684005,2_18
191,2_19_chr7_27168362_27168894_fw,forward,SNP,14,0.0011840324763193505,158,0.0059925661837214594,L2R2TGE,L3TGE,L2R2TGE / L3TGE,-2.339465284951175,2_19
192,2_19_chr7_27168362_27168894_fw,forward,noSNP,1,8.457374830852504e-05,143,0.005423651672608663,L2R2TGE,L3TGE,L2R2TGE / L3TGE,-6.002910795610066,2_19
193,2_19_chr7_27168362_27168894_fw,reverse,SNP,10,0.0008457374830852503,179,0.006789046499279375,L2R2TGE,L3TGE,L2R2TGE / L3TGE,-3.00492714120857,2_19
194,2_19_chr7_27168362_27168894_fw,reverse,noSNP,14,0.0011840324763193505,179,0.006789046499279375,L2R2TGE,L3TGE,L2R2TGE / L3TGE,-2.5195003140383285,2_19
195,2_1_chr10_24208466_24209279_fw,reverse,SNP,3,0.0002537212449255751,6,0.00022756580444511872,L2R2TGE,L3TGE,L2R2TGE / L3TGE,0.1569605411683237,2_1
196,2_20_chr7_7566677_7567687_fw,forward,SNP,10,0.0008457374830852503,5,0.00018963817037093226,L2R2TGE,L3TGE,L2R2TGE / L3TGE,2.156960541168324,2_20
197,2_20_chr7_7566677_7567687_fw,forward,noSNP,25,0.002114343707713126,7,0.0002654934385193052,L2R2TGE,L3TGE,L2R2TGE / L3TGE,2.9934618088854443,2_20
198,2_20_chr7_7566677_7567687_fw,reverse,noSNP,46,0.0038903924221921514,94,0.0035651976029735266,L2R2TGE,L3TGE,L2R2TGE / L3TGE,0.12593364554769926,2_20
199,2_22_chr10_122375105_122375476_rc__2_21_chr10_122375073_122375541_fw,forward,SNP,9,0.0007611637347767253,81,0.0030721383600091027,L2R2TGE,L3TGE,L2R2TGE / L3TGE,-2.0129644602739885,2_22
200,2_22_chr10_122375105_122375476_rc__2_21_chr10_122375073_122375541_fw,forward,noSNP,9,0.0007611637347767253,54,0.0020480922400060685,L2R2TGE,L3TGE,L2R2TGE / L3TGE,-1.4280019595528324,2_22
201,2_22_chr10_122375105_122375476_rc__2_21_chr10_122375073_122375541_fw,reverse,SNP,6,0.0005074424898511502,33,0.001251611924448153,L2R2TGE,L3TGE,L2R2TGE / L3TGE,-1.3024710774689734,2_22
202,2_22_chr10_122375105_122375476_rc__2_21_chr10_122375073_122375541_fw,reverse,noSNP,3,0.0002537212449255751,53,0.002010164605931882,L2R2TGE,L3TGE,L2R2TGE / L3TGE,-2.985997412673719,2_22
203,2_23_chr12_53046798_53047380_fw__2_24_chr12_53046888_53047426_rc,forward,SNP,7,0.0005920162381596753,48,0.0018205264355609498,L2R2TGE,L3TGE,L2R2TGE / L3TGE,-1.6206470374952282,2_23
204,2_32_chr22_44023936_44024267_rc__2_31_chr22_44023811_44024452_fw,forward,SNP,31,0.0026217861975642762,75,0.0028445725555639838,L2R2TGE,L3TGE,L2R2TGE / L3TGE,-0.1176618389406816,2_32
205,2_32_chr22_44023936_44024267_rc__2_31_chr22_44023811_44024452_fw,forward,noSNP,16,0.0013531799729364006,43,0.0016308882651900173,L2R2TGE,L3TGE,L2R2TGE / L3TGE,-0.26930421353377393,2_32
206,2_32_chr22_44023936_44024267_rc__2_31_chr22_44023811_44024452_fw,reverse,SNP,28,0.002368064952638701,63,0.0023894409466737464,L2R2TGE,L3TGE,L2R2TGE / L3TGE,-0.01296446027398844,2_32
207,2_32_chr22_44023936_44024267_rc__2_31_chr22_44023811_44024452_fw,reverse,noSNP,24,0.0020297699594046007,56,0.0021239475081544414,L2R2TGE,L3TGE,L2R2TGE / L3TGE,-0.06543188016812414,2_32
208,2_33_chr5_132369336_132370461_fw__2_34_chr5_132369418_132370280_rc,forward,SNP,7,0.0005920162381596753,29,0.0010999013881514072,L2R2TGE,L3TGE,L2R2TGE / L3TGE,-0.8936655319016441,2_33
209,2_33_chr5_132369336_132370461_fw__2_34_chr5_132369418_132370280_rc,forward,noSNP,26,0.002198917456021651,36,0.0013653948266707124,L2R2TGE,L3TGE,L2R2TGE / L3TGE,0.6874752578671035,2_33
210,2_33_chr5_132369336_132370461_fw__2_34_chr5_132369418_132370280_rc,reverse,SNP,7,0.0005920162381596753,31,0.00117575665629978,L2R2TGE,L3TGE,L2R2TGE / L3TGE,-0.989880847160947,2_33
211,2_33_chr5_132369336_132370461_fw__2_34_chr5_132369418_132370280_rc,reverse,noSNP,1,8.457374830852504e-05,39,0.0014791777288932716,L2R2TGE,L3TGE,L2R2TGE / L3TGE,-4.128441677693925,2_33
212,2_39_chr14_100375283_100375730_rc__2_35_chr14_100375283_100375730_rc,forward,SNP,48,0.0040595399188092015,280,0.010619737540772207,L2R2TGE,L3TGE,L2R2TGE / L3TGE,-1.3873599750554866,2_39
213,2_39_chr14_100375283_100375730_rc__2_35_chr14_100375283_100375730_rc,forward,noSNP,104,0.008795669824086604,281,0.010657665174846393,L2R2TGE,L3TGE,L2R2TGE / L3TGE,-0.27702606091150994,2_39
214,2_39_chr14_100375283_100375730_rc__2_35_chr14_100375283_100375730_rc,reverse,SNP,22,0.0018606224627875508,160,0.006068421451869832,L2R2TGE,L3TGE,L2R2TGE / L3TGE,-1.7055359350817412,2_39
215,2_3_chr10_71888998_71889183_rc,forward,SNP,12,0.0010148849797023004,36,0.0013653948266707124,L2R2TGE,L3TGE,L2R2TGE / L3TGE,-0.42800195955283243,2_3
216,2_3_chr10_71888998_71889183_rc,forward,noSNP,10,0.0008457374830852503,11,0.00041720397481605096,L2R2TGE,L3TGE,L2R2TGE / L3TGE,1.0194570174183888,2_3
217,2_3_chr10_71888998_71889183_rc,reverse,SNP,2,0.00016914749661705008,7,0.0002654934385193052,L2R2TGE,L3TGE,L2R2TGE / L3TGE,-0.6503943808892803,2_3
218,2_40_chr2_27890876_27891263_rc__2_36_chr2_27890876_27891263_rc,forward,SNP,11,0.0009303112313937754,43,0.0016308882651900173,L2R2TGE,L3TGE,L2R2TGE / L3TGE,-0.8098725948964766,2_40
219,2_40_chr2_27890876_27891263_rc__2_36_chr2_27890876_27891263_rc,forward,noSNP,20,0.0016914749661705007,38,0.0014412500948190851,L2R2TGE,L3TGE,L2R2TGE / L3TGE,0.23096112261210086,2_40
220,2_40_chr2_27890876_27891263_rc__2_36_chr2_27890876_27891263_rc,reverse,SNP,15,0.0012686062246278756,44,0.0016688158992642038,L2R2TGE,L3TGE,L2R2TGE / L3TGE,-0.3955804818604547,2_40
221,2_40_chr2_27890876_27891263_rc__2_36_chr2_27890876_27891263_rc,reverse,noSNP,17,0.0014377537212449255,41,0.0015550329970416446,L2R2TGE,L3TGE,L2R2TGE / L3TGE,-0.11312862219942052,2_40
222,2_41_chr2_29114692_29115684_fw__2_37_chr2_29114692_29115684_fw,forward,SNP,10,0.0008457374830852503,87,0.003299704164454221,L2R2TGE,L3TGE,L2R2TGE / L3TGE,-1.9640548597930418,2_41
223,2_41_chr2_29114692_29115684_fw__2_37_chr2_29114692_29115684_fw,reverse,SNP,20,0.0016914749661705007,76,0.0028825001896381703,L2R2TGE,L3TGE,L2R2TGE / L3TGE,-0.7690388773878991,2_41
224,2_41_chr2_29114692_29115684_fw__2_37_chr2_29114692_29115684_fw,reverse,noSNP,15,0.0012686062246278756,45,0.0017067435333383903,L2R2TGE,L3TGE,L2R2TGE / L3TGE,-0.4280019595528322,2_41
225,2_42_chr7_158818580_158818984_rc__2_38_chr7_158818580_158818984_rc,forward,noSNP,1,8.457374830852504e-05,264,0.010012895395585223,L2R2TGE,L3TGE,L2R2TGE / L3TGE,-6.887433578190129,2_42
226,2_42_chr7_158818580_158818984_rc__2_38_chr7_158818580_158818984_rc,reverse,SNP,37,0.003129228687415426,259,0.009823257225214292,L2R2TGE,L3TGE,L2R2TGE / L3TGE,-1.6503943808892803,2_42
227,2_42_chr7_158818580_158818984_rc__2_38_chr7_158818580_158818984_rc,reverse,noSNP,34,0.002875507442489851,236,0.008950921641508004,L2R2TGE,L3TGE,L2R2TGE / L3TGE,-1.638219666943178,2_42
228,2_5_chr12_2959230_2960351_fw,forward,SNP,7,0.0005920162381596753,30,0.0011378290222255935,L2R2TGE,L3TGE,L2R2TGE / L3TGE,-0.9425751323825903,2_5
229,2_5_chr12_2959230_2960351_fw,forward,noSNP,3,0.0002537212449255751,28,0.0010619737540772207,L2R2TGE,L3TGE,L2R2TGE / L3TGE,-2.065431880168124,2_5
230,2_5_chr12_2959230_2960351_fw,reverse,SNP,4,0.00033829499323410016,31,0.00117575665629978,L2R2TGE,L3TGE,L2R2TGE / L3TGE,-1.797235769218551,2_5
231,2_5_chr12_2959230_2960351_fw,reverse,noSNP,1,8.457374830852504e-05,36,0.0013653948266707124,L2R2TGE,L3TGE,L2R2TGE / L3TGE,-4.012964460273988,2_5
232,2_6_chr12_57611320_57611561_fw,forward,SNP,1,8.457374830852504e-05,43,0.0016308882651900173,L2R2TGE,L3TGE,L2R2TGE / L3TGE,-4.269304213533774,2_6
233,2_6_chr12_57611320_57611561_fw,reverse,SNP,11,0.0009303112313937754,16,0.0006068421451869832,L2R2TGE,L3TGE,L2R2TGE / L3TGE,0.6163921598056212,2_6
234,2_6_chr12_57611320_57611561_fw,reverse,noSNP,9,0.0007611637347767253,14,0.0005309868770386104,L2R2TGE,L3TGE,L2R2TGE / L3TGE,0.519530620553032,2_6
235,2_7_chr14_75069209_75069609_rc,forward,SNP,130,0.010994587280108254,275,0.010430099370401274,L2R2TGE,L3TGE,L2R2TGE / L3TGE,0.07604054578475643,2_7
236,2_7_chr14_75069209_75069609_rc,forward,noSNP,12,0.0010148849797023004,27,0.0010240461200030342,L2R2TGE,L3TGE,L2R2TGE / L3TGE,-0.012964460273988601,2_7
237,2_7_chr14_75069209_75069609_rc,reverse,SNP,75,0.006343031123139378,210,0.007964803155579155,L2R2TGE,L3TGE,L2R2TGE / L3TGE,-0.32846628600191785,2_7
238,2_7_chr14_75069209_75069609_rc,reverse,noSNP,4,0.00033829499323410016,22,0.0008344079496321019,L2R2TGE,L3TGE,L2R2TGE / L3TGE,-1.3024710774689732,2_7
239,3,reverse,SNP,6,0.0005074424898511502,41,0.0015550329970416446,L2R2TGE,L3TGE,L2R2TGE / L3TGE,-1.6156289627286038,3
240,4,forward,any_SNP,39,0.0032983761840324763,915,0.03470378517788061,L2R2TGE,L3TGE,L2R2TGE / L3TGE,-3.395265173140833,4
241,4,reverse,any_SNP,188,0.015899864682002707,591,0.022415231737844193,L2R2TGE,L3TGE,L2R2TGE / L3TGE,-0.49546492733157116,4
242,8,any_orientation,any_SNP,55,0.0046515561569688765,291,0.011036941515588258,L2R2TGE,L3TGE,L2R2TGE / L3TGE,-1.2465550882153005,8
243,9,any_orientation,any_SNP,37,0.003129228687415426,1565,0.0593567473261018,L2R2TGE,L3TGE,L2R2TGE / L3TGE,-4.245533035022707,9
244,CMV,any_orientation,any_SNP,154,0.013024357239512856,75,0.0028445725555639838,L2R2TGE,L3TGE,L2R2TGE / L3TGE,2.1949283913673443,CMV
245,SV40,any_orientation,any_SNP,22,0.0018606224627875508,22,0.0008344079496321019,L2R2TGE,L3TGE,L2R2TGE / L3TGE,1.156960541168324,SV40
246,1_11_chr11_65418158_65418613_bi,forward,noSNP,8,0.0006765899864682003,6,0.00022471068499307141,L2R2TGE,L4TGE,L2R2TGE / L4TGE,1.5902130991052639,1_11
247,1_11_chr11_65418158_65418613_bi,reverse,noSNP,6,0.0005074424898511502,15,0.0005617767124826786,L2R2TGE,L4TGE,L2R2TGE / L4TGE,-0.1467524950609425,1_11
248,1_14_chr14_60655620_60656040_bi,reverse,noSNP,1,8.457374830852504e-05,6,0.00022471068499307141,L2R2TGE,L4TGE,L2R2TGE / L4TGE,-1.4097869008947361,1_14
249,1_15_chr15_40098659_40099167_bi,forward,noSNP,13,0.0010994587280108254,6,0.00022471068499307141,L2R2TGE,L4TGE,L2R2TGE / L4TGE,2.290652817246356,1_15
250,1_15_chr15_40098659_40099167_bi,reverse,noSNP,34,0.002875507442489851,12,0.00044942136998614283,L2R2TGE,L4TGE,L2R2TGE / L4TGE,2.677675940355603,1_15
251,1_16_chr16_30805349_30805831_bi,forward,noSNP,354,0.02993910690121786,391,0.01464364630538182,L2R2TGE,L4TGE,L2R2TGE / L4TGE,1.031756352602065,1_16
252,1_16_chr16_30805349_30805831_bi,reverse,noSNP,191,0.016153585926928282,352,0.013183026852926856,L2R2TGE,L4TGE,L2R2TGE / L4TGE,0.2931728092248716,1_16
253,1_17_chr16_73068918_73069480_bi,forward,noSNP,92,0.007780784844384303,66,0.0024718175349237857,L2R2TGE,L4TGE,L2R2TGE / L4TGE,1.6543434365249792,1_17
254,1_17_chr16_73068918_73069480_bi,reverse,noSNP,35,0.002960081190798376,47,0.0017602336991123927,L2R2TGE,L4TGE,L2R2TGE / L4TGE,0.7498697650937489,1_17
255,1_18_chr16_74297506_74297928_bi,forward,noSNP,167,0.01412381596752368,206,0.007715066851428786,L2R2TGE,L4TGE,L2R2TGE / L4TGE,0.8723793651172538,1_18
256,1_18_chr16_74297506_74297928_bi,reverse,noSNP,109,0.00921853856562923,211,0.007902325755589678,L2R2TGE,L4TGE,L2R2TGE / L4TGE,0.2222607358961615,1_18
257,1_19_chr16_807619_808176_bi,forward,SNP,10,0.0008457374830852503,15,0.0005617767124826786,L2R2TGE,L4TGE,L2R2TGE / L4TGE,0.5902130991052638,1_19
258,1_19_chr16_807619_808176_bi,forward,noSNP,2,0.00016914749661705008,8,0.00029961424665742855,L2R2TGE,L4TGE,L2R2TGE / L4TGE,-0.8248244001735799,1_19
259,1_19_chr16_807619_808176_bi,reverse,SNP,37,0.003129228687415426,7,0.00026216246582525,L2R2TGE,L4TGE,L2R2TGE / L4TGE,3.5772740433977654,1_19
260,1_19_chr16_807619_808176_bi,reverse,noSNP,33,0.002790933694181326,22,0.0008239391783079285,L2R2TGE,L4TGE,L2R2TGE / L4TGE,1.760138100547576,1_19
261,1_1_chr1_156748909_156749379_bi,forward,noSNP,11,0.0009303112313937754,68,0.002546721096588143,L2R2TGE,L4TGE,L2R2TGE / L4TGE,-1.4528556227866223,1_1
262,1_20_chr16_87853532_87854041_bi,forward,SNP,9,0.0007611637347767253,14,0.0005243249316505,L2R2TGE,L4TGE,L2R2TGE / L4TGE,0.5377456792111281,1_20
263,1_20_chr16_87853532_87854041_bi,forward,noSNP,5,0.0004228687415426252,5,0.00018725890416089285,L2R2TGE,L4TGE,L2R2TGE / L4TGE,1.17517559982642,1_20
264,1_20_chr16_87853532_87854041_bi,reverse,SNP,23,0.0019451962110960757,20,0.0007490356166435714,L2R2TGE,L4TGE,L2R2TGE / L4TGE,1.3768094609960704,1_20
265,1_20_chr16_87853532_87854041_bi,reverse,noSNP,29,0.002452638700947226,25,0.0009362945208044643,L2R2TGE,L4TGE,L2R2TGE / L4TGE,1.3893004051792672,1_20
266,1_23_chr2_70142583_70143144_bi,forward,SNP,67,0.005666441136671177,54,0.0020223961649376426,L2R2TGE,L4TGE,L2R2TGE / L4TGE,1.4863772881207238,1_23
267,1_23_chr2_70142583_70143144_bi,forward,noSNP,645,0.05455006765899865,649,0.024306205760083893,L2R2TGE,L4TGE,L2R2TGE / L4TGE,1.166256282137898,1_23
268,1_23_chr2_70142583_70143144_bi,reverse,SNP,1,8.457374830852504e-05,13,0.0004868731508183214,L2R2TGE,L4TGE,L2R2TGE / L4TGE,-2.525264118314672,1_23
269,1_23_chr2_70142583_70143144_bi,reverse,noSNP,87,0.007357916102841678,469,0.017564885210291748,L2R2TGE,L4TGE,L2R2TGE / L4TGE,-1.2553250168402283,1_23
270,1_24_chr21_29002584_29003015_bi,forward,noSNP,88,0.007442489851150203,84,0.003145949589903,L2R2TGE,L4TGE,L2R2TGE / L4TGE,1.2422897956849568,1_24
271,1_24_chr21_29002584_29003015_bi,reverse,noSNP,37,0.003129228687415426,76,0.0028463353432455715,L2R2TGE,L4TGE,L2R2TGE / L4TGE,0.13670145201178402,1_24
272,1_25_chr22_36465359_36465803_bi,forward,noSNP,52,0.004397834912043302,52,0.0019474926032732856,L2R2TGE,L4TGE,L2R2TGE / L4TGE,1.17517559982642,1_25
273,1_25_chr22_36465359_36465803_bi,reverse,noSNP,11,0.0009303112313937754,101,0.0037826298640500355,L2R2TGE,L4TGE,L2R2TGE / L4TGE,-2.0236042642880774,1_25
274,1_26_chr22_40651538_40652054_bi,forward,noSNP,45,0.0038058186738836267,458,0.017152915621137785,L2R2TGE,L4TGE,L2R2TGE / L4TGE,-2.1721750919408493,1_26
275,1_26_chr22_40651538_40652054_bi,reverse,noSNP,13,0.0010994587280108254,508,0.019025504662746714,L2R2TGE,L4TGE,L2R2TGE / L4TGE,-4.113069368804654,1_26
276,1_28_chr7_1532728_1533226_bi,forward,noSNP,11,0.0009303112313937754,17,0.0006366802741470357,L2R2TGE,L4TGE,L2R2TGE / L4TGE,0.5471443772133778,1_28
277,1_28_chr7_1532728_1533226_bi,reverse,noSNP,4,0.00033829499323410016,5,0.00018725890416089285,L2R2TGE,L4TGE,L2R2TGE / L4TGE,0.8532475049390577,1_28
278,1_29_chr7_25856979_25857429_bi,forward,SNP,33,0.002790933694181326,20,0.0007490356166435714,L2R2TGE,L4TGE,L2R2TGE / L4TGE,1.897641624297511,1_29
279,1_29_chr7_25856979_25857429_bi,reverse,SNP,44,0.0037212449255751017,46,0.0017227819182802143,L2R2TGE,L4TGE,L2R2TGE / L4TGE,1.1110452624067044,1_29
280,1_30_chr9_126805681_126806202_bi,forward,noSNP,49,0.004144113667117727,110,0.004119695891539643,L2R2TGE,L4TGE,L2R2TGE / L4TGE,0.008525730416968427,1_30
281,1_30_chr9_126805681_126806202_bi,reverse,noSNP,123,0.01040257104194858,130,0.0048687315081832145,L2R2TGE,L4TGE,L2R2TGE / L4TGE,1.0953222921372052,1_30
282,1_5_chr1_33127099_33127603_bi,forward,noSNP,68,0.005751014884979702,264,0.009887270139695143,L2R2TGE,L4TGE,L2R2TGE / L4TGE,-0.7817556782816942,1_5
283,1_5_chr1_33127099_33127603_bi,reverse,noSNP,1,8.457374830852504e-05,280,0.010486498633009999,L2R2TGE,L4TGE,L2R2TGE / L4TGE,-6.954107417118546,1_5
284,1_7_chr10_110211049_110211924_bi,forward,noSNP,84,0.007104194857916103,162,0.006067188494812929,L2R2TGE,L4TGE,L2R2TGE / L4TGE,0.2276430197205555,1_7
285,1_7_chr10_110211049_110211924_bi,reverse,noSNP,65,0.005497293640054127,21,0.00078648739747575,L2R2TGE,L4TGE,L2R2TGE / L4TGE,2.805225990076114,1_7
286,1_8_chr10_4663047_4663594_bi,forward,noSNP,799,0.0675744248985115,280,0.010486498633009999,L2R2TGE,L4TGE,L2R2TGE / L4TGE,2.6879442758094303,1_8
287,1_8_chr10_4663047_4663594_bi,reverse,noSNP,1,8.457374830852504e-05,355,0.013295382195423392,L2R2TGE,L4TGE,L2R2TGE / L4TGE,-7.296499614565624,1_8
288,1_9_chr10_71860316_71860874_bi,forward,noSNP,29,0.002452638700947226,43,0.0016104265757836784,L2R2TGE,L4TGE,L2R2TGE / L4TGE,0.6068918402518942,1_9
289,1_9_chr10_71860316_71860874_bi,reverse,noSNP,110,0.009303112313937753,35,0.0013108123291262499,L2R2TGE,L4TGE,L2R2TGE / L4TGE,2.827252296406113,1_9
290,22,any_orientation,any_SNP,255,0.021566305818673883,3904,0.14621175236882514,L2R2TGE,L4TGE,L2R2TGE / L4TGE,-2.7612083008776085,22
291,2_10_chr16_3305171_3305501_rc,forward,SNP,242,0.020466847090663057,179,0.006703868768959964,L2R2TGE,L4TGE,L2R2TGE / L4TGE,1.610223059836758,2_10
292,2_10_chr16_3305171_3305501_rc,forward,noSNP,291,0.024610960757780784,209,0.00782742219392532,L2R2TGE,L4TGE,L2R2TGE / L4TGE,1.652691810653821,2_10
293,2_10_chr16_3305171_3305501_rc,reverse,SNP,1,8.457374830852504e-05,153,0.005730122467323321,L2R2TGE,L4TGE,L2R2TGE / L4TGE,-6.082212242866231,2_10
294,2_10_chr16_3305171_3305501_rc,reverse,noSNP,134,0.011332882273342355,157,0.005879929590652036,L2R2TGE,L4TGE,L2R2TGE / L4TGE,0.9466440413925653,2_10
295,2_11_chr16_4538333_4538583_rc,reverse,SNP,2,0.00016914749661705008,5,0.00018725890416089285,L2R2TGE,L4TGE,L2R2TGE / L4TGE,-0.14675249506094235,2_11
296,2_11_chr16_4538333_4538583_rc,reverse,noSNP,1,8.457374830852504e-05,6,0.00022471068499307141,L2R2TGE,L4TGE,L2R2TGE / L4TGE,-1.4097869008947361,2_11
297,2_12_chr17_58692543_58692822_fw,forward,noSNP,14,0.0011840324763193505,72,0.002696528219916857,L2R2TGE,L4TGE,L2R2TGE / L4TGE,-1.1873944795582883,2_12
298,2_12_chr17_58692543_58692822_fw,reverse,noSNP,24,0.0020297699594046007,88,0.003295756713231714,L2R2TGE,L4TGE,L2R2TGE / L4TGE,-0.6992935180897211,2_12
299,2_13_chr19_41397182_41397493_rc,forward,SNP,30,0.002537212449255751,260,0.009737463016366429,L2R2TGE,L4TGE,L2R2TGE / L4TGE,-1.9403016175935162,2_13
300,2_13_chr19_41397182_41397493_rc,forward,noSNP,26,0.002198917456021651,297,0.011123178907157036,L2R2TGE,L4TGE,L2R2TGE / L4TGE,-2.338703802833254,2_13
301,2_13_chr19_41397182_41397493_rc,reverse,SNP,67,0.005666441136671177,217,0.00812703644058275,L2R2TGE,L4TGE,L2R2TGE / L4TGE,-0.5202864421602869,2_13
302,2_13_chr19_41397182_41397493_rc,reverse,noSNP,101,0.008541948579161029,265,0.00992472192052732,L2R2TGE,L4TGE,L2R2TGE / L4TGE,-0.21646146687234663,2_13
303,2_15_chr3_122793601_122793905_rc,forward,SNP,31,0.0026217861975642762,102,0.003820081644882214,L2R2TGE,L4TGE,L2R2TGE / L4TGE,-0.5430534317582003,2_15
304,2_15_chr3_122793601_122793905_rc,forward,noSNP,18,0.0015223274695534506,90,0.0033706602748960713,L2R2TGE,L4TGE,L2R2TGE / L4TGE,-1.1467524950609425,2_15
305,2_15_chr3_122793601_122793905_rc,reverse,SNP,26,0.002198917456021651,74,0.0027714317815812142,L2R2TGE,L4TGE,L2R2TGE / L4TGE,-0.33383804766143776,2_15
306,2_15_chr3_122793601_122793905_rc,reverse,noSNP,28,0.002368064952638701,54,0.0020223961649376426,L2R2TGE,L4TGE,L2R2TGE / L4TGE,0.2276430197205555,2_15
307,2_16_chr6_108562603_108562763_rc,forward,noSNP,189,0.01598443843031123,401,0.015018164113703606,L2R2TGE,L4TGE,L2R2TGE / L4TGE,0.08995959759257224,2_16
308,2_16_chr6_108562603_108562763_rc,reverse,noSNP,83,0.0070196211096075775,370,0.013857158907906071,L2R2TGE,L4TGE,L2R2TGE / L4TGE,-0.9811664293429676,2_16
309,2_17_chr7_149685_149919_fw,forward,SNP,12,0.0010148849797023004,72,0.002696528219916857,L2R2TGE,L4TGE,L2R2TGE / L4TGE,-1.4097869008947364,2_17
310,2_17_chr7_149685_149919_fw,forward,noSNP,5,0.0004228687415426252,61,0.0022845586307628928,L2R2TGE,L4TGE,L2R2TGE / L4TGE,-2.433633642849104,2_17
311,2_17_chr7_149685_149919_fw,reverse,SNP,20,0.0016914749661705007,73,0.002733980000749036,L2R2TGE,L4TGE,L2R2TGE / L4TGE,-0.692720864166235,2_17
312,2_17_chr7_149685_149919_fw,reverse,noSNP,8,0.0006765899864682003,36,0.0013482641099584285,L2R2TGE,L4TGE,L2R2TGE / L4TGE,-0.9947494016158923,2_17
313,2_18_chr7_26398513_26398756_fw,reverse,SNP,1,8.457374830852504e-05,349,0.01307067151043032,L2R2TGE,L4TGE,L2R2TGE / L4TGE,-7.271907626383232,2_18
314,2_19_chr7_27168362_27168894_fw,forward,SNP,14,0.0011840324763193505,230,0.008613909591401072,L2R2TGE,L4TGE,L2R2TGE / L4TGE,-2.862959529060351,2_19
315,2_19_chr7_27168362_27168894_fw,forward,noSNP,1,8.457374830852504e-05,141,0.005280701097337179,L2R2TGE,L4TGE,L2R2TGE / L4TGE,-5.964375752572374,2_19
316,2_19_chr7_27168362_27168894_fw,reverse,noSNP,14,0.0011840324763193505,227,0.008501554248904536,L2R2TGE,L4TGE,L2R2TGE / L4TGE,-2.844017965406891,2_19
317,2_1_chr10_24208466_24209279_fw,reverse,SNP,3,0.0002537212449255751,12,0.00044942136998614283,L2R2TGE,L4TGE,L2R2TGE / L4TGE,-0.8248244001735799,2_1
318,2_20_chr7_7566677_7567687_fw,forward,SNP,10,0.0008457374830852503,31,0.0011610052057975356,L2R2TGE,L4TGE,L2R2TGE / L4TGE,-0.4570926156730929,2_20
319,2_20_chr7_7566677_7567687_fw,forward,noSNP,25,0.002114343707713126,68,0.002546721096588143,L2R2TGE,L4TGE,L2R2TGE / L4TGE,-0.26843105164919495,2_20
320,2_20_chr7_7566677_7567687_fw,reverse,noSNP,46,0.0038903924221921514,155,0.005805026028987678,L2R2TGE,L4TGE,L2R2TGE / L4TGE,-0.5773868493908046,2_20
321,2_22_chr10_122375105_122375476_rc__2_21_chr10_122375073_122375541_fw,forward,SNP,9,0.0007611637347767253,73,0.002733980000749036,L2R2TGE,L4TGE,L2R2TGE / L4TGE,-1.844723957611285,2_22
322,2_22_chr10_122375105_122375476_rc__2_21_chr10_122375073_122375541_fw,forward,noSNP,9,0.0007611637347767253,70,0.0026216246582524997,L2R2TGE,L4TGE,L2R2TGE / L4TGE,-1.7841824156762343,2_22
323,2_22_chr10_122375105_122375476_rc__2_21_chr10_122375073_122375541_fw,reverse,SNP,6,0.0005074424898511502,44,0.001647878356615857,L2R2TGE,L4TGE,L2R2TGE / L4TGE,-1.699293518089721,2_22
324,2_22_chr10_122375105_122375476_rc__2_21_chr10_122375073_122375541_fw,reverse,noSNP,3,0.0002537212449255751,42,0.0015729747949515,L2R2TGE,L4TGE,L2R2TGE / L4TGE,-2.6321793222311842,2_22
325,2_23_chr12_53046798_53047380_fw__2_24_chr12_53046888_53047426_rc,forward,SNP,7,0.0005920162381596753,47,0.0017602336991123927,L2R2TGE,L4TGE,L2R2TGE / L4TGE,-1.5720583297936133,2_23
326,2_23_chr12_53046798_53047380_fw__2_24_chr12_53046888_53047426_rc,forward,noSNP,8,0.0006765899864682003,49,0.00183513726077675,L2R2TGE,L4TGE,L2R2TGE / L4TGE,-1.4395342442887882,2_23
327,2_23_chr12_53046798_53047380_fw__2_24_chr12_53046888_53047426_rc,reverse,SNP,14,0.0011840324763193505,54,0.0020223961649376426,L2R2TGE,L4TGE,L2R2TGE / L4TGE,-0.7723569802794444,2_23
328,2_23_chr12_53046798_53047380_fw__2_24_chr12_53046888_53047426_rc,reverse,noSNP,7,0.0005920162381596753,59,0.0022096550690985355,L2R2TGE,L4TGE,L2R2TGE / L4TGE,-1.9001125274778172,2_23
329,2_32_chr22_44023936_44024267_rc__2_31_chr22_44023811_44024452_fw,forward,SNP,31,0.0026217861975642762,77,0.00288378712407775,L2R2TGE,L4TGE,L2R2TGE / L4TGE,-0.1374146304816062,2_32
330,2_32_chr22_44023936_44024267_rc__2_31_chr22_44023811_44024452_fw,forward,noSNP,16,0.0013531799729364006,49,0.00183513726077675,L2R2TGE,L4TGE,L2R2TGE / L4TGE,-0.4395342442887882,2_32
331,2_32_chr22_44023936_44024267_rc__2_31_chr22_44023811_44024452_fw,reverse,SNP,28,0.002368064952638701,62,0.002322010411595071,L2R2TGE,L4TGE,L2R2TGE / L4TGE,0.028334211497148976,2_32
332,2_32_chr22_44023936_44024267_rc__2_31_chr22_44023811_44024452_fw,reverse,noSNP,24,0.0020297699594046007,67,0.002509269315755964,L2R2TGE,L4TGE,L2R2TGE / L4TGE,-0.3059510899101964,2_32
333,2_33_chr5_132369336_132370461_fw__2_34_chr5_132369418_132370280_rc,forward,SNP,7,0.0005920162381596753,29,0.0010861016441331786,L2R2TGE,L4TGE,L2R2TGE / L4TGE,-0.8754504732435481,2_33
334,2_33_chr5_132369336_132370461_fw__2_34_chr5_132369418_132370280_rc,forward,noSNP,26,0.002198917456021651,40,0.0014980712332871428,L2R2TGE,L4TGE,L2R2TGE / L4TGE,0.5536872230801498,2_33
335,2_33_chr5_132369336_132370461_fw__2_34_chr5_132369418_132370280_rc,reverse,SNP,7,0.0005920162381596753,30,0.0011235534249653572,L2R2TGE,L4TGE,L2R2TGE / L4TGE,-0.9243600737244947,2_33
336,2_33_chr5_132369336_132370461_fw__2_34_chr5_132369418_132370280_rc,reverse,noSNP,1,8.457374830852504e-05,48,0.0017976854799445713,L2R2TGE,L4TGE,L2R2TGE / L4TGE,-4.409786900894736,2_33
337,2_39_chr14_100375283_100375730_rc__2_35_chr14_100375283_100375730_rc,forward,SNP,48,0.0040595399188092015,287,0.01074866109883525,L2R2TGE,L4TGE,L2R2TGE / L4TGE,-1.404768826128112,2_39
338,2_39_chr14_100375283_100375730_rc__2_35_chr14_100375283_100375730_rc,forward,noSNP,104,0.008795669824086604,279,0.010449046852177821,L2R2TGE,L4TGE,L2R2TGE / L4TGE,-0.24850599386167557,2_39
339,2_39_chr14_100375283_100375730_rc__2_35_chr14_100375283_100375730_rc,reverse,SNP,22,0.0018606224627875508,179,0.006703868768959964,L2R2TGE,L4TGE,L2R2TGE / L4TGE,-1.8492085588005394,2_39
340,2_39_chr14_100375283_100375730_rc__2_35_chr14_100375283_100375730_rc,reverse,noSNP,22,0.0018606224627875508,237,0.008876072057226321,L2R2TGE,L4TGE,L2R2TGE / L4TGE,-2.254136030434542,2_39
341,2_3_chr10_71888998_71889183_rc,forward,SNP,12,0.0010148849797023004,27,0.0010111980824688213,L2R2TGE,L4TGE,L2R2TGE / L4TGE,0.0052505983841076385,2_3
342,2_3_chr10_71888998_71889183_rc,forward,noSNP,10,0.0008457374830852503,12,0.00044942136998614283,L2R2TGE,L4TGE,L2R2TGE / L4TGE,0.9121411939926262,2_3
343,2_3_chr10_71888998_71889183_rc,reverse,SNP,2,0.00016914749661705008,11,0.00041196958915396426,L2R2TGE,L4TGE,L2R2TGE / L4TGE,-1.2842560188108771,2_3
344,2_40_chr2_27890876_27891263_rc__2_36_chr2_27890876_27891263_rc,forward,SNP,11,0.0009303112313937754,45,0.0016853301374480357,L2R2TGE,L4TGE,L2R2TGE / L4TGE,-0.8572458778659576,2_40
345,2_40_chr2_27890876_27891263_rc__2_36_chr2_27890876_27891263_rc,forward,noSNP,20,0.0016914749661705007,33,0.0012359087674618928,L2R2TGE,L4TGE,L2R2TGE / L4TGE,0.45270957535532874,2_40
346,2_40_chr2_27890876_27891263_rc__2_36_chr2_27890876_27891263_rc,reverse,SNP,15,0.0012686062246278756,64,0.0023969139732594284,L2R2TGE,L4TGE,L2R2TGE / L4TGE,-0.9179338045650616,2_40
347,2_40_chr2_27890876_27891263_rc__2_36_chr2_27890876_27891263_rc,reverse,noSNP,17,0.0014377537212449255,30,0.0011235534249653572,L2R2TGE,L4TGE,L2R2TGE / L4TGE,0.3557478454682406,2_40
348,2_41_chr2_29114692_29115684_fw__2_37_chr2_29114692_29115684_fw,forward,SNP,10,0.0008457374830852503,102,0.003820081644882214,L2R2TGE,L4TGE,L2R2TGE / L4TGE,-2.175321647257713,2_41
349,2_41_chr2_29114692_29115684_fw__2_37_chr2_29114692_29115684_fw,reverse,SNP,20,0.0016914749661705007,90,0.0033706602748960713,L2R2TGE,L4TGE,L2R2TGE / L4TGE,-0.9947494016158923,2_41
350,2_41_chr2_29114692_29115684_fw__2_37_chr2_29114692_29115684_fw,reverse,noSNP,15,0.0012686062246278756,34,0.0012733605482940715,L2R2TGE,L4TGE,L2R2TGE / L4TGE,-0.005396645815400974,2_41
351,2_42_chr7_158818580_158818984_rc__2_38_chr7_158818580_158818984_rc,forward,SNP,1,8.457374830852504e-05,93,0.003483015617392607,L2R2TGE,L4TGE,L2R2TGE / L4TGE,-5.363983211281611,2_42
352,2_42_chr7_158818580_158818984_rc__2_38_chr7_158818580_158818984_rc,forward,noSNP,1,8.457374830852504e-05,115,0.004306954795700536,L2R2TGE,L4TGE,L2R2TGE / L4TGE,-5.670314451117955,2_42
353,2_42_chr7_158818580_158818984_rc__2_38_chr7_158818580_158818984_rc,reverse,SNP,37,0.003129228687415426,75,0.0028088835624133926,L2R2TGE,L4TGE,L2R2TGE / L4TGE,0.1558102749594889,2_42
354,2_42_chr7_158818580_158818984_rc__2_38_chr7_158818580_158818984_rc,reverse,noSNP,34,0.002875507442489851,96,0.0035953709598891426,L2R2TGE,L4TGE,L2R2TGE / L4TGE,-0.322324059644397,2_42
355,2_5_chr12_2959230_2960351_fw,forward,SNP,7,0.0005920162381596753,30,0.0011235534249653572,L2R2TGE,L4TGE,L2R2TGE / L4TGE,-0.9243600737244947,2_5
356,2_5_chr12_2959230_2960351_fw,forward,noSNP,3,0.0002537212449255751,30,0.0011235534249653572,L2R2TGE,L4TGE,L2R2TGE / L4TGE,-2.1467524950609427,2_5
357,2_5_chr12_2959230_2960351_fw,reverse,SNP,4,0.00033829499323410016,27,0.0010111980824688213,L2R2TGE,L4TGE,L2R2TGE / L4TGE,-1.5797119023370483,2_5
358,2_5_chr12_2959230_2960351_fw,reverse,noSNP,1,8.457374830852504e-05,31,0.0011610052057975356,L2R2TGE,L4TGE,L2R2TGE / L4TGE,-3.779020710560455,2_5
359,2_6_chr12_57611320_57611561_fw,forward,SNP,1,8.457374830852504e-05,39,0.0014606194524549641,L2R2TGE,L4TGE,L2R2TGE / L4TGE,-4.110226619035828,2_6
360,2_6_chr12_57611320_57611561_fw,reverse,SNP,11,0.0009303112313937754,23,0.0008613909591401071,L2R2TGE,L4TGE,L2R2TGE / L4TGE,0.11104526240670443,2_6
361,2_6_chr12_57611320_57611561_fw,reverse,noSNP,9,0.0007611637347767253,19,0.0007115838358113929,L2R2TGE,L4TGE,L2R2TGE / L4TGE,0.09717308782514655,2_6
362,2_7_chr14_75069209_75069609_rc,forward,SNP,130,0.010994587280108254,251,0.00940039698887682,L2R2TGE,L4TGE,L2R2TGE / L4TGE,0.22599985890410249,2_7
363,2_7_chr14_75069209_75069609_rc,forward,noSNP,12,0.0010148849797023004,37,0.0013857158907906071,L2R2TGE,L4TGE,L2R2TGE / L4TGE,-0.4493152650813737,2_7
364,2_7_chr14_75069209_75069609_rc,reverse,SNP,75,0.006343031123139378,215,0.008052132878918393,L2R2TGE,L4TGE,L2R2TGE / L4TGE,-0.3441985592671594,2_7
365,2_7_chr14_75069209_75069609_rc,reverse,noSNP,4,0.00033829499323410016,34,0.0012733605482940715,L2R2TGE,L4TGE,L2R2TGE / L4TGE,-1.9122872414239196,2_7
366,3,reverse,SNP,6,0.0005074424898511502,61,0.0022845586307628928,L2R2TGE,L4TGE,L2R2TGE / L4TGE,-2.17059923701531,3
367,4,forward,any_SNP,39,0.0032983761840324763,1020,0.038200816448822145,L2R2TGE,L4TGE,L2R2TGE / L4TGE,-3.5337756181701896,4
368,4,reverse,any_SNP,188,0.015899864682002707,722,0.02704018576083293,L2R2TGE,L4TGE,L2R2TGE / L4TGE,-0.7660905753831136,4
369,8,any_orientation,any_SNP,55,0.0046515561569688765,311,0.011647503838807536,L2R2TGE,L4TGE,L2R2TGE / L4TGE,-1.3242354567795231,8
370,9,any_orientation,any_SNP,37,0.003129228687415426,1569,0.058761844125688176,L2R2TGE,L4TGE,L2R2TGE / L4TGE,-4.231000671512728,9
371,CMV,any_orientation,any_SNP,154,0.013024357239512856,70,0.0026216246582524997,L2R2TGE,L4TGE,L2R2TGE / L4TGE,2.312679123576355,CMV
372,SV40,any_orientation,any_SNP,22,0.0018606224627875508,23,0.0008613909591401071,L2R2TGE,L4TGE,L2R2TGE / L4TGE,1.1110452624067044,SV40
373,1_11_chr11_65418158_65418613_bi,forward,noSNP,8,0.0006765899864682003,9,0.0003250388240817653,L2R2TGE,L5TGE,L2R2TGE / L5TGE,1.0576697750622777,1_11
374,1_11_chr11_65418158_65418613_bi,reverse,noSNP,6,0.0005074424898511502,8,0.0002889233991837914,L2R2TGE,L5TGE,L2R2TGE / L5TGE,0.8125572772257462,1_11
375,1_15_chr15_40098659_40099167_bi,reverse,noSNP,34,0.002875507442489851,11,0.0003972696738777132,L2R2TGE,L5TGE,L2R2TGE / L5TGE,2.855625999117632,1_15
376,1_16_chr16_30805349_30805831_bi,forward,noSNP,354,0.02993910690121786,412,0.014879555057965257,L2R2TGE,L5TGE,L2R2TGE / L5TGE,1.008699799404369,1_16
377,1_16_chr16_30805349_30805831_bi,reverse,noSNP,191,0.016153585926928282,350,0.012640398714290874,L2R2TGE,L5TGE,L2R2TGE / L5TGE,0.35381249270800996,1_16
378,1_17_chr16_73068918_73069480_bi,forward,noSNP,92,0.007780784844384303,75,0.0027086568673480443,L2R2TGE,L5TGE,L2R2TGE / L5TGE,1.522338042065722,1_17
379,1_17_chr16_73068918_73069480_bi,reverse,noSNP,35,0.002960081190798376,52,0.001878002094694644,L2R2TGE,L5TGE,L2R2TGE / L5TGE,0.6564380753084643,1_17
380,1_18_chr16_74297506_74297928_bi,forward,noSNP,167,0.01412381596752368,182,0.0065730073314312545,L2R2TGE,L5TGE,L2R2TGE / L5TGE,1.103504428779946,1_18
381,1_18_chr16_74297506_74297928_bi,reverse,noSNP,109,0.00921853856562923,190,0.0068619307306150455,L2R2TGE,L5TGE,L2R2TGE / L5TGE,0.42592349295056875,1_18
382,1_19_chr16_807619_808176_bi,forward,SNP,10,0.0008457374830852503,15,0.0005417313734696089,L2R2TGE,L5TGE,L2R2TGE / L5TGE,0.6426322757834338,1_19
383,1_19_chr16_807619_808176_bi,forward,noSNP,2,0.00016914749661705008,10,0.00036115424897973926,L2R2TGE,L5TGE,L2R2TGE / L5TGE,-1.0943333183827721,1_19
384,1_19_chr16_807619_808176_bi,reverse,SNP,37,0.003129228687415426,23,0.0008306547726534003,L2R2TGE,L5TGE,L2R2TGE / L5TGE,1.9134861860765269,1_19
385,1_19_chr16_807619_808176_bi,reverse,noSNP,33,0.002790933694181326,26,0.000939001047347322,L2R2TGE,L5TGE,L2R2TGE / L5TGE,1.5715491777219512,1_19
386,1_1_chr1_156748909_156749379_bi,forward,noSNP,11,0.0009303112313937754,44,0.0015890786955108527,L2R2TGE,L5TGE,L2R2TGE / L5TGE,-0.7724052234954099,1_1
387,1_20_chr16_87853532_87854041_bi,forward,SNP,9,0.0007611637347767253,10,0.00036115424897973926,L2R2TGE,L5TGE,L2R2TGE / L5TGE,1.07559168305954,1_20
388,1_20_chr16_87853532_87854041_bi,reverse,SNP,23,0.0019451962110960757,24,0.0008667701975513742,L2R2TGE,L5TGE,L2R2TGE / L5TGE,1.1661942318404468,1_20
389,1_20_chr16_87853532_87854041_bi,reverse,noSNP,29,0.002452638700947226,24,0.0008667701975513742,L2R2TGE,L5TGE,L2R2TGE / L5TGE,1.500613270911006,1_20
390,1_23_chr2_70142583_70143144_bi,forward,SNP,67,0.005666441136671177,46,0.0016613095453068005,L2R2TGE,L5TGE,L2R2TGE / L5TGE,1.7701220109053497,1_23
391,1_23_chr2_70142583_70143144_bi,forward,noSNP,645,0.05455006765899865,671,0.024233450106540502,L2R2TGE,L5TGE,L2R2TGE / L5TGE,1.170581170615023,1_23
392,1_23_chr2_70142583_70143144_bi,reverse,SNP,1,8.457374830852504e-05,7,0.00025280797428581746,L2R2TGE,L5TGE,L2R2TGE / L5TGE,-1.579760145553014,1_23
393,1_23_chr2_70142583_70143144_bi,reverse,noSNP,87,0.007357916102841678,525,0.01896059807143631,L2R2TGE,L5TGE,L2R2TGE / L5TGE,-1.3656353402001666,1_23
394,1_24_chr21_29002584_29003015_bi,forward,noSNP,88,0.007442489851150203,80,0.002889233991837914,L2R2TGE,L5TGE,L2R2TGE / L5TGE,1.365098300254525,1_24
395,1_24_chr21_29002584_29003015_bi,reverse,noSNP,37,0.003129228687415426,70,0.0025280797428581746,L2R2TGE,L5TGE,L2R2TGE / L5TGE,0.3077651251885733,1_24
396,1_25_chr22_36465359_36465803_bi,forward,noSNP,52,0.004397834912043302,53,0.001914117519592618,L2R2TGE,L5TGE,L2R2TGE / L5TGE,1.2001140400824832,1_25
397,1_25_chr22_36465359_36465803_bi,reverse,noSNP,11,0.0009303112313937754,65,0.002347502618368305,L2R2TGE,L5TGE,L2R2TGE / L5TGE,-1.3353414178865668,1_25
398,1_26_chr22_40651538_40652054_bi,forward,noSNP,45,0.0038058186738836267,544,0.019646791144497817,L2R2TGE,L5TGE,L2R2TGE / L5TGE,-2.3680149684160745,1_26
399,1_26_chr22_40651538_40652054_bi,reverse,noSNP,13,0.0010994587280108254,655,0.023655603308172922,L2R2TGE,L5TGE,L2R2TGE / L5TGE,-4.427316601779131,1_26
400,1_28_chr7_1532728_1533226_bi,forward,noSNP,11,0.0009303112313937754,7,0.00025280797428581746,L2R2TGE,L5TGE,L2R2TGE / L5TGE,1.8796714730842834,1_28
401,1_28_chr7_1532728_1533226_bi,reverse,noSNP,4,0.00033829499323410016,10,0.00036115424897973926,L2R2TGE,L5TGE,L2R2TGE / L5TGE,-0.09433331838277213,1_28
402,1_29_chr7_25856979_25857429_bi,forward,SNP,33,0.002790933694181326,23,0.0008306547726534003,L2R2TGE,L5TGE,L2R2TGE / L5TGE,1.7484269398060304,1_29
403,1_29_chr7_25856979_25857429_bi,reverse,SNP,44,0.0037212449255751017,45,0.0016251941204088265,L2R2TGE,L5TGE,L2R2TGE / L5TGE,1.1951732988122128,1_29
404,1_30_chr9_126805681_126806202_bi,forward,noSNP,49,0.004144113667117727,126,0.004550543537144715,L2R2TGE,L5TGE,L2R2TGE / L5TGE,-0.1349753028801182,1_30
405,1_30_chr9_126805681_126806202_bi,reverse,noSNP,123,0.01040257104194858,157,0.005670121708981906,L2R2TGE,L5TGE,L2R2TGE / L5TGE,0.875488532952203,1_30
406,1_5_chr1_33127099_33127603_bi,forward,noSNP,68,0.005751014884979702,272,0.009823395572248908,L2R2TGE,L5TGE,L2R2TGE / L5TGE,-0.7724052234954101,1_5
407,1_5_chr1_33127099_33127603_bi,reverse,noSNP,1,8.457374830852504e-05,271,0.009787280147350934,L2R2TGE,L5TGE,L2R2TGE / L5TGE,-6.854554264849281,1_5
408,1_7_chr10_110211049_110211924_bi,forward,noSNP,84,0.007104194857916103,161,0.005814583408573802,L2R2TGE,L5TGE,L2R2TGE / L5TGE,0.28899532116873344,1_7
409,1_7_chr10_110211049_110211924_bi,reverse,noSNP,65,0.005497293640054127,26,0.000939001047347322,L2R2TGE,L5TGE,L2R2TGE / L5TGE,2.5495228713919524,1_7
410,1_8_chr10_4663047_4663594_bi,forward,noSNP,799,0.0675744248985115,282,0.010184549821228647,L2R2TGE,L5TGE,L2R2TGE / L5TGE,2.7300951170337733,1_8
411,1_8_chr10_4663047_4663594_bi,reverse,noSNP,1,8.457374830852504e-05,367,0.01325436093755643,L2R2TGE,L5TGE,L2R2TGE / L5TGE,-7.292041476338623,1_8
412,1_9_chr10_71860316_71860874_bi,forward,noSNP,29,0.002452638700947226,35,0.0012640398714290873,L2R2TGE,L5TGE,L2R2TGE / L5TGE,0.9562927546871958,1_9
413,1_9_chr10_71860316_71860874_bi,reverse,noSNP,110,0.009303112313937753,44,0.0015890786955108527,L2R2TGE,L5TGE,L2R2TGE / L5TGE,2.5495228713919524,1_9
414,22,any_orientation,any_SNP,255,0.021566305818673883,4173,0.1507096680992452,L2R2TGE,L5TGE,L2R2TGE / L5TGE,-2.804920991899947,22
415,2_10_chr16_3305171_3305501_rc,forward,noSNP,291,0.024610960757780784,300,0.010834627469392177,L2R2TGE,L5TGE,L2R2TGE / L5TGE,1.183651428916993,2_10
416,2_10_chr16_3305171_3305501_rc,reverse,SNP,1,8.457374830852504e-05,173,0.006247968507349489,L2R2TGE,L5TGE,L2R2TGE / L5TGE,-6.207033451132134,2_10
417,2_10_chr16_3305171_3305501_rc,reverse,noSNP,134,0.011332882273342355,191,0.00689804615551302,L2R2TGE,L5TGE,L2R2TGE / L5TGE,0.7162551389266139,2_10
418,2_11_chr16_4538333_4538583_rc,reverse,SNP,2,0.00016914749661705008,15,0.0005417313734696089,L2R2TGE,L5TGE,L2R2TGE / L5TGE,-1.6792958191039287,2_11
419,2_12_chr17_58692543_58692822_fw,forward,noSNP,14,0.0011840324763193505,77,0.0027808877171439923,L2R2TGE,L5TGE,L2R2TGE / L5TGE,-1.2318368421327073,2_12
420,2_12_chr17_58692543_58692822_fw,reverse,noSNP,24,0.0020297699594046007,72,0.0026003105926541226,L2R2TGE,L5TGE,L2R2TGE / L5TGE,-0.35736772421656615,2_12
421,2_13_chr19_41397182_41397493_rc,forward,SNP,30,0.002537212449255751,191,0.00689804615551302,L2R2TGE,L5TGE,L2R2TGE / L5TGE,-1.4429434559226402,2_13
422,2_13_chr19_41397182_41397493_rc,forward,noSNP,26,0.002198917456021651,283,0.010220665246126621,L2R2TGE,L5TGE,L2R2TGE / L5TGE,-2.2166237481862,2_13
423,2_13_chr19_41397182_41397493_rc,reverse,SNP,67,0.005666441136671177,168,0.006067391382859619,L2R2TGE,L5TGE,L2R2TGE / L5TGE,-0.09863345581639762,2_13
424,2_13_chr19_41397182_41397493_rc,reverse,noSNP,101,0.008541948579161029,248,0.008956625374697533,L2R2TGE,L5TGE,L2R2TGE / L5TGE,-0.06839005113049017,2_13
425,2_15_chr3_122793601_122793905_rc,forward,SNP,31,0.0026217861975642762,116,0.004189389288164975,L2R2TGE,L5TGE,L2R2TGE / L5TGE,-0.6761899082361067,2_15
426,2_15_chr3_122793601_122793905_rc,forward,noSNP,18,0.0015223274695534506,104,0.003756004189389288,L2R2TGE,L5TGE,L2R2TGE / L5TGE,-1.3029199401941898,2_15
427,2_15_chr3_122793601_122793905_rc,reverse,SNP,26,0.002198917456021651,83,0.002997580266531836,L2R2TGE,L5TGE,L2R2TGE / L5TGE,-0.4470049367012425,2_15
428,2_15_chr3_122793601_122793905_rc,reverse,noSNP,28,0.002368064952638701,60,0.0021669254938784356,L2R2TGE,L5TGE,L2R2TGE / L5TGE,0.12805910295367565,2_15
429,2_16_chr6_108562603_108562763_rc,forward,noSNP,189,0.01598443843031123,10,0.00036115424897973926,L2R2TGE,L5TGE,L2R2TGE / L5TGE,5.4679091058383005,2_16
430,2_16_chr6_108562603_108562763_rc,reverse,noSNP,83,0.0070196211096075775,9,0.0003250388240817653,L2R2TGE,L5TGE,L2R2TGE / L5TGE,4.432709206409203,2_16
431,2_17_chr7_149685_149919_fw,forward,SNP,12,0.0010148849797023004,77,0.0027808877171439923,L2R2TGE,L5TGE,L2R2TGE / L5TGE,-1.4542292634691552,2_17
432,2_17_chr7_149685_149919_fw,forward,noSNP,5,0.0004228687415426252,71,0.002564195167756149,L2R2TGE,L5TGE,L2R2TGE / L5TGE,-2.60022424811273,2_17
433,2_17_chr7_149685_149919_fw,reverse,SNP,20,0.0016914749661705007,75,0.0027086568673480443,L2R2TGE,L5TGE,L2R2TGE / L5TGE,-0.6792958191039283,2_17
434,2_17_chr7_149685_149919_fw,reverse,noSNP,8,0.0006765899864682003,56,0.0020224637942865397,L2R2TGE,L5TGE,L2R2TGE / L5TGE,-1.579760145553014,2_17
435,2_18_chr7_26398513_26398756_fw,reverse,SNP,1,8.457374830852504e-05,390,0.014085015710209831,L2R2TGE,L5TGE,L2R2TGE / L5TGE,-7.37973553724502,2_18
436,2_19_chr7_27168362_27168894_fw,forward,SNP,14,0.0011840324763193505,157,0.005670121708981906,L2R2TGE,L5TGE,L2R2TGE / L5TGE,-2.259671050329433,2_19
437,2_19_chr7_27168362_27168894_fw,forward,noSNP,1,8.457374830852504e-05,135,0.00487558236122648,L2R2TGE,L5TGE,L2R2TGE / L5TGE,-5.849220820546241,2_19
438,2_19_chr7_27168362_27168894_fw,reverse,SNP,10,0.0008457374830852503,206,0.007439777528982628,L2R2TGE,L5TGE,L2R2TGE / L5TGE,-3.136977655791266,2_19
439,2_19_chr7_27168362_27168894_fw,reverse,noSNP,14,0.0011840324763193505,181,0.00653689190653328,L2R2TGE,L5TGE,L2R2TGE / L5TGE,-2.4648961885210112,2_19
440,2_1_chr10_24208466_24209279_fw,forward,SNP,21,0.0017760487144790258,107,0.00386435046408321,L2R2TGE,L5TGE,L2R2TGE / L5TGE,-1.1215547871177967,2_1
441,2_1_chr10_24208466_24209279_fw,forward,noSNP,21,0.0017760487144790258,78,0.002817003142041966,L2R2TGE,L5TGE,L2R2TGE / L5TGE,-0.6654900195788979,2_1
442,2_1_chr10_24208466_24209279_fw,reverse,SNP,3,0.0002537212449255751,166,0.005995160533063672,L2R2TGE,L5TGE,L2R2TGE / L5TGE,-4.562482154121178,2_1
443,2_20_chr7_7566677_7567687_fw,forward,SNP,10,0.0008457374830852503,34,0.0012279244465311135,L2R2TGE,L5TGE,L2R2TGE / L5TGE,-0.5379399698583872,2_20
444,2_20_chr7_7566677_7567687_fw,forward,noSNP,25,0.002114343707713126,11,0.0003972696738777132,L2R2TGE,L5TGE,L2R2TGE / L5TGE,2.4120193476420173,2_20
445,2_20_chr7_7566677_7567687_fw,reverse,noSNP,46,0.0038903924221921514,158,0.00570623713387988,L2R2TGE,L5TGE,L2R2TGE / L5TGE,-0.5526240156154999,2_20
446,2_22_chr10_122375105_122375476_rc__2_21_chr10_122375073_122375541_fw,forward,SNP,9,0.0007611637347767253,80,0.002889233991837914,L2R2TGE,L5TGE,L2R2TGE / L5TGE,-1.92440831694046,2_22
447,2_22_chr10_122375105_122375476_rc__2_21_chr10_122375073_122375541_fw,forward,noSNP,9,0.0007611637347767253,70,0.0025280797428581746,L2R2TGE,L5TGE,L2R2TGE / L5TGE,-1.731763238998064,2_22
448,2_22_chr10_122375105_122375476_rc__2_21_chr10_122375073_122375541_fw,reverse,SNP,6,0.0005074424898511502,39,0.001408501571020983,L2R2TGE,L5TGE,L2R2TGE / L5TGE,-1.4728449416365021,2_22
449,2_22_chr10_122375105_122375476_rc__2_21_chr10_122375073_122375541_fw,reverse,noSNP,3,0.0002537212449255751,52,0.001878002094694644,L2R2TGE,L5TGE,L2R2TGE / L5TGE,-2.887882440915346,2_22
450,2_23_chr12_53046798_53047380_fw__2_24_chr12_53046888_53047426_rc,forward,SNP,7,0.0005920162381596753,41,0.001480732420816931,L2R2TGE,L5TGE,L2R2TGE / L5TGE,-1.3226023060558896,2_23
451,2_23_chr12_53046798_53047380_fw__2_24_chr12_53046888_53047426_rc,forward,noSNP,8,0.0006765899864682003,54,0.001950232944490592,L2R2TGE,L5TGE,L2R2TGE / L5TGE,-1.5272927256588782,2_23
452,2_23_chr12_53046798_53047380_fw__2_24_chr12_53046888_53047426_rc,reverse,SNP,14,0.0011840324763193505,48,0.0017335403951027485,L2R2TGE,L5TGE,L2R2TGE / L5TGE,-0.5500128021589621,2_23
453,2_23_chr12_53046798_53047380_fw__2_24_chr12_53046888_53047426_rc,reverse,noSNP,7,0.0005920162381596753,51,0.0018418866697966702,L2R2TGE,L5TGE,L2R2TGE / L5TGE,-1.6374756434093012,2_23
454,2_32_chr22_44023936_44024267_rc__2_31_chr22_44023811_44024452_fw,forward,SNP,31,0.0026217861975642762,68,0.002455848893062227,L2R2TGE,L5TGE,L2R2TGE / L5TGE,0.09432824564112582,2_32
455,2_32_chr22_44023936_44024267_rc__2_31_chr22_44023811_44024452_fw,forward,noSNP,16,0.0013531799729364006,50,0.0018057712448986962,L2R2TGE,L5TGE,L2R2TGE / L5TGE,-0.4162614132701345,2_32
456,2_32_chr22_44023936_44024267_rc__2_31_chr22_44023811_44024452_fw,reverse,SNP,28,0.002368064952638701,62,0.002239156343674383,L2R2TGE,L5TGE,L2R2TGE / L5TGE,0.08075338817531903,2_32
457,2_32_chr22_44023936_44024267_rc__2_31_chr22_44023811_44024452_fw,reverse,noSNP,24,0.0020297699594046007,76,0.002744772292246018,L2R2TGE,L5TGE,L2R2TGE / L5TGE,-0.43537023621783916,2_32
458,2_33_chr5_132369336_132370461_fw__2_34_chr5_132369418_132370280_rc,forward,SNP,7,0.0005920162381596753,24,0.0008667701975513742,L2R2TGE,L5TGE,L2R2TGE / L5TGE,-0.5500128021589621,2_33
459,2_33_chr5_132369336_132370461_fw__2_34_chr5_132369418_132370280_rc,forward,noSNP,26,0.002198917456021651,37,0.0013362707212250353,L2R2TGE,L5TGE,L2R2TGE / L5TGE,0.7185811290167324,2_33
460,2_33_chr5_132369336_132370461_fw__2_34_chr5_132369418_132370280_rc,reverse,SNP,7,0.0005920162381596753,23,0.0008306547726534003,L2R2TGE,L5TGE,L2R2TGE / L5TGE,-0.4886122574948185,2_33
461,2_33_chr5_132369336_132370461_fw__2_34_chr5_132369418_132370280_rc,reverse,noSNP,1,8.457374830852504e-05,34,0.0012279244465311135,L2R2TGE,L5TGE,L2R2TGE / L5TGE,-3.8598680647457493,2_33
462,2_39_chr14_100375283_100375730_rc__2_35_chr14_100375283_100375730_rc,forward,SNP,48,0.0040595399188092015,295,0.010654050344902308,L2R2TGE,L5TGE,L2R2TGE / L5TGE,-1.3920138670234574,2_39
463,2_39_chr14_100375283_100375730_rc__2_35_chr14_100375283_100375730_rc,forward,noSNP,104,0.008795669824086604,289,0.010437357795514465,L2R2TGE,L5TGE,L2R2TGE / L5TGE,-0.24689118785499672,2_39
464,2_39_chr14_100375283_100375730_rc__2_35_chr14_100375283_100375730_rc,reverse,SNP,22,0.0018606224627875508,167,0.006031275957961646,L2R2TGE,L5TGE,L2R2TGE / L5TGE,-1.6966778973321648,2_39
465,2_39_chr14_100375283_100375730_rc__2_35_chr14_100375283_100375730_rc,reverse,noSNP,22,0.0018606224627875508,218,0.007873162627758315,L2R2TGE,L5TGE,L2R2TGE / L5TGE,-2.081157929635039,2_39
466,2_3_chr10_71888998_71889183_rc,forward,SNP,12,0.0010148849797023004,37,0.0013362707212250353,L2R2TGE,L5TGE,L2R2TGE / L5TGE,-0.39689608840320373,2_3
467,2_3_chr10_71888998_71889183_rc,forward,noSNP,10,0.0008457374830852503,14,0.0005056159485716349,L2R2TGE,L5TGE,L2R2TGE / L5TGE,0.7421679493343485,2_3
468,2_40_chr2_27890876_27891263_rc__2_36_chr2_27890876_27891263_rc,forward,SNP,11,0.0009303112313937754,54,0.001950232944490592,L2R2TGE,L5TGE,L2R2TGE / L5TGE,-1.067861107021581,2_40
469,2_40_chr2_27890876_27891263_rc__2_36_chr2_27890876_27891263_rc,forward,noSNP,20,0.0016914749661705007,40,0.001444616995918957,L2R2TGE,L5TGE,L2R2TGE / L5TGE,0.22759477650459015,2_40
470,2_40_chr2_27890876_27891263_rc__2_36_chr2_27890876_27891263_rc,reverse,SNP,15,0.0012686062246278756,47,0.0016974249702047745,L2R2TGE,L5TGE,L2R2TGE / L5TGE,-0.4201034795645287,2_40
471,2_40_chr2_27890876_27891263_rc__2_36_chr2_27890876_27891263_rc,reverse,noSNP,17,0.0014377537212449255,32,0.0011556935967351656,L2R2TGE,L5TGE,L2R2TGE / L5TGE,0.3150576177549295,2_40
472,2_41_chr2_29114692_29115684_fw__2_37_chr2_29114692_29115684_fw,forward,SNP,10,0.0008457374830852503,91,0.0032865036657156272,L2R2TGE,L5TGE,L2R2TGE / L5TGE,-1.9582717688067437,2_41
473,2_41_chr2_29114692_29115684_fw__2_37_chr2_29114692_29115684_fw,reverse,SNP,20,0.0016914749661705007,80,0.002889233991837914,L2R2TGE,L5TGE,L2R2TGE / L5TGE,-0.7724052234954099,2_41
474,2_41_chr2_29114692_29115684_fw__2_37_chr2_29114692_29115684_fw,reverse,noSNP,15,0.0012686062246278756,51,0.0018418866697966702,L2R2TGE,L5TGE,L2R2TGE / L5TGE,-0.5379399698583869,2_41
475,2_42_chr7_158818580_158818984_rc__2_38_chr7_158818580_158818984_rc,forward,noSNP,1,8.457374830852504e-05,275,0.00993174184694283,L2R2TGE,L5TGE,L2R2TGE / L5TGE,-6.875693031907431,2_42
476,2_42_chr7_158818580_158818984_rc__2_38_chr7_158818580_158818984_rc,reverse,SNP,37,0.003129228687415426,254,0.009173317924085376,L2R2TGE,L5TGE,L2R2TGE / L5TGE,-1.551636544638626,2_42
477,2_42_chr7_158818580_158818984_rc__2_38_chr7_158818580_158818984_rc,reverse,noSNP,34,0.002875507442489851,230,0.008306547726534002,L2R2TGE,L5TGE,L2R2TGE / L5TGE,-1.5304324331894459,2_42
478,2_5_chr12_2959230_2960351_fw,forward,SNP,7,0.0005920162381596753,33,0.0011918090216331396,L2R2TGE,L5TGE,L2R2TGE / L5TGE,-1.0094444207962592,2_5
479,2_5_chr12_2959230_2960351_fw,forward,noSNP,3,0.0002537212449255751,34,0.0012279244465311135,L2R2TGE,L5TGE,L2R2TGE / L5TGE,-2.274905564024593,2_5
480,2_5_chr12_2959230_2960351_fw,reverse,SNP,4,0.00033829499323410016,41,0.001480732420816931,L2R2TGE,L5TGE,L2R2TGE / L5TGE,-2.1299572281134935,2_5
481,2_5_chr12_2959230_2960351_fw,reverse,noSNP,1,8.457374830852504e-05,38,0.001372386146123009,L2R2TGE,L5TGE,L2R2TGE / L5TGE,-4.020332736938995,2_5
482,2_6_chr12_57611320_57611561_fw,reverse,noSNP,9,0.0007611637347767253,44,0.0015890786955108527,L2R2TGE,L5TGE,L2R2TGE / L5TGE,-1.061911840690395,2_6
483,2_7_chr14_75069209_75069609_rc,forward,SNP,130,0.010994587280108254,320,0.011556935967351656,L2R2TGE,L5TGE,L2R2TGE / L5TGE,-0.07196550535431784,2_7
484,2_7_chr14_75069209_75069609_rc,forward,noSNP,12,0.0010148849797023004,29,0.0010473473220412438,L2R2TGE,L5TGE,L2R2TGE / L5TGE,-0.045423717901825963,2_7
485,2_7_chr14_75069209_75069609_rc,reverse,SNP,75,0.006343031123139378,221,0.007981508902452238,L2R2TGE,L5TGE,L2R2TGE / L5TGE,-0.3314890923909606,2_7
486,2_7_chr14_75069209_75069609_rc,reverse,noSNP,4,0.00033829499323410016,42,0.0015168478457149048,L2R2TGE,L5TGE,L2R2TGE / L5TGE,-2.16472264627417,2_7
487,3,reverse,SNP,6,0.0005074424898511502,70,0.0025280797428581746,L2R2TGE,L5TGE,L2R2TGE / L5TGE,-2.31672573971922,3
488,4,forward,any_SNP,39,0.0032983761840324763,1009,0.03644046372205569,L2R2TGE,L5TGE,L2R2TGE / L5TGE,-3.465713463739519,4
489,4,reverse,any_SNP,188,0.015899864682002707,687,0.024811296904908086,L2R2TGE,L5TGE,L2R2TGE / L5TGE,-0.6419826606358726,4
490,8,any_orientation,any_SNP,55,0.0046515561569688765,358,0.012929322113474665,L2R2TGE,L5TGE,L2R2TGE / L5TGE,-1.4748612872350069,8
491,9,any_orientation,any_SNP,37,0.003129228687415426,1641,0.05926541225757521,L2R2TGE,L5TGE,L2R2TGE / L5TGE,-4.243311381380173,9
492,CMV,any_orientation,any_SNP,154,0.013024357239512856,76,0.002744772292246018,L2R2TGE,L5TGE,L2R2TGE / L5TGE,2.246453803755906,CMV
493,SV40,any_orientation,any_SNP,22,0.0018606224627875508,19,0.0006861930730615045,L2R2TGE,L5TGE,L2R2TGE / L5TGE,1.4390988816983021,SV40
494,1_11_chr11_65418158_65418613_bi,forward,noSNP,8,0.0006765899864682003,16,0.0003843474500948858,L2R2TGE,L6TGE,L2R2TGE / L6TGE,0.815870728287657,1_11
495,1_11_chr11_65418158_65418613_bi,reverse,noSNP,6,0.0005074424898511502,21,0.0005044560282495376,L2R2TGE,L6TGE,L2R2TGE / L6TGE,0.008515806230052898,1_11
496,1_14_chr14_60655620_60656040_bi,reverse,noSNP,1,8.457374830852504e-05,16,0.0003843474500948858,L2R2TGE,L6TGE,L2R2TGE / L6TGE,-2.184129271712343,1_14
497,1_15_chr15_40098659_40099167_bi,forward,noSNP,13,0.0010994587280108254,6,0.00014413029378558217,L2R2TGE,L6TGE,L2R2TGE / L6TGE,2.931347945707593,1_15
498,1_15_chr15_40098659_40099167_bi,reverse,noSNP,34,0.002875507442489851,15,0.0003603257344639554,L2R2TGE,L6TGE,L2R2TGE / L6TGE,2.996442973929478,1_15
499,1_16_chr16_30805349_30805831_bi,forward,noSNP,354,0.02993910690121786,614,0.014749333397391241,L2R2TGE,L6TGE,L2R2TGE / L6TGE,1.0213814330004751,1_16
500,1_16_chr16_30805349_30805831_bi,reverse,noSNP,191,0.016153585926928282,551,0.01323596531264263,L2R2TGE,L6TGE,L2R2TGE / L6TGE,0.28739104775224805,1_16
501,1_17_chr16_73068918_73069480_bi,forward,noSNP,92,0.007780784844384303,114,0.0027384755819260614,L2R2TGE,L6TGE,L2R2TGE / L6TGE,1.506542670179928,1_17
502,1_17_chr16_73068918_73069480_bi,reverse,noSNP,35,0.002960081190798376,43,0.0010329337721300055,L2R2TGE,L6TGE,L2R2TGE / L6TGE,1.5188889905305254,1_17
503,1_18_chr16_74297506_74297928_bi,forward,noSNP,167,0.01412381596752368,291,0.006990319248600735,L2R2TGE,L6TGE,L2R2TGE / L6TGE,1.0146996778534254,1_18
504,1_18_chr16_74297506_74297928_bi,reverse,noSNP,109,0.00921853856562923,16,0.0003843474500948858,L2R2TGE,L6TGE,L2R2TGE / L6TGE,4.584055053064583,1_18
505,1_19_chr16_807619_808176_bi,forward,SNP,10,0.0008457374830852503,17,0.00040836916572581616,L2R2TGE,L6TGE,L2R2TGE / L6TGE,1.0503359819246798,1_19
506,1_19_chr16_807619_808176_bi,forward,noSNP,2,0.00016914749661705008,14,0.00033630401883302503,L2R2TGE,L6TGE,L2R2TGE / L6TGE,-0.9914841937699468,1_19
507,1_19_chr16_807619_808176_bi,reverse,SNP,37,0.003129228687415426,8,0.0001921737250474429,L2R2TGE,L6TGE,L2R2TGE / L6TGE,4.025324093916606,1_19
508,1_19_chr16_807619_808176_bi,reverse,noSNP,33,0.002790933694181326,52,0.0012491292128083789,L2R2TGE,L6TGE,L2R2TGE / L6TGE,1.1598251295050181,1_19
509,1_1_chr1_156748909_156749379_bi,forward,noSNP,11,0.0009303112313937754,108,0.002594345288140479,L2R2TGE,L6TGE,L2R2TGE / L6TGE,-1.4795851552385144,1_1
510,1_20_chr16_87853532_87854041_bi,forward,SNP,9,0.0007611637347767253,18,0.0004323908813567465,L2R2TGE,L6TGE,L2R2TGE / L6TGE,0.815870728287657,1_20
511,1_20_chr16_87853532_87854041_bi,forward,noSNP,5,0.0004228687415426252,14,0.00033630401883302503,L2R2TGE,L6TGE,L2R2TGE / L6TGE,0.33044390111741523,1_20
512,1_20_chr16_87853532_87854041_bi,reverse,SNP,23,0.0019451962110960757,32,0.0007686949001897716,L2R2TGE,L6TGE,L2R2TGE / L6TGE,1.3394326843446698,1_20
513,1_20_chr16_87853532_87854041_bi,reverse,noSNP,29,0.002452638700947226,37,0.0008888034783444234,L2R2TGE,L6TGE,L2R2TGE / L6TGE,1.4643983577862794,1_20
514,1_23_chr2_70142583_70143144_bi,forward,SNP,67,0.005666441136671177,52,0.0012491292128083789,L2R2TGE,L6TGE,L2R2TGE / L6TGE,2.181520200604337,1_23
515,1_23_chr2_70142583_70143144_bi,reverse,SNP,1,8.457374830852504e-05,17,0.00040836916572581616,L2R2TGE,L6TGE,L2R2TGE / L6TGE,-2.2715921129626824,1_23
516,1_23_chr2_70142583_70143144_bi,reverse,noSNP,87,0.007357916102841678,697,0.016743135794758463,L2R2TGE,L6TGE,L2R2TGE / L6TGE,-1.1862006217320378,1_23
517,1_24_chr21_29002584_29003015_bi,forward,noSNP,88,0.007442489851150203,122,0.002930649306973504,L2R2TGE,L6TGE,L2R2TGE / L6TGE,1.344565009362068,1_24
518,1_24_chr21_29002584_29003015_bi,reverse,noSNP,37,0.003129228687415426,116,0.002786519013187922,L2R2TGE,L6TGE,L2R2TGE / L6TGE,0.1673430987890345,1_24
519,1_25_chr22_36465359_36465803_bi,forward,noSNP,52,0.004397834912043302,91,0.0021859761224146627,L2R2TGE,L6TGE,L2R2TGE / L6TGE,1.008515806230053,1_25
520,1_25_chr22_36465359_36465803_bi,reverse,noSNP,11,0.0009303112313937754,139,0.0033390184726993202,L2R2TGE,L6TGE,L2R2TGE / L6TGE,-1.8436387257985531,1_25
521,1_26_chr22_40651538_40652054_bi,forward,noSNP,45,0.0038058186738836267,748,0.01796824329193591,L2R2TGE,L6TGE,L2R2TGE / L6TGE,-2.239170635270305,1_26
522,1_26_chr22_40651538_40652054_bi,reverse,noSNP,13,0.0010994587280108254,868,0.020850849167647553,L2R2TGE,L6TGE,L2R2TGE / L6TGE,-4.24524078601573,1_26
523,1_28_chr7_1532728_1533226_bi,forward,noSNP,11,0.0009303112313937754,12,0.00028826058757116434,L2R2TGE,L6TGE,L2R2TGE / L6TGE,1.6903398462037982,1_28
524,1_28_chr7_1532728_1533226_bi,reverse,noSNP,4,0.00033829499323410016,12,0.00028826058757116434,L2R2TGE,L6TGE,L2R2TGE / L6TGE,0.2309082275665008,1_28
525,1_29_chr7_25856979_25857429_bi,forward,SNP,33,0.002790933694181326,45,0.0010809772033918662,L2R2TGE,L6TGE,L2R2TGE / L6TGE,1.3684117513164358,1_29
526,1_29_chr7_25856979_25857429_bi,reverse,SNP,44,0.0037212449255751017,78,0.001873693819212568,L2R2TGE,L6TGE,L2R2TGE / L6TGE,0.9899001280627061,1_29
527,1_30_chr9_126805681_126806202_bi,forward,noSNP,49,0.004144113667117727,229,0.005500972879483053,L2R2TGE,L6TGE,L2R2TGE / L6TGE,-0.4086232156940787,1_30
528,1_30_chr9_126805681_126806202_bi,reverse,noSNP,123,0.01040257104194858,207,0.004972495135602585,L2R2TGE,L6TGE,L2R2TGE / L6TGE,1.0648982761275714,1_30
529,1_5_chr1_33127099_33127603_bi,forward,noSNP,68,0.005751014884979702,402,0.009656729683634005,L2R2TGE,L6TGE,L2R2TGE / L6TGE,-0.7477181216409322,1_5
530,1_5_chr1_33127099_33127603_bi,reverse,noSNP,1,8.457374830852504e-05,420,0.010089120564990752,L2R2TGE,L6TGE,L2R2TGE / L6TGE,-6.898374789378465,1_5
531,1_7_chr10_110211049_110211924_bi,forward,noSNP,84,0.007104194857916103,230,0.005524994595113983,L2R2TGE,L6TGE,L2R2TGE / L6TGE,0.362698100122042,1_7
532,1_7_chr10_110211049_110211924_bi,reverse,noSNP,65,0.005497293640054127,35,0.0008407600470825626,L2R2TGE,L6TGE,L2R2TGE / L6TGE,2.708955524371145,1_7
533,1_8_chr10_4663047_4663594_bi,forward,noSNP,799,0.0675744248985115,420,0.010089120564990752,L2R2TGE,L6TGE,L2R2TGE / L6TGE,2.743676903549511,1_8
534,1_8_chr10_4663047_4663594_bi,reverse,noSNP,1,8.457374830852504e-05,527,0.0126594441375003,L2R2TGE,L6TGE,L2R2TGE / L6TGE,-7.225788423349558,1_8
535,1_9_chr10_71860316_71860874_bi,forward,noSNP,29,0.002452638700947226,54,0.0012971726440702395,L2R2TGE,L6TGE,L2R2TGE / L6TGE,0.9189642212517606,1_9
536,1_9_chr10_71860316_71860874_bi,reverse,noSNP,110,0.009303112313937753,35,0.0008407600470825626,L2R2TGE,L6TGE,L2R2TGE / L6TGE,3.46794742486735,1_9
537,22,any_orientation,any_SNP,255,0.021566305818673883,6123,0.1470849648081866,L2R2TGE,L6TGE,L2R2TGE / L6TGE,-2.7697988026073603,22
538,2_10_chr16_3305171_3305501_rc,forward,SNP,242,0.020466847090663057,469,0.01126618463090634,L2R2TGE,L6TGE,L2R2TGE / L6TGE,0.8612898530468749,2_10
539,2_10_chr16_3305171_3305501_rc,forward,noSNP,291,0.024610960757780784,463,0.011122054337120758,L2R2TGE,L6TGE,L2R2TGE / L6TGE,1.1458776879357044,2_10
540,2_10_chr16_3305171_3305501_rc,reverse,SNP,1,8.457374830852504e-05,282,0.006774123807922362,L2R2TGE,L6TGE,L2R2TGE / L6TGE,-6.3236806241111365,2_10
541,2_10_chr16_3305171_3305501_rc,reverse,noSNP,134,0.011332882273342355,354,0.008503687333349347,L2R2TGE,L6TGE,L2R2TGE / L6TGE,0.4143543686624321,2_10
542,2_11_chr16_4538333_4538583_rc,reverse,SNP,2,0.00016914749661705008,19,0.00045641259698767686,L2R2TGE,L6TGE,L2R2TGE / L6TGE,-1.4320567851559283,2_11
543,2_11_chr16_4538333_4538583_rc,reverse,noSNP,1,8.457374830852504e-05,14,0.00033630401883302503,L2R2TGE,L6TGE,L2R2TGE / L6TGE,-1.9914841937699468,2_11
544,2_12_chr17_58692543_58692822_fw,forward,SNP,8,0.0006765899864682003,47,0.001129020634653727,L2R2TGE,L6TGE,L2R2TGE / L6TGE,-0.7387181233899803,2_12
545,2_12_chr17_58692543_58692822_fw,forward,noSNP,14,0.0011840324763193505,76,0.0018256503879507074,L2R2TGE,L6TGE,L2R2TGE / L6TGE,-0.6247018630983243,2_12
546,2_12_chr17_58692543_58692822_fw,reverse,SNP,20,0.0016914749661705007,75,0.001801628672319777,L2R2TGE,L6TGE,L2R2TGE / L6TGE,-0.09101986732086163,2_12
547,2_12_chr17_58692543_58692822_fw,reverse,noSNP,24,0.0020297699594046007,80,0.001921737250474429,L2R2TGE,L6TGE,L2R2TGE / L6TGE,0.07890513412145071,2_12
548,2_13_chr19_41397182_41397493_rc,forward,SNP,30,0.002537212449255751,352,0.008455643902087487,L2R2TGE,L6TGE,L2R2TGE / L6TGE,-1.7366702947411214,2_13
549,2_13_chr19_41397182_41397493_rc,forward,noSNP,26,0.002198917456021651,491,0.011794662374786807,L2R2TGE,L6TGE,L2R2TGE / L6TGE,-2.423268767885944,2_13
550,2_13_chr19_41397182_41397493_rc,reverse,SNP,67,0.005666441136671177,331,0.00795118787383795,L2R2TGE,L6TGE,L2R2TGE / L6TGE,-0.4887274880617883,2_13
551,2_13_chr19_41397182_41397493_rc,reverse,noSNP,101,0.008541948579161029,391,0.009392490811693771,L2R2TGE,L6TGE,L2R2TGE / L6TGE,-0.1369425862679005,2_13
552,2_15_chr3_122793601_122793905_rc,forward,SNP,31,0.0026217861975642762,149,0.003579235629008624,L2R2TGE,L6TGE,L2R2TGE / L6TGE,-0.4491014817876293,2_15
553,2_15_chr3_122793601_122793905_rc,forward,noSNP,18,0.0015223274695534506,151,0.0036272790602704845,L2R2TGE,L6TGE,L2R2TGE / L6TGE,-1.2526090095951097,2_15
554,2_15_chr3_122793601_122793905_rc,reverse,SNP,26,0.002198917456021651,119,0.002858584160080713,L2R2TGE,L6TGE,L2R2TGE / L6TGE,-0.3785073168791943,2_15
555,2_15_chr3_122793601_122793905_rc,reverse,noSNP,28,0.002368064952638701,97,0.002330106416200245,L2R2TGE,L6TGE,L2R2TGE / L6TGE,0.023312808158133448,2_15
556,2_16_chr6_108562603_108562763_rc,forward,SNP,167,0.01412381596752368,316,0.007590862139373994,L2R2TGE,L6TGE,L2R2TGE / L6TGE,0.8957942725846062,2_16
557,2_16_chr6_108562603_108562763_rc,forward,noSNP,189,0.01598443843031123,16,0.0003843474500948858,L2R2TGE,L6TGE,L2R2TGE / L6TGE,5.378113152508729,2_16
558,2_16_chr6_108562603_108562763_rc,reverse,SNP,73,0.006173883626522328,8,0.0001921737250474429,L2R2TGE,L6TGE,L2R2TGE / L6TGE,5.005695287167674,2_16
559,2_16_chr6_108562603_108562763_rc,reverse,noSNP,83,0.0070196211096075775,8,0.0001921737250474429,L2R2TGE,L6TGE,L2R2TGE / L6TGE,5.190910159634582,2_16
560,2_17_chr7_149685_149919_fw,forward,SNP,12,0.0010148849797023004,109,0.0026183670037714093,L2R2TGE,L6TGE,L2R2TGE / L6TGE,-1.3673510957681132,2_17
561,2_17_chr7_149685_149919_fw,forward,noSNP,5,0.0004228687415426252,100,0.002402171563093036,L2R2TGE,L6TGE,L2R2TGE / L6TGE,-2.506057366599705,2_17
562,2_17_chr7_149685_149919_fw,reverse,SNP,20,0.0016914749661705007,106,0.0025463018568786184,L2R2TGE,L6TGE,L2R2TGE / L6TGE,-0.5901216313881799,2_17
563,2_17_chr7_149685_149919_fw,reverse,noSNP,8,0.0006765899864682003,90,0.0021619544067837324,L2R2TGE,L6TGE,L2R2TGE / L6TGE,-1.6759823680420174,2_17
564,2_18_chr7_26398513_26398756_fw,reverse,SNP,1,8.457374830852504e-05,629,0.015109659131855198,L2R2TGE,L6TGE,L2R2TGE / L6TGE,-7.481045478591632,2_18
565,2_19_chr7_27168362_27168894_fw,forward,SNP,14,0.0011840324763193505,355,0.008527709048980278,L2R2TGE,L6TGE,L2R2TGE / L6TGE,-2.848449564046783,2_19
566,2_19_chr7_27168362_27168894_fw,forward,noSNP,1,8.457374830852504e-05,223,0.00535684258569747,L2R2TGE,L6TGE,L2R2TGE / L6TGE,-5.985029171632648,2_19
567,2_19_chr7_27168362_27168894_fw,reverse,SNP,10,0.0008457374830852503,436,0.010473468015085637,L2R2TGE,L6TGE,L2R2TGE / L6TGE,-3.630385501601907,2_19
568,2_19_chr7_27168362_27168894_fw,reverse,noSNP,14,0.0011840324763193505,352,0.008455643902087487,L2R2TGE,L6TGE,L2R2TGE / L6TGE,-2.836205968292036,2_19
569,2_1_chr10_24208466_24209279_fw,forward,SNP,21,0.0017760487144790258,149,0.003579235629008624,L2R2TGE,L6TGE,L2R2TGE / L6TGE,-1.0109803693957442,2_1
570,2_1_chr10_24208466_24209279_fw,forward,noSNP,21,0.0017760487144790258,89,0.002137932691152802,L2R2TGE,L6TGE,L2R2TGE / L6TGE,-0.26754527989998034,2_1
571,2_1_chr10_24208466_24209279_fw,reverse,SNP,3,0.0002537212449255751,245,0.005885320329577938,L2R2TGE,L6TGE,L2R2TGE / L6TGE,-4.535804709993757,2_1
572,2_1_chr10_24208466_24209279_fw,reverse,noSNP,2,0.00016914749661705008,215,0.005164668860650028,L2R2TGE,L6TGE,L2R2TGE / L6TGE,-4.932322121301803,2_1
573,2_20_chr7_7566677_7567687_fw,forward,SNP,10,0.0008457374830852503,50,0.001201085781546518,L2R2TGE,L6TGE,L2R2TGE / L6TGE,-0.5060573665997051,2_20
574,2_20_chr7_7566677_7567687_fw,forward,noSNP,25,0.002114343707713126,117,0.0028105407288188523,L2R2TGE,L6TGE,L2R2TGE / L6TGE,-0.4106378015210228,2_20
575,2_20_chr7_7566677_7567687_fw,reverse,noSNP,46,0.0038903924221921514,199,0.004780321410555142,L2R2TGE,L6TGE,L2R2TGE / L6TGE,-0.29719193619897893,2_20
576,2_22_chr10_122375105_122375476_rc__2_21_chr10_122375073_122375541_fw,forward,SNP,9,0.0007611637347767253,129,0.0030988013163900166,L2R2TGE,L6TGE,L2R2TGE / L6TGE,-2.0254315256932847,2_22
577,2_22_chr10_122375105_122375476_rc__2_21_chr10_122375073_122375541_fw,forward,noSNP,9,0.0007611637347767253,128,0.0030747796007590863,L2R2TGE,L6TGE,L2R2TGE / L6TGE,-2.0142042702700307,2_22
578,2_22_chr10_122375105_122375476_rc__2_21_chr10_122375073_122375541_fw,reverse,SNP,6,0.0005074424898511502,74,0.0017776069566888468,L2R2TGE,L6TGE,L2R2TGE / L6TGE,-1.8086201366201367,2_22
579,2_22_chr10_122375105_122375476_rc__2_21_chr10_122375073_122375541_fw,reverse,noSNP,3,0.0002537212449255751,80,0.001921737250474429,L2R2TGE,L6TGE,L2R2TGE / L6TGE,-2.9210948658785494,2_22
580,2_23_chr12_53046798_53047380_fw__2_24_chr12_53046888_53047426_rc,forward,SNP,7,0.0005920162381596753,74,0.0017776069566888468,L2R2TGE,L6TGE,L2R2TGE / L6TGE,-1.5862277152836888,2_23
581,2_23_chr12_53046798_53047380_fw__2_24_chr12_53046888_53047426_rc,forward,noSNP,8,0.0006765899864682003,71,0.0017055418097960556,L2R2TGE,L6TGE,L2R2TGE / L6TGE,-1.333876391217025,2_23
582,2_23_chr12_53046798_53047380_fw__2_24_chr12_53046888_53047426_rc,reverse,SNP,14,0.0011840324763193505,78,0.001873693819212568,L2R2TGE,L6TGE,L2R2TGE / L6TGE,-0.6621765685169871,2_23
583,2_23_chr12_53046798_53047380_fw__2_24_chr12_53046888_53047426_rc,reverse,noSNP,7,0.0005920162381596753,79,0.0018977155348434986,L2R2TGE,L6TGE,L2R2TGE / L6TGE,-1.680555097831842,2_23
584,2_32_chr22_44023936_44024267_rc__2_31_chr22_44023811_44024452_fw,forward,SNP,31,0.0026217861975642762,114,0.0027384755819260614,L2R2TGE,L6TGE,L2R2TGE / L6TGE,-0.0628229754902094,2_32
585,2_32_chr22_44023936_44024267_rc__2_31_chr22_44023811_44024452_fw,forward,noSNP,16,0.0013531799729364006,91,0.0021859761224146627,L2R2TGE,L6TGE,L2R2TGE / L6TGE,-0.6919239119110391,2_32
586,2_32_chr22_44023936_44024267_rc__2_31_chr22_44023811_44024452_fw,reverse,SNP,28,0.002368064952638701,89,0.002137932691152802,L2R2TGE,L6TGE,L2R2TGE / L6TGE,0.1474922193788634,2_32
587,2_32_chr22_44023936_44024267_rc__2_31_chr22_44023811_44024452_fw,reverse,noSNP,24,0.0020297699594046007,107,0.0025703235725095487,L2R2TGE,L6TGE,L2R2TGE / L6TGE,-0.34063375739233376,2_32
588,2_33_chr5_132369336_132370461_fw__2_34_chr5_132369418_132370280_rc,forward,SNP,7,0.0005920162381596753,46,0.0011049989190227967,L2R2TGE,L6TGE,L2R2TGE / L6TGE,-0.9003363057117519,2_33
589,2_33_chr5_132369336_132370461_fw__2_34_chr5_132369418_132370280_rc,forward,noSNP,26,0.002198917456021651,56,0.0013452160753321001,L2R2TGE,L6TGE,L2R2TGE / L6TGE,0.7089555243711452,2_33
590,2_33_chr5_132369336_132370461_fw__2_34_chr5_132369418_132370280_rc,reverse,SNP,7,0.0005920162381596753,39,0.000936846909606284,L2R2TGE,L6TGE,L2R2TGE / L6TGE,-0.6621765685169871,2_33
591,2_33_chr5_132369336_132370461_fw__2_34_chr5_132369418_132370280_rc,reverse,noSNP,1,8.457374830852504e-05,53,0.0012731509284393092,L2R2TGE,L6TGE,L2R2TGE / L6TGE,-3.9120497262755425,2_33
592,2_39_chr14_100375283_100375730_rc__2_35_chr14_100375283_100375730_rc,forward,SNP,48,0.0040595399188092015,441,0.010593576593240289,L2R2TGE,L6TGE,L2R2TGE / L6TGE,-1.3838016165487073,2_39
593,2_39_chr14_100375283_100375730_rc__2_35_chr14_100375283_100375730_rc,forward,noSNP,104,0.008795669824086604,496,0.011914770952941458,L2R2TGE,L6TGE,L2R2TGE / L6TGE,-0.43788586395812606,2_39
594,2_39_chr14_100375283_100375730_rc__2_35_chr14_100375283_100375730_rc,reverse,SNP,22,0.0018606224627875508,321,0.007710970717528646,L2R2TGE,L6TGE,L2R2TGE / L6TGE,-2.051127140197349,2_39
595,2_3_chr10_71888998_71889183_rc,forward,SNP,12,0.0010148849797023004,56,0.0013452160753321001,L2R2TGE,L6TGE,L2R2TGE / L6TGE,-0.40652169304879093,2_3
596,2_3_chr10_71888998_71889183_rc,forward,noSNP,10,0.0008457374830852503,33,0.0007927166158207019,L2R2TGE,L6TGE,L2R2TGE / L6TGE,0.09340470381656608,2_3
597,2_3_chr10_71888998_71889183_rc,reverse,SNP,2,0.00016914749661705008,16,0.0003843474500948858,L2R2TGE,L6TGE,L2R2TGE / L6TGE,-1.184129271712343,2_3
598,2_40_chr2_27890876_27891263_rc__2_36_chr2_27890876_27891263_rc,forward,SNP,11,0.0009303112313937754,68,0.0016334766629032646,L2R2TGE,L6TGE,L2R2TGE / L6TGE,-0.8121604943253852,2_40
599,2_40_chr2_27890876_27891263_rc__2_36_chr2_27890876_27891263_rc,forward,noSNP,20,0.0016914749661705007,59,0.0014172812222248913,L2R2TGE,L6TGE,L2R2TGE / L6TGE,0.2551557738131782,2_40
600,2_40_chr2_27890876_27891263_rc__2_36_chr2_27890876_27891263_rc,reverse,SNP,15,0.0012686062246278756,91,0.0021859761224146627,L2R2TGE,L6TGE,L2R2TGE / L6TGE,-0.7850333163025205,2_40
601,2_40_chr2_27890876_27891263_rc__2_36_chr2_27890876_27891263_rc,reverse,noSNP,17,0.0014377537212449255,37,0.0008888034783444234,L2R2TGE,L6TGE,L2R2TGE / L6TGE,0.6938802039090464,2_40
602,2_41_chr2_29114692_29115684_fw__2_37_chr2_29114692_29115684_fw,forward,SNP,10,0.0008457374830852503,164,0.00393956136347258,L2R2TGE,L6TGE,L2R2TGE / L6TGE,-2.2197531814430644,2_41
603,2_41_chr2_29114692_29115684_fw__2_37_chr2_29114692_29115684_fw,reverse,SNP,20,0.0016914749661705007,136,0.0032669533258065293,L2R2TGE,L6TGE,L2R2TGE / L6TGE,-0.9496640180753203,2_41
604,2_41_chr2_29114692_29115684_fw__2_37_chr2_29114692_29115684_fw,reverse,noSNP,15,0.0012686062246278756,56,0.0013452160753321001,L2R2TGE,L6TGE,L2R2TGE / L6TGE,-0.08459359816142849,2_41
605,2_42_chr7_158818580_158818984_rc__2_38_chr7_158818580_158818984_rc,forward,noSNP,1,8.457374830852504e-05,392,0.009416512527324701,L2R2TGE,L6TGE,L2R2TGE / L6TGE,-6.798839115827551,2_42
606,2_42_chr7_158818580_158818984_rc__2_38_chr7_158818580_158818984_rc,reverse,SNP,37,0.003129228687415426,337,0.008095318167623532,L2R2TGE,L6TGE,L2R2TGE / L6TGE,-1.3712806872652519,2_42
607,2_5_chr12_2959230_2960351_fw,forward,SNP,7,0.0005920162381596753,45,0.0010809772033918662,L2R2TGE,L6TGE,L2R2TGE / L6TGE,-0.8686274459844135,2_5
608,2_5_chr12_2959230_2960351_fw,forward,noSNP,3,0.0002537212449255751,54,0.0012971726440702395,L2R2TGE,L6TGE,L2R2TGE / L6TGE,-2.3540542731546554,2_5
609,2_5_chr12_2959230_2960351_fw,reverse,SNP,4,0.00033829499323410016,49,0.0011770640659155877,L2R2TGE,L6TGE,L2R2TGE / L6TGE,-1.798839115827551,2_5
610,2_5_chr12_2959230_2960351_fw,reverse,noSNP,1,8.457374830852504e-05,61,0.001465324653486752,L2R2TGE,L6TGE,L2R2TGE / L6TGE,-4.1148666092752295,2_5
611,2_6_chr12_57611320_57611561_fw,forward,SNP,1,8.457374830852504e-05,67,0.001609454947272334,L2R2TGE,L6TGE,L2R2TGE / L6TGE,-4.250218462170115,2_6
612,2_6_chr12_57611320_57611561_fw,reverse,SNP,11,0.0009303112313937754,30,0.0007206514689279108,L2R2TGE,L6TGE,L2R2TGE / L6TGE,0.36841175131643583,2_6
613,2_6_chr12_57611320_57611561_fw,reverse,noSNP,9,0.0007611637347767253,35,0.0008407600470825626,L2R2TGE,L6TGE,L2R2TGE / L6TGE,-0.14348728721499715,2_6
614,2_7_chr14_75069209_75069609_rc,forward,noSNP,12,0.0010148849797023004,5,0.00012010857815465181,L2R2TGE,L6TGE,L2R2TGE / L6TGE,3.0789051341214506,2_7
615,2_7_chr14_75069209_75069609_rc,reverse,noSNP,4,0.00033829499323410016,12,0.00028826058757116434,L2R2TGE,L6TGE,L2R2TGE / L6TGE,0.2309082275665008,2_7
616,3,reverse,SNP,6,0.0005074424898511502,77,0.0018496721035816377,L2R2TGE,L6TGE,L2R2TGE / L6TGE,-1.8659533116860882,3
617,4,forward,any_SNP,39,0.0032983761840324763,1491,0.035816378005717166,L2R2TGE,L6TGE,L2R2TGE / L6TGE,-3.440791595133537,4
618,4,reverse,any_SNP,188,0.015899864682002707,979,0.023517259602680824,L2R2TGE,L6TGE,L2R2TGE / L6TGE,-0.5647054696384007,4
619,8,any_orientation,any_SNP,55,0.0046515561569688765,461,0.011074010905858897,L2R2TGE,L6TGE,L2R2TGE / L6TGE,-1.2513924986170215,8
620,9,any_orientation,any_SNP,37,0.003129228687415426,2473,0.059405702755290786,L2R2TGE,L6TGE,L2R2TGE / L6TGE,-4.246722430473331,9
621,CMV,any_orientation,any_SNP,154,0.013024357239512856,101,0.0024261932787239663,L2R2TGE,L6TGE,L2R2TGE / L6TGE,2.4244457862307636,CMV
622,SV40,any_orientation,any_SNP,22,0.0018606224627875508,34,0.0008167383314516323,L2R2TGE,L6TGE,L2R2TGE / L6TGE,1.1878395056746147,SV40
623,1_14_chr14_60655620_60656040_bi,reverse,noSNP,1,8.457374830852504e-05,5,0.00035300762496469926,L2R2TGE,L7TGE,L2R2TGE / L7TGE,-2.061417520642597,1_14
624,1_16_chr16_30805349_30805831_bi,reverse,noSNP,191,0.016153585926928282,7,0.000494210674950579,L2R2TGE,L7TGE,L2R2TGE / L7TGE,5.03058448022291,1_16
625,1_17_chr16_73068918_73069480_bi,forward,noSNP,92,0.007780784844384303,26,0.0018356396498164361,L2R2TGE,L7TGE,L2R2TGE / L7TGE,2.083632812160686,1_17
626,1_17_chr16_73068918_73069480_bi,reverse,noSNP,35,0.002960081190798376,17,0.0012002259248799774,L2R2TGE,L7TGE,L2R2TGE / L7TGE,1.3023307499393921,1_17
627,1_18_chr16_74297506_74297928_bi,forward,noSNP,167,0.01412381596752368,88,0.006212934199378707,L2R2TGE,L7TGE,L2R2TGE / L7TGE,1.1847832480815201,1_18
628,1_18_chr16_74297506_74297928_bi,reverse,noSNP,109,0.00921853856562923,103,0.007271957074272804,L2R2TGE,L7TGE,L2R2TGE / L7TGE,0.3421943718384734,1_18
629,1_19_chr16_807619_808176_bi,reverse,noSNP,33,0.002790933694181326,15,0.0010590228748940977,L2R2TGE,L7TGE,L2R2TGE / L7TGE,1.3980140979947,1_19
630,1_1_chr1_156748909_156749379_bi,forward,noSNP,11,0.0009303112313937754,25,0.0017650381248234962,L2R2TGE,L7TGE,L2R2TGE / L7TGE,-0.923913996892662,1_1
631,1_20_chr16_87853532_87854041_bi,reverse,SNP,23,0.0019451962110960757,9,0.0006354137249364587,L2R2TGE,L7TGE,L2R2TGE / L7TGE,1.6141475288594656,1_20
632,1_20_chr16_87853532_87854041_bi,reverse,noSNP,29,0.002452638700947226,19,0.001341428974865857,L2R2TGE,L7TGE,L2R2TGE / L7TGE,0.870564055928752,1_20
633,1_23_chr2_70142583_70143144_bi,forward,SNP,67,0.005666441136671177,30,0.0021180457497881953,L2R2TGE,L7TGE,L2R2TGE / L7TGE,1.4197091690940193,1_23
634,1_23_chr2_70142583_70143144_bi,forward,noSNP,645,0.05455006765899865,328,0.02315730019768427,L2R2TGE,L7TGE,L2R2TGE / L7TGE,1.2361139199372981,1_23
635,1_23_chr2_70142583_70143144_bi,reverse,SNP,1,8.457374830852504e-05,5,0.00035300762496469926,L2R2TGE,L7TGE,L2R2TGE / L7TGE,-2.061417520642597,1_23
636,1_23_chr2_70142583_70143144_bi,reverse,noSNP,87,0.007357916102841678,250,0.017650381248234964,L2R2TGE,L7TGE,L2R2TGE / L7TGE,-1.2623302145685937,1_23
637,1_24_chr21_29002584_29003015_bi,forward,noSNP,88,0.007442489851150203,52,0.0036712792996328723,L2R2TGE,L7TGE,L2R2TGE / L7TGE,1.0195024747409702,1_24
638,1_24_chr21_29002584_29003015_bi,reverse,noSNP,37,0.003129228687415426,49,0.0034594747246540526,L2R2TGE,L7TGE,L2R2TGE / L7TGE,-0.14474590424149317,1_24
639,1_25_chr22_36465359_36465803_bi,forward,noSNP,52,0.004397834912043302,23,0.0016238350748376165,L2R2TGE,L7TGE,L2R2TGE / L7TGE,1.4373883363288447,1_25
640,1_25_chr22_36465359_36465803_bi,reverse,noSNP,11,0.0009303112313937754,36,0.0025416548997458347,L2R2TGE,L7TGE,L2R2TGE / L7TGE,-1.4499828085602497,1_25
641,1_26_chr22_40651538_40652054_bi,forward,noSNP,45,0.0038058186738836267,218,0.015391132448460887,L2R2TGE,L7TGE,L2R2TGE / L7TGE,-2.015820654202486,1_26
642,1_26_chr22_40651538_40652054_bi,reverse,noSNP,13,0.0010994587280108254,331,0.023369104772663088,L2R2TGE,L7TGE,L2R2TGE / L7TGE,-4.40973711442136,1_26
643,1_28_chr7_1532728_1533226_bi,forward,noSNP,11,0.0009303112313937754,13,0.0009178198249082181,L2R2TGE,L7TGE,L2R2TGE / L7TGE,0.019502474740970204,1_28
644,1_28_chr7_1532728_1533226_bi,reverse,noSNP,4,0.00033829499323410016,8,0.0005648121999435188,L2R2TGE,L7TGE,L2R2TGE / L7TGE,-0.7394894257552347,1_28
645,1_29_chr7_25856979_25857429_bi,forward,SNP,33,0.002790933694181326,14,0.000988421349901158,L2R2TGE,L7TGE,L2R2TGE / L7TGE,1.4975497715456145,1_29
646,1_29_chr7_25856979_25857429_bi,reverse,SNP,44,0.0037212449255751017,19,0.001341428974865857,L2R2TGE,L7TGE,L2R2TGE / L7TGE,1.4720146794384772,1_29
647,1_30_chr9_126805681_126806202_bi,forward,noSNP,49,0.004144113667117727,58,0.004094888449590511,L2R2TGE,L7TGE,L2R2TGE / L7TGE,0.017239423232401328,1_30
648,1_30_chr9_126805681_126806202_bi,reverse,noSNP,123,0.01040257104194858,70,0.004942106749505789,L2R2TGE,L7TGE,L2R2TGE / L7TGE,1.0737420626390388,1_30
649,1_5_chr1_33127099_33127603_bi,forward,noSNP,68,0.005751014884979702,143,0.010096018073990399,L2R2TGE,L7TGE,L2R2TGE / L7TGE,-0.8118979212832851,1_5
650,1_5_chr1_33127099_33127603_bi,reverse,noSNP,1,8.457374830852504e-05,145,0.010237221123976278,L2R2TGE,L7TGE,L2R2TGE / L7TGE,-6.919398515770169,1_5
651,1_7_chr10_110211049_110211924_bi,forward,noSNP,84,0.007104194857916103,91,0.006424738774357526,L2R2TGE,L7TGE,L2R2TGE / L7TGE,0.1450333568248294,1_7
652,1_7_chr10_110211049_110211924_bi,reverse,noSNP,65,0.005497293640054127,11,0.0007766167749223384,L2R2TGE,L7TGE,L2R2TGE / L7TGE,2.8234467686359226,1_7
653,1_8_chr10_4663047_4663594_bi,forward,noSNP,799,0.0675744248985115,148,0.010449025698955098,L2R2TGE,L7TGE,L2R2TGE / L7TGE,2.693108901543792,1_8
654,1_8_chr10_4663047_4663594_bi,reverse,noSNP,1,8.457374830852504e-05,186,0.013131883648686811,L2R2TGE,L7TGE,L2R2TGE / L7TGE,-7.278648236863266,1_8
655,1_9_chr10_71860316_71860874_bi,forward,noSNP,29,0.002452638700947226,25,0.0017650381248234962,L2R2TGE,L7TGE,L2R2TGE / L7TGE,0.4746353795976128,1_9
656,1_9_chr10_71860316_71860874_bi,reverse,noSNP,110,0.009303112313937753,18,0.0012708274498729173,L2R2TGE,L7TGE,L2R2TGE / L7TGE,2.8719452863271124,1_9
657,22,any_orientation,any_SNP,255,0.021566305818673883,2198,0.1551821519344818,L2R2TGE,L7TGE,L2R2TGE / L7TGE,-2.847111659845608,22
658,2_10_chr16_3305171_3305501_rc,forward,SNP,242,0.020466847090663057,107,0.007554363174244564,L2R2TGE,L7TGE,L2R2TGE / L7TGE,1.4379068251182128,2_10
659,2_10_chr16_3305171_3305501_rc,forward,noSNP,291,0.024610960757780784,170,0.012002259248799774,L2R2TGE,L7TGE,L2R2TGE / L7TGE,1.0359949810153473,2_10
660,2_10_chr16_3305171_3305501_rc,reverse,SNP,1,8.457374830852504e-05,101,0.0071307540242869245,L2R2TGE,L7TGE,L2R2TGE / L7TGE,-6.397700908507029,2_10
661,2_10_chr16_3305171_3305501_rc,reverse,noSNP,134,0.011332882273342355,105,0.007413160124258684,L2R2TGE,L7TGE,L2R2TGE / L7TGE,0.6123542470364151,2_10
662,2_11_chr16_4538333_4538583_rc,reverse,noSNP,1,8.457374830852504e-05,6,0.0004236091499576391,L2R2TGE,L7TGE,L2R2TGE / L7TGE,-2.324451926476391,2_11
663,2_12_chr17_58692543_58692822_fw,forward,SNP,8,0.0006765899864682003,27,0.0019062411748093759,L2R2TGE,L7TGE,L2R2TGE / L7TGE,-1.4943769279187031,2_12
664,2_12_chr17_58692543_58692822_fw,forward,noSNP,14,0.0011840324763193505,20,0.001412030499858797,L2R2TGE,L7TGE,L2R2TGE / L7TGE,-0.254062598584993,2_12
665,2_12_chr17_58692543_58692822_fw,reverse,SNP,20,0.0016914749661705007,37,0.0026122564247387744,L2R2TGE,L7TGE,L2R2TGE / L7TGE,-0.6270146964968223,2_12
666,2_12_chr17_58692543_58692822_fw,reverse,noSNP,24,0.0020297699594046007,18,0.0012708274498729173,L2R2TGE,L7TGE,L2R2TGE / L7TGE,0.6755480735236089,2_12
667,2_13_chr19_41397182_41397493_rc,forward,SNP,30,0.002537212449255751,112,0.007907370799209263,L2R2TGE,L7TGE,L2R2TGE / L7TGE,-1.6399537522043202,2_13
668,2_13_chr19_41397182_41397493_rc,forward,noSNP,26,0.002198917456021651,156,0.011013837898898616,L2R2TGE,L7TGE,L2R2TGE / L7TGE,-2.324451926476391,2_13
669,2_13_chr19_41397182_41397493_rc,reverse,SNP,67,0.005666441136671177,110,0.007766167749223383,L2R2TGE,L7TGE,L2R2TGE / L7TGE,-0.4547599488221218,2_13
670,2_13_chr19_41397182_41397493_rc,reverse,noSNP,101,0.008541948579161029,139,0.009813611974018638,L2R2TGE,L7TGE,L2R2TGE / L7TGE,-0.20021901572694736,2_13
671,2_15_chr3_122793601_122793905_rc,forward,SNP,31,0.0026217861975642762,60,0.004236091499576391,L2R2TGE,L7TGE,L2R2TGE / L7TGE,-0.6921837109768778,2_15
672,2_15_chr3_122793601_122793905_rc,forward,noSNP,18,0.0015223274695534506,55,0.0038830838746116915,L2R2TGE,L7TGE,L2R2TGE / L7TGE,-1.350924137837582,2_15
673,2_15_chr3_122793601_122793905_rc,reverse,SNP,26,0.002198917456021651,40,0.002824060999717594,L2R2TGE,L7TGE,L2R2TGE / L7TGE,-0.360977802501505,2_15
674,2_15_chr3_122793601_122793905_rc,reverse,noSNP,28,0.002368064952638701,27,0.0019062411748093759,L2R2TGE,L7TGE,L2R2TGE / L7TGE,0.31297799413890076,2_15
675,2_16_chr6_108562603_108562763_rc,forward,SNP,167,0.01412381596752368,118,0.008330979949166902,L2R2TGE,L7TGE,L2R2TGE / L7TGE,0.7615718173569762,2_16
676,2_16_chr6_108562603_108562763_rc,forward,noSNP,189,0.01598443843031123,105,0.007413160124258684,L2R2TGE,L7TGE,L2R2TGE / L7TGE,1.1085074807997153,2_16
677,2_16_chr6_108562603_108562763_rc,reverse,SNP,73,0.006173883626522328,91,0.006424738774357526,L2R2TGE,L7TGE,L2R2TGE / L7TGE,-0.05745950707391372,2_16
678,2_16_chr6_108562603_108562763_rc,reverse,noSNP,83,0.0070196211096075775,83,0.005859926574414007,L2R2TGE,L7TGE,L2R2TGE / L7TGE,0.2605105742447653,2_16
679,2_17_chr7_149685_149919_fw,forward,SNP,12,0.0010148849797023004,37,0.0026122564247387744,L2R2TGE,L7TGE,L2R2TGE / L7TGE,-1.3639802906630283,2_17
680,2_17_chr7_149685_149919_fw,forward,noSNP,5,0.0004228687415426252,34,0.0024004518497599547,L2R2TGE,L7TGE,L2R2TGE / L7TGE,-2.505024172118212,2_17
681,2_17_chr7_149685_149919_fw,reverse,SNP,20,0.0016914749661705007,39,0.002753459474724654,L2R2TGE,L7TGE,L2R2TGE / L7TGE,-0.7029635497301205,2_17
682,2_17_chr7_149685_149919_fw,reverse,noSNP,8,0.0006765899864682003,29,0.0020474442247952556,L2R2TGE,L7TGE,L2R2TGE / L7TGE,-1.5974704208828068,2_17
683,2_18_chr7_26398513_26398756_fw,reverse,SNP,1,8.457374830852504e-05,241,0.017014967523298504,L2R2TGE,L7TGE,L2R2TGE / L7TGE,-7.652378761985196,2_18
684,2_19_chr7_27168362_27168894_fw,forward,SNP,14,0.0011840324763193505,6,0.0004236091499576391,L2R2TGE,L7TGE,L2R2TGE / L7TGE,1.4829029955812132,2_19
685,2_19_chr7_27168362_27168894_fw,reverse,SNP,10,0.0008457374830852503,7,0.000494210674950579,L2R2TGE,L7TGE,L2R2TGE / L7TGE,0.7750837470745234,2_19
686,2_19_chr7_27168362_27168894_fw,reverse,noSNP,14,0.0011840324763193505,8,0.0005648121999435188,L2R2TGE,L7TGE,L2R2TGE / L7TGE,1.0678654963023695,2_19
687,2_1_chr10_24208466_24209279_fw,forward,SNP,21,0.0017760487144790258,41,0.002894662524710534,L2R2TGE,L7TGE,L2R2TGE / L7TGE,-0.7047240075945582,2_1
688,2_20_chr7_7566677_7567687_fw,forward,SNP,10,0.0008457374830852503,15,0.0010590228748940977,L2R2TGE,L7TGE,L2R2TGE / L7TGE,-0.3244519264763909,2_20
689,2_20_chr7_7566677_7567687_fw,forward,noSNP,25,0.002114343707713126,37,0.0026122564247387744,L2R2TGE,L7TGE,L2R2TGE / L7TGE,-0.3050866016094599,2_20
690,2_20_chr7_7566677_7567687_fw,reverse,noSNP,46,0.0038903924221921514,69,0.004871505224512849,L2R2TGE,L7TGE,L2R2TGE / L7TGE,-0.3244519264763909,2_20
691,2_22_chr10_122375105_122375476_rc__2_21_chr10_122375073_122375541_fw,forward,SNP,9,0.0007611637347767253,49,0.0034594747246540526,L2R2TGE,L7TGE,L2R2TGE / L7TGE,-2.1842742684281307,2_22
692,2_22_chr10_122375105_122375476_rc__2_21_chr10_122375073_122375541_fw,forward,noSNP,9,0.0007611637347767253,41,0.002894662524710534,L2R2TGE,L7TGE,L2R2TGE / L7TGE,-1.9271164289310063,2_22
693,2_22_chr10_122375105_122375476_rc__2_21_chr10_122375073_122375541_fw,reverse,SNP,6,0.0005074424898511502,17,0.0012002259248799774,L2R2TGE,L7TGE,L2R2TGE / L7TGE,-1.241989766284418,2_22
694,2_22_chr10_122375105_122375476_rc__2_21_chr10_122375073_122375541_fw,reverse,noSNP,3,0.0002537212449255751,28,0.001976842699802316,L2R2TGE,L7TGE,L2R2TGE / L7TGE,-2.961881847091683,2_22
695,2_23_chr12_53046798_53047380_fw__2_24_chr12_53046888_53047426_rc,forward,SNP,7,0.0005920162381596753,24,0.0016944365998305564,L2R2TGE,L7TGE,L2R2TGE / L7TGE,-1.5170970044187868,2_23
696,2_23_chr12_53046798_53047380_fw__2_24_chr12_53046888_53047426_rc,forward,noSNP,8,0.0006765899864682003,23,0.0016238350748376165,L2R2TGE,L7TGE,L2R2TGE / L7TGE,-1.2630513818122475,2_23
697,2_23_chr12_53046798_53047380_fw__2_24_chr12_53046888_53047426_rc,reverse,SNP,14,0.0011840324763193505,30,0.0021180457497881953,L2R2TGE,L7TGE,L2R2TGE / L7TGE,-0.8390250993061489,2_23
698,2_23_chr12_53046798_53047380_fw__2_24_chr12_53046888_53047426_rc,reverse,noSNP,7,0.0005920162381596753,28,0.001976842699802316,L2R2TGE,L7TGE,L2R2TGE / L7TGE,-1.7394894257552347,2_23
699,2_32_chr22_44023936_44024267_rc__2_31_chr22_44023811_44024452_fw,forward,SNP,31,0.0026217861975642762,44,0.0031064670996893535,L2R2TGE,L7TGE,L2R2TGE / L7TGE,-0.24472473400565684,2_32
700,2_32_chr22_44023936_44024267_rc__2_31_chr22_44023811_44024452_fw,forward,noSNP,16,0.0013531799729364006,25,0.0017650381248234962,L2R2TGE,L7TGE,L2R2TGE / L7TGE,-0.3833456155299594,2_32
701,2_32_chr22_44023936_44024267_rc__2_31_chr22_44023811_44024452_fw,reverse,SNP,28,0.002368064952638701,30,0.0021180457497881953,L2R2TGE,L7TGE,L2R2TGE / L7TGE,0.16097490069385106,2_32
702,2_32_chr22_44023936_44024267_rc__2_31_chr22_44023811_44024452_fw,reverse,noSNP,24,0.0020297699594046007,44,0.0031064670996893535,L2R2TGE,L7TGE,L2R2TGE / L7TGE,-0.6139585436713759,2_32
703,2_33_chr5_132369336_132370461_fw__2_34_chr5_132369418_132370280_rc,forward,SNP,7,0.0005920162381596753,20,0.001412030499858797,L2R2TGE,L7TGE,L2R2TGE / L7TGE,-1.2540625985849931,2_33
704,2_33_chr5_132369336_132370461_fw__2_34_chr5_132369418_132370280_rc,forward,noSNP,26,0.002198917456021651,22,0.0015532335498446767,L2R2TGE,L7TGE,L2R2TGE / L7TGE,0.5015186737485601,2_33
705,2_33_chr5_132369336_132370461_fw__2_34_chr5_132369418_132370280_rc,reverse,SNP,7,0.0005920162381596753,14,0.000988421349901158,L2R2TGE,L7TGE,L2R2TGE / L7TGE,-0.7394894257552347,2_33
706,2_33_chr5_132369336_132370461_fw__2_34_chr5_132369418_132370280_rc,reverse,noSNP,1,8.457374830852504e-05,17,0.0012002259248799774,L2R2TGE,L7TGE,L2R2TGE / L7TGE,-3.826952267005574,2_33
707,2_39_chr14_100375283_100375730_rc__2_35_chr14_100375283_100375730_rc,forward,SNP,48,0.0040595399188092015,163,0.011508048573849195,L2R2TGE,L7TGE,L2R2TGE / L7TGE,-1.5032550792651562,2_39
708,2_39_chr14_100375283_100375730_rc__2_35_chr14_100375283_100375730_rc,forward,noSNP,104,0.008795669824086604,154,0.010872634848912736,L2R2TGE,L7TGE,L2R2TGE / L7TGE,-0.3058362483090439,2_39
709,2_39_chr14_100375283_100375730_rc__2_35_chr14_100375283_100375730_rc,reverse,SNP,22,0.0018606224627875508,85,0.006001129624399887,L2R2TGE,L7TGE,L2R2TGE / L7TGE,-1.689448743255639,2_39
710,2_39_chr14_100375283_100375730_rc__2_35_chr14_100375283_100375730_rc,reverse,noSNP,22,0.0018606224627875508,97,0.0068483479243151655,L2R2TGE,L7TGE,L2R2TGE / L7TGE,-1.879970649305065,2_39
711,2_3_chr10_71888998_71889183_rc,forward,SNP,12,0.0010148849797023004,20,0.001412030499858797,L2R2TGE,L7TGE,L2R2TGE / L7TGE,-0.476455019921441,2_3
712,2_40_chr2_27890876_27891263_rc__2_36_chr2_27890876_27891263_rc,forward,SNP,11,0.0009303112313937754,24,0.0016944365998305564,L2R2TGE,L7TGE,L2R2TGE / L7TGE,-0.8650203078390938,2_40
713,2_40_chr2_27890876_27891263_rc__2_36_chr2_27890876_27891263_rc,forward,noSNP,20,0.0016914749661705007,28,0.001976842699802316,L2R2TGE,L7TGE,L2R2TGE / L7TGE,-0.2249162529254765,2_40
714,2_40_chr2_27890876_27891263_rc__2_36_chr2_27890876_27891263_rc,reverse,SNP,15,0.0012686062246278756,36,0.0025416548997458347,L2R2TGE,L7TGE,L2R2TGE / L7TGE,-1.0025238315890286,2_40
715,2_40_chr2_27890876_27891263_rc__2_36_chr2_27890876_27891263_rc,reverse,noSNP,17,0.0014377537212449255,16,0.0011296243998870376,L2R2TGE,L7TGE,L2R2TGE / L7TGE,0.34797341549510435,2_40
716,2_41_chr2_29114692_29115684_fw__2_37_chr2_29114692_29115684_fw,forward,SNP,10,0.0008457374830852503,45,0.003177068624682293,L2R2TGE,L7TGE,L2R2TGE / L7TGE,-1.909414427197547,2_41
717,2_41_chr2_29114692_29115684_fw__2_37_chr2_29114692_29115684_fw,reverse,SNP,20,0.0016914749661705007,40,0.002824060999717594,L2R2TGE,L7TGE,L2R2TGE / L7TGE,-0.7394894257552349,2_41
718,2_41_chr2_29114692_29115684_fw__2_37_chr2_29114692_29115684_fw,reverse,noSNP,15,0.0012686062246278756,27,0.0019062411748093759,L2R2TGE,L7TGE,L2R2TGE / L7TGE,-0.5874863323101847,2_41
719,2_42_chr7_158818580_158818984_rc__2_38_chr7_158818580_158818984_rc,forward,SNP,1,8.457374830852504e-05,42,0.0029652640497034735,L2R2TGE,L7TGE,L2R2TGE / L7TGE,-5.131806848533995,2_42
720,2_42_chr7_158818580_158818984_rc__2_38_chr7_158818580_158818984_rc,forward,noSNP,1,8.457374830852504e-05,48,0.003388873199661113,L2R2TGE,L7TGE,L2R2TGE / L7TGE,-5.3244519264763905,2_42
721,2_42_chr7_158818580_158818984_rc__2_38_chr7_158818580_158818984_rc,reverse,SNP,37,0.003129228687415426,48,0.003388873199661113,L2R2TGE,L7TGE,L2R2TGE / L7TGE,-0.11499856084744127,2_42
722,2_42_chr7_158818580_158818984_rc__2_38_chr7_158818580_158818984_rc,reverse,noSNP,34,0.002875507442489851,56,0.003953685399604632,L2R2TGE,L7TGE,L2R2TGE / L7TGE,-0.45938150656249965,2_42
723,2_5_chr12_2959230_2960351_fw,forward,SNP,7,0.0005920162381596753,23,0.0016238350748376165,L2R2TGE,L7TGE,L2R2TGE / L7TGE,-1.4556964597546436,2_5
724,2_5_chr12_2959230_2960351_fw,forward,noSNP,3,0.0002537212449255751,13,0.0009178198249082181,L2R2TGE,L7TGE,L2R2TGE / L7TGE,-1.8549666431751708,2_5
725,2_5_chr12_2959230_2960351_fw,reverse,SNP,4,0.00033829499323410016,14,0.000988421349901158,L2R2TGE,L7TGE,L2R2TGE / L7TGE,-1.5468443478128389,2_5
726,2_5_chr12_2959230_2960351_fw,reverse,noSNP,1,8.457374830852504e-05,16,0.0011296243998870376,L2R2TGE,L7TGE,L2R2TGE / L7TGE,-3.7394894257552345,2_5
727,2_6_chr12_57611320_57611561_fw,reverse,noSNP,9,0.0007611637347767253,22,0.0015532335498446767,L2R2TGE,L7TGE,L2R2TGE / L7TGE,-1.0289960429502198,2_6
728,2_7_chr14_75069209_75069609_rc,forward,SNP,130,0.010994587280108254,142,0.01002541654899746,L2R2TGE,L7TGE,L2R2TGE / L7TGE,0.13313126776853773,2_7
729,2_7_chr14_75069209_75069609_rc,forward,noSNP,12,0.0010148849797023004,21,0.0014826320248517368,L2R2TGE,L7TGE,L2R2TGE / L7TGE,-0.5468443478128389,2_7
730,2_7_chr14_75069209_75069609_rc,reverse,SNP,75,0.006343031123139378,101,0.0071307540242869245,L2R2TGE,L7TGE,L2R2TGE / L7TGE,-0.1688822180111485,2_7
731,2_7_chr14_75069209_75069609_rc,reverse,noSNP,4,0.00033829499323410016,17,0.0012002259248799774,L2R2TGE,L7TGE,L2R2TGE / L7TGE,-1.826952267005574,2_7
732,3,reverse,SNP,6,0.0005074424898511502,45,0.003177068624682293,L2R2TGE,L7TGE,L2R2TGE / L7TGE,-2.646380021363753,3
733,4,forward,any_SNP,39,0.0032983761840324763,585,0.041301892120869814,L2R2TGE,L7TGE,L2R2TGE / L7TGE,-3.646380021363753,4
734,4,reverse,any_SNP,188,0.015899864682002707,326,0.02301609714769839,L2R2TGE,L7TGE,L2R2TGE / L7TGE,-0.5336287283086748,4
735,8,any_orientation,any_SNP,55,0.0046515561569688765,172,0.012143462298785653,L2R2TGE,L7TGE,L2R2TGE / L7TGE,-1.384394466932673,8
736,9,any_orientation,any_SNP,37,0.003129228687415426,886,0.0625529511437447,L2R2TGE,L7TGE,L2R2TGE / L7TGE,-4.321198948681303,9
737,CMV,any_orientation,any_SNP,154,0.013024357239512856,36,0.0025416548997458347,L2R2TGE,L7TGE,L2R2TGE / L7TGE,2.3573721134973544,CMV
738,SV40,any_orientation,any_SNP,22,0.0018606224627875508,13,0.0009178198249082181,L2R2TGE,L7TGE,L2R2TGE / L7TGE,1.0195024747409702,SV40
739,1_11_chr11_65418158_65418613_bi,forward,noSNP,8,0.0006765899864682003,7,0.00025968244546668645,L2R2TGE,L8TGE,L2R2TGE / L8TGE,1.3815333342755056,1_11
740,1_11_chr11_65418158_65418613_bi,reverse,noSNP,6,0.0005074424898511502,13,0.0004822673987238463,L2R2TGE,L8TGE,L2R2TGE / L8TGE,0.07341103891317383,1_11
741,1_14_chr14_60655620_60656040_bi,reverse,noSNP,1,8.457374830852504e-05,13,0.0004822673987238463,L2R2TGE,L8TGE,L2R2TGE / L8TGE,-2.5115514618079824,1_14
742,1_15_chr15_40098659_40099167_bi,forward,noSNP,13,0.0010994587280108254,5,0.00018548746104763317,L2R2TGE,L8TGE,L2R2TGE / L8TGE,2.56739987958684,1_15
743,1_15_chr15_40098659_40099167_bi,reverse,noSNP,34,0.002875507442489851,7,0.00025968244546668645,L2R2TGE,L8TGE,L2R2TGE / L8TGE,3.468996175525845,1_15
744,1_16_chr16_30805349_30805831_bi,forward,noSNP,354,0.02993910690121786,348,0.01290992728891527,L2R2TGE,L8TGE,L2R2TGE / L8TGE,1.2135503105673788,1_16
745,1_16_chr16_30805349_30805831_bi,reverse,noSNP,191,0.016153585926928282,331,0.012279269921353317,L2R2TGE,L8TGE,L2R2TGE / L8TGE,0.3956296775616409,1_16
746,1_17_chr16_73068918_73069480_bi,forward,noSNP,92,0.007780784844384303,83,0.003079091853390711,L2R2TGE,L8TGE,L2R2TGE / L8TGE,1.3374107810431979,1_17
747,1_17_chr16_73068918_73069480_bi,reverse,noSNP,35,0.002960081190798376,50,0.0018548746104763319,L2R2TGE,L8TGE,L2R2TGE / L8TGE,0.6743150835033515,1_17
748,1_18_chr16_74297506_74297928_bi,forward,noSNP,167,0.01412381596752368,179,0.006640451105505268,L2R2TGE,L8TGE,L2R2TGE / L8TGE,1.0887767715429055,1_18
749,1_18_chr16_74297506_74297928_bi,reverse,noSNP,109,0.00921853856562923,178,0.006603353613295742,L2R2TGE,L8TGE,L2R2TGE / L8TGE,0.48133915014363843,1_18
750,1_19_chr16_807619_808176_bi,forward,SNP,10,0.0008457374830852503,15,0.0005564623831428995,L2R2TGE,L8TGE,L2R2TGE / L8TGE,0.6039257556119536,1_19
751,1_19_chr16_807619_808176_bi,forward,noSNP,2,0.00016914749661705008,5,0.00018548746104763317,L2R2TGE,L8TGE,L2R2TGE / L8TGE,-0.13303983855425233,1_19
752,1_19_chr16_807619_808176_bi,reverse,SNP,37,0.003129228687415426,15,0.0005564623831428995,L2R2TGE,L8TGE,L2R2TGE / L8TGE,2.4914510263535408,1_19
753,1_19_chr16_807619_808176_bi,reverse,noSNP,33,0.002790933694181326,20,0.0007419498441905327,L2R2TGE,L8TGE,L2R2TGE / L8TGE,1.9113542808042008,1_19
754,1_1_chr1_156748909_156749379_bi,forward,noSNP,11,0.0009303112313937754,74,0.0027452144235049713,L2R2TGE,L8TGE,L2R2TGE / L8TGE,-1.5611334906585428,1_1
755,1_20_chr16_87853532_87854041_bi,forward,SNP,9,0.0007611637347767253,15,0.0005564623831428995,L2R2TGE,L8TGE,L2R2TGE / L8TGE,0.4519226621669035,1_20
756,1_20_chr16_87853532_87854041_bi,forward,noSNP,5,0.0004228687415426252,8,0.0002967799376762131,L2R2TGE,L8TGE,L2R2TGE / L8TGE,0.5108163512204722,1_20
757,1_20_chr16_87853532_87854041_bi,reverse,SNP,23,0.0019451962110960757,18,0.0006677548597714795,L2R2TGE,L8TGE,L2R2TGE / L8TGE,1.54252521094781,1_20
758,1_20_chr16_87853532_87854041_bi,reverse,noSNP,29,0.002452638700947226,21,0.0007790473364000593,L2R2TGE,L8TGE,L2R2TGE / L8TGE,1.6545518286819216,1_20
759,1_23_chr2_70142583_70143144_bi,forward,SNP,67,0.005666441136671177,41,0.001520997180590592,L2R2TGE,L8TGE,L2R2TGE / L8TGE,1.8974254421727985,1_23
760,1_23_chr2_70142583_70143144_bi,forward,noSNP,645,0.05455006765899865,603,0.02236978780234456,L2R2TGE,L8TGE,L2R2TGE / L8TGE,1.2860294147436415,1_23
761,1_23_chr2_70142583_70143144_bi,reverse,noSNP,87,0.007357916102841678,442,0.016397091556610774,L2R2TGE,L8TGE,L2R2TGE / L8TGE,-1.1560708072095935,1_23
762,1_24_chr21_29002584_29003015_bi,forward,noSNP,88,0.007442489851150203,63,0.002337142009200178,L2R2TGE,L8TGE,L2R2TGE / L8TGE,1.6710399514704908,1_24
763,1_25_chr22_36465359_36465803_bi,forward,noSNP,52,0.004397834912043302,50,0.0018548746104763319,L2R2TGE,L8TGE,L2R2TGE / L8TGE,1.2454717846994774,1_25
764,1_25_chr22_36465359_36465803_bi,reverse,noSNP,11,0.0009303112313937754,95,0.0035242617599050303,L2R2TGE,L8TGE,L2R2TGE / L8TGE,-1.9215357333605405,1_25
765,1_26_chr22_40651538_40652054_bi,forward,noSNP,45,0.0038058186738836267,614,0.022777860216649355,L2R2TGE,L8TGE,L2R2TGE / L8TGE,-2.581353492707395,1_26
766,1_26_chr22_40651538_40652054_bi,reverse,noSNP,13,0.0010994587280108254,712,0.026413414453182966,L2R2TGE,L8TGE,L2R2TGE / L8TGE,-4.586405456492196,1_26
767,1_28_chr7_1532728_1533226_bi,forward,noSNP,11,0.0009303112313937754,14,0.0005193648909333729,L2R2TGE,L8TGE,L2R2TGE / L8TGE,0.8409649529128032,1_28
768,1_28_chr7_1532728_1533226_bi,reverse,noSNP,4,0.00033829499323410016,13,0.0004822673987238463,L2R2TGE,L8TGE,L2R2TGE / L8TGE,-0.5115514618079824,1_28
769,1_29_chr7_25856979_25857429_bi,forward,SNP,33,0.002790933694181326,29,0.0010758272740762724,L2R2TGE,L8TGE,L2R2TGE / L8TGE,1.375301380563991,1_29
770,1_29_chr7_25856979_25857429_bi,reverse,SNP,44,0.0037212449255751017,41,0.001520997180590592,L2R2TGE,L8TGE,L2R2TGE / L8TGE,1.2907678703523235,1_29
771,1_30_chr9_126805681_126806202_bi,forward,noSNP,49,0.004144113667117727,149,0.005527526339219469,L2R2TGE,L8TGE,L2R2TGE / L8TGE,-0.4155704200138436,1_30
772,1_30_chr9_126805681_126806202_bi,reverse,noSNP,123,0.01040257104194858,127,0.004711381510609883,L2R2TGE,L8TGE,L2R2TGE / L8TGE,1.1427180749001837,1_30
773,1_5_chr1_33127099_33127603_bi,forward,noSNP,68,0.005751014884979702,294,0.01090666270960083,L2R2TGE,L8TGE,L2R2TGE / L8TGE,-0.9233212472529153,1_5
774,1_5_chr1_33127099_33127603_bi,reverse,noSNP,1,8.457374830852504e-05,279,0.010350200326457932,L2R2TGE,L8TGE,L2R2TGE / L8TGE,-6.935233055496077,1_5
775,1_7_chr10_110211049_110211924_bi,forward,noSNP,84,0.007104194857916103,146,0.005416233862590889,L2R2TGE,L8TGE,L2R2TGE / L8TGE,0.39138112023185295,1_7
776,1_7_chr10_110211049_110211924_bi,reverse,noSNP,65,0.005497293640054127,22,0.000816144828609586,L2R2TGE,L8TGE,L2R2TGE / L8TGE,2.751824450724267,1_7
777,1_8_chr10_4663047_4663594_bi,forward,noSNP,799,0.0675744248985115,294,0.01090666270960083,L2R2TGE,L8TGE,L2R2TGE / L8TGE,2.631267604424722,1_8
778,1_8_chr10_4663047_4663594_bi,reverse,noSNP,1,8.457374830852504e-05,358,0.013280902211010536,L2R2TGE,L8TGE,L2R2TGE / L8TGE,-7.294927520931147,1_8
779,1_9_chr10_71860316_71860874_bi,forward,noSNP,29,0.002452638700947226,49,0.0018177771182668052,L2R2TGE,L8TGE,L2R2TGE / L8TGE,0.4321594073454738,1_9
780,1_9_chr10_71860316_71860874_bi,reverse,noSNP,110,0.009303112313937753,26,0.0009645347974476926,L2R2TGE,L8TGE,L2R2TGE / L8TGE,3.269808251716677,1_9
781,22,any_orientation,any_SNP,255,0.021566305818673883,4363,0.16185635851016472,L2R2TGE,L8TGE,L2R2TGE / L8TGE,-2.9078630651845323,22
782,2_10_chr16_3305171_3305501_rc,forward,SNP,242,0.020466847090663057,215,0.007975960825048227,L2R2TGE,L8TGE,L2R2TGE / L8TGE,1.359558644018244,2_10
783,2_10_chr16_3305171_3305501_rc,forward,noSNP,291,0.024610960757780784,288,0.010684077756343672,L2R2TGE,L8TGE,L2R2TGE / L8TGE,1.203838597799081,2_10
784,2_10_chr16_3305171_3305501_rc,reverse,SNP,1,8.457374830852504e-05,173,0.006417866152248108,L2R2TGE,L8TGE,L2R2TGE / L8TGE,-6.245739971303615,2_10
785,2_10_chr16_3305171_3305501_rc,reverse,noSNP,134,0.011332882273342355,196,0.007271108473067221,L2R2TGE,L8TGE,L2R2TGE / L8TGE,0.640267602675674,2_10
786,2_11_chr16_4538333_4538583_rc,reverse,noSNP,1,8.457374830852504e-05,8,0.0002967799376762131,L2R2TGE,L8TGE,L2R2TGE / L8TGE,-1.81111174366689,2_11
787,2_12_chr17_58692543_58692822_fw,forward,noSNP,14,0.0011840324763193505,91,0.0033758717910669237,L2R2TGE,L8TGE,L2R2TGE / L8TGE,-1.5115514618079822,2_12
788,2_12_chr17_58692543_58692822_fw,reverse,noSNP,24,0.0020297699594046007,87,0.0032274818222288175,L2R2TGE,L8TGE,L2R2TGE / L8TGE,-0.6690927387944623,2_12
789,2_13_chr19_41397182_41397493_rc,forward,SNP,30,0.002537212449255751,25,0.0009274373052381659,L2R2TGE,L8TGE,L2R2TGE / L8TGE,1.4519226621669037,2_13
790,2_13_chr19_41397182_41397493_rc,forward,noSNP,26,0.002198917456021651,16,0.0005935598753524262,L2R2TGE,L8TGE,L2R2TGE / L8TGE,1.889327974474202,2_13
791,2_13_chr19_41397182_41397493_rc,reverse,noSNP,101,0.008541948579161029,35,0.0012984122273334323,L2R2TGE,L8TGE,L2R2TGE / L8TGE,2.717816722139938,2_13
792,2_15_chr3_122793601_122793905_rc,forward,SNP,31,0.0026217861975642762,112,0.004154919127466983,L2R2TGE,L8TGE,L2R2TGE / L8TGE,-0.664270355337619,2_15
793,2_15_chr3_122793601_122793905_rc,forward,noSNP,18,0.0015223274695534506,106,0.003932334174209824,L2R2TGE,L8TGE,L2R2TGE / L8TGE,-1.3691071967877773,2_15
794,2_15_chr3_122793601_122793905_rc,reverse,SNP,26,0.002198917456021651,77,0.002856506900133551,L2R2TGE,L8TGE,L2R2TGE / L8TGE,-0.37745856622069945,2_15
795,2_15_chr3_122793601_122793905_rc,reverse,noSNP,28,0.002368064952638701,61,0.0022629470247811246,L2R2TGE,L8TGE,L2R2TGE / L8TGE,0.06550584082782789,2_15
796,2_16_chr6_108562603_108562763_rc,forward,SNP,167,0.01412381596752368,176,0.006529158628876688,L2R2TGE,L8TGE,L2R2TGE / L8TGE,1.1131609301698646,2_16
797,2_16_chr6_108562603_108562763_rc,forward,noSNP,189,0.01598443843031123,166,0.006158183706781422,L2R2TGE,L8TGE,L2R2TGE / L8TGE,1.3760912492072577,2_16
798,2_16_chr6_108562603_108562763_rc,reverse,SNP,73,0.006173883626522328,200,0.0074194984419053275,L2R2TGE,L8TGE,L2R2TGE / L8TGE,-0.26514337456159764,2_16
799,2_16_chr6_108562603_108562763_rc,reverse,noSNP,83,0.0070196211096075775,177,0.006566256121086214,L2R2TGE,L8TGE,L2R2TGE / L8TGE,0.09632213759703726,2_16
800,2_17_chr7_149685_149919_fw,forward,SNP,12,0.0010148849797023004,81,0.0030048968689716576,L2R2TGE,L8TGE,L2R2TGE / L8TGE,-1.5659992458303589,2_17
801,2_17_chr7_149685_149919_fw,forward,noSNP,5,0.0004228687415426252,70,0.0025968244546668647,L2R2TGE,L8TGE,L2R2TGE / L8TGE,-2.6184666657244944,2_17
802,2_17_chr7_149685_149919_fw,reverse,SNP,20,0.0016914749661705007,79,0.0029307018845526043,L2R2TGE,L8TGE,L2R2TGE / L8TGE,-0.7929643969566308,2_17
803,2_17_chr7_149685_149919_fw,reverse,noSNP,8,0.0006765899864682003,58,0.002151654548152545,L2R2TGE,L8TGE,L2R2TGE / L8TGE,-1.669092738794462,2_17
804,2_18_chr7_26398513_26398756_fw,reverse,SNP,1,8.457374830852504e-05,403,0.014950289360439234,L2R2TGE,L8TGE,L2R2TGE / L8TGE,-7.465747772194858,2_18
805,2_19_chr7_27168362_27168894_fw,forward,SNP,14,0.0011840324763193505,16,0.0005935598753524262,L2R2TGE,L8TGE,L2R2TGE / L8TGE,0.996243178390714,2_19
806,2_19_chr7_27168362_27168894_fw,forward,noSNP,1,8.457374830852504e-05,10,0.00037097492209526634,L2R2TGE,L8TGE,L2R2TGE / L8TGE,-2.1330398385542524,2_19
807,2_19_chr7_27168362_27168894_fw,reverse,SNP,10,0.0008457374830852503,14,0.0005193648909333729,L2R2TGE,L8TGE,L2R2TGE / L8TGE,0.7034614291628681,2_19
808,2_19_chr7_27168362_27168894_fw,reverse,noSNP,14,0.0011840324763193505,29,0.0010758272740762724,L2R2TGE,L8TGE,L2R2TGE / L8TGE,0.13826218326314188,2_19
809,2_1_chr10_24208466_24209279_fw,forward,noSNP,21,0.0017760487144790258,66,0.002448434485828758,L2R2TGE,L8TGE,L2R2TGE / L8TGE,-0.46318844024658334,2_1
810,2_1_chr10_24208466_24209279_fw,reverse,SNP,3,0.0002537212449255751,6,0.00022258495325715982,L2R2TGE,L8TGE,L2R2TGE / L8TGE,0.18888825633310966,2_1
811,2_1_chr10_24208466_24209279_fw,reverse,noSNP,2,0.00016914749661705008,128,0.0047484790028194095,L2R2TGE,L8TGE,L2R2TGE / L8TGE,-4.81111174366689,2_1
812,2_20_chr7_7566677_7567687_fw,forward,SNP,10,0.0008457374830852503,49,0.0018177771182668052,L2R2TGE,L8TGE,L2R2TGE / L8TGE,-1.1038934928947362,2_20
813,2_20_chr7_7566677_7567687_fw,forward,noSNP,25,0.002114343707713126,46,0.0017064846416382253,L2R2TGE,L8TGE,L2R2TGE / L8TGE,0.3091824900508216,2_20
814,2_20_chr7_7566677_7567687_fw,reverse,noSNP,46,0.0038903924221921514,97,0.0035984567443240836,L2R2TGE,L8TGE,L2R2TGE / L8TGE,0.11253737020299491,2_20
815,2_22_chr10_122375105_122375476_rc__2_21_chr10_122375073_122375541_fw,forward,SNP,9,0.0007611637347767253,88,0.003264579314438344,L2R2TGE,L8TGE,L2R2TGE / L8TGE,-2.100618360861875,2_22
816,2_22_chr10_122375105_122375476_rc__2_21_chr10_122375073_122375541_fw,forward,noSNP,9,0.0007611637347767253,88,0.003264579314438344,L2R2TGE,L8TGE,L2R2TGE / L8TGE,-2.100618360861875,2_22
817,2_22_chr10_122375105_122375476_rc__2_21_chr10_122375073_122375541_fw,reverse,SNP,6,0.0005074424898511502,35,0.0012984122273334323,L2R2TGE,L8TGE,L2R2TGE / L8TGE,-1.3554322598907007,2_22
818,2_22_chr10_122375105_122375476_rc__2_21_chr10_122375073_122375541_fw,reverse,noSNP,3,0.0002537212449255751,51,0.0018919721026858585,L2R2TGE,L8TGE,L2R2TGE / L8TGE,-2.8985745849172297,2_22
819,2_23_chr12_53046798_53047380_fw__2_24_chr12_53046888_53047426_rc,forward,SNP,7,0.0005920162381596753,40,0.0014838996883810654,L2R2TGE,L8TGE,L2R2TGE / L8TGE,-1.3256849164966484,2_23
820,2_23_chr12_53046798_53047380_fw__2_24_chr12_53046888_53047426_rc,forward,noSNP,8,0.0006765899864682003,59,0.0021887520403620717,L2R2TGE,L8TGE,L2R2TGE / L8TGE,-1.6937547930287316,2_23
821,2_23_chr12_53046798_53047380_fw__2_24_chr12_53046888_53047426_rc,reverse,SNP,14,0.0011840324763193505,68,0.0025226294702478114,L2R2TGE,L8TGE,L2R2TGE / L8TGE,-1.0912196628596256,2_23
822,2_23_chr12_53046798_53047380_fw__2_24_chr12_53046888_53047426_rc,reverse,noSNP,7,0.0005920162381596753,62,0.0023000445169906515,L2R2TGE,L8TGE,L2R2TGE / L8TGE,-1.9579531319961612,2_23
823,2_32_chr22_44023936_44024267_rc__2_31_chr22_44023811_44024452_fw,forward,SNP,31,0.0026217861975642762,71,0.002633921946876391,L2R2TGE,L8TGE,L2R2TGE / L8TGE,-0.00666255278469695,2_32
824,2_32_chr22_44023936_44024267_rc__2_31_chr22_44023811_44024452_fw,forward,noSNP,16,0.0013531799729364006,52,0.0019290695948953852,L2R2TGE,L8TGE,L2R2TGE / L8TGE,-0.5115514618079824,2_32
825,2_32_chr22_44023936_44024267_rc__2_31_chr22_44023811_44024452_fw,reverse,SNP,28,0.002368064952638701,50,0.0018548746104763319,L2R2TGE,L8TGE,L2R2TGE / L8TGE,0.35238698861598916,2_32
826,2_32_chr22_44023936_44024267_rc__2_31_chr22_44023811_44024452_fw,reverse,noSNP,24,0.0020297699594046007,52,0.0019290695948953852,L2R2TGE,L8TGE,L2R2TGE / L8TGE,0.07341103891317383,2_32
827,2_33_chr5_132369336_132370461_fw__2_34_chr5_132369418_132370280_rc,forward,noSNP,26,0.002198917456021651,6,0.00022258495325715982,L2R2TGE,L8TGE,L2R2TGE / L8TGE,3.3043654737530455,2_33
828,2_33_chr5_132369336_132370461_fw__2_34_chr5_132369418_132370280_rc,reverse,SNP,7,0.0005920162381596753,26,0.0009645347974476926,L2R2TGE,L8TGE,L2R2TGE / L8TGE,-0.7041965397503782,2_33
829,2_39_chr14_100375283_100375730_rc__2_35_chr14_100375283_100375730_rc,forward,SNP,48,0.0040595399188092015,277,0.010276005342038878,L2R2TGE,L8TGE,L2R2TGE / L8TGE,-1.3398914089949223,2_39
830,2_39_chr14_100375283_100375730_rc__2_35_chr14_100375283_100375730_rc,forward,noSNP,104,0.008795669824086604,302,0.011203442647277044,L2R2TGE,L8TGE,L2R2TGE / L8TGE,-0.3490767648508769,2_39
831,2_39_chr14_100375283_100375730_rc__2_35_chr14_100375283_100375730_rc,reverse,SNP,22,0.0018606224627875508,149,0.005527526339219469,L2R2TGE,L8TGE,L2R2TGE / L8TGE,-1.5708486454917545,2_39
832,2_39_chr14_100375283_100375730_rc__2_35_chr14_100375283_100375730_rc,reverse,noSNP,22,0.0018606224627875508,200,0.0074194984419053275,L2R2TGE,L8TGE,L2R2TGE / L8TGE,-1.9955363148043175,2_39
833,2_3_chr10_71888998_71889183_rc,forward,SNP,12,0.0010148849797023004,24,0.0008903398130286393,L2R2TGE,L8TGE,L2R2TGE / L8TGE,0.18888825633310966,2_3
834,2_3_chr10_71888998_71889183_rc,forward,noSNP,10,0.0008457374830852503,17,0.0006306573675619528,L2R2TGE,L8TGE,L2R2TGE / L8TGE,0.42335350997013266,2_3
835,2_3_chr10_71888998_71889183_rc,reverse,SNP,2,0.00016914749661705008,7,0.00025968244546668645,L2R2TGE,L8TGE,L2R2TGE / L8TGE,-0.6184666657244943,2_3
836,2_40_chr2_27890876_27891263_rc__2_36_chr2_27890876_27891263_rc,forward,SNP,11,0.0009303112313937754,70,0.0025968244546668647,L2R2TGE,L8TGE,L2R2TGE / L8TGE,-1.4809631419745595,2_40
837,2_40_chr2_27890876_27891263_rc__2_36_chr2_27890876_27891263_rc,forward,noSNP,20,0.0016914749661705007,40,0.0014838996883810654,L2R2TGE,L8TGE,L2R2TGE / L8TGE,0.18888825633310993,2_40
838,2_40_chr2_27890876_27891263_rc__2_36_chr2_27890876_27891263_rc,reverse,SNP,15,0.0012686062246278756,61,0.0022629470247811246,L2R2TGE,L8TGE,L2R2TGE / L8TGE,-0.8349584856212576,2_40
839,2_40_chr2_27890876_27891263_rc__2_36_chr2_27890876_27891263_rc,reverse,noSNP,17,0.0014377537212449255,32,0.0011871197507048524,L2R2TGE,L8TGE,L2R2TGE / L8TGE,0.27635109758344917,2_40
840,2_41_chr2_29114692_29115684_fw__2_37_chr2_29114692_29115684_fw,forward,SNP,10,0.0008457374830852503,103,0.0038210416975812435,L2R2TGE,L8TGE,L2R2TGE / L8TGE,-2.175684175962746,2_41
841,2_41_chr2_29114692_29115684_fw__2_37_chr2_29114692_29115684_fw,reverse,SNP,20,0.0016914749661705007,97,0.0035984567443240836,L2R2TGE,L8TGE,L2R2TGE / L8TGE,-1.0890964909666554,2_41
842,2_41_chr2_29114692_29115684_fw__2_37_chr2_29114692_29115684_fw,reverse,noSNP,15,0.0012686062246278756,43,0.0015951921650096453,L2R2TGE,L8TGE,L2R2TGE / L8TGE,-0.33048590276046946,2_41
843,2_42_chr7_158818580_158818984_rc__2_38_chr7_158818580_158818984_rc,forward,SNP,1,8.457374830852504e-05,219,0.008124350793886334,L2R2TGE,L8TGE,L2R2TGE / L8TGE,-6.585898803268064,2_42
844,2_42_chr7_158818580_158818984_rc__2_38_chr7_158818580_158818984_rc,forward,noSNP,1,8.457374830852504e-05,210,0.007790473364000594,L2R2TGE,L8TGE,L2R2TGE / L8TGE,-6.525357261333013,2_42
845,2_42_chr7_158818580_158818984_rc__2_38_chr7_158818580_158818984_rc,reverse,SNP,37,0.003129228687415426,217,0.00805015580946728,L2R2TGE,L8TGE,L2R2TGE / L8TGE,-1.3632096104824196,2_42
846,2_42_chr7_158818580_158818984_rc__2_38_chr7_158818580_158818984_rc,reverse,noSNP,34,0.002875507442489851,255,0.009459860513429293,L2R2TGE,L8TGE,L2R2TGE / L8TGE,-1.7180023392754087,2_42
847,2_5_chr12_2959230_2960351_fw,forward,SNP,7,0.0005920162381596753,46,0.0017064846416382253,L2R2TGE,L8TGE,L2R2TGE / L8TGE,-1.5273187776662989,2_5
848,2_5_chr12_2959230_2960351_fw,forward,noSNP,3,0.0002537212449255751,45,0.0016693871494286986,L2R2TGE,L8TGE,L2R2TGE / L8TGE,-2.718002339275409,2_5
849,2_5_chr12_2959230_2960351_fw,reverse,SNP,4,0.00033829499323410016,34,0.0012613147351239057,L2R2TGE,L8TGE,L2R2TGE / L8TGE,-1.8985745849172297,2_5
850,2_5_chr12_2959230_2960351_fw,reverse,noSNP,1,8.457374830852504e-05,32,0.0011871197507048524,L2R2TGE,L8TGE,L2R2TGE / L8TGE,-3.81111174366689,2_5
851,2_6_chr12_57611320_57611561_fw,reverse,noSNP,9,0.0007611637347767253,42,0.0015580946728001187,L2R2TGE,L8TGE,L2R2TGE / L8TGE,-1.033504165003338,2_6
852,2_7_chr14_75069209_75069609_rc,forward,SNP,130,0.010994587280108254,272,0.010090517880991245,L2R2TGE,L8TGE,L2R2TGE / L8TGE,0.12379322811122474,2_7
853,2_7_chr14_75069209_75069609_rc,forward,noSNP,12,0.0010148849797023004,34,0.0012613147351239057,L2R2TGE,L8TGE,L2R2TGE / L8TGE,-0.3136120841960735,2_7
854,2_7_chr14_75069209_75069609_rc,reverse,SNP,75,0.006343031123139378,229,0.0084953257159816,L2R2TGE,L8TGE,L2R2TGE / L8TGE,-0.4214968412679532,2_7
855,2_7_chr14_75069209_75069609_rc,reverse,noSNP,4,0.00033829499323410016,37,0.0013726072117524856,L2R2TGE,L8TGE,L2R2TGE / L8TGE,-2.02056510929584,2_7
856,3,reverse,SNP,6,0.0005074424898511502,44,0.001632289657219172,L2R2TGE,L8TGE,L2R2TGE / L8TGE,-1.6855808615830312,3
857,4,forward,any_SNP,39,0.0032983761840324763,954,0.03539100756788841,L2R2TGE,L8TGE,L2R2TGE / L8TGE,-3.4235549808101533,4
858,4,reverse,any_SNP,188,0.015899864682002707,587,0.021776227926992135,L2R2TGE,L8TGE,L2R2TGE / L8TGE,-0.45373958509930495,4
859,8,any_orientation,any_SNP,55,0.0046515561569688765,311,0.011537320077162783,L2R2TGE,L8TGE,L2R2TGE / L8TGE,-1.3105228002728333,8
860,9,any_orientation,any_SNP,37,0.003129228687415426,1607,0.0596156699807093,L2R2TGE,L8TGE,L2R2TGE / L8TGE,-4.251812591713034,9
861,CMV,any_orientation,any_SNP,154,0.013024357239512856,73,0.0027081169312954444,L2R2TGE,L8TGE,L2R2TGE / L8TGE,2.265850238147994,CMV
862,SV40,any_orientation,any_SNP,22,0.0018606224627875508,24,0.0008903398130286393,L2R2TGE,L8TGE,L2R2TGE / L8TGE,1.0633573742492508,SV40
863,1_11_chr11_65418158_65418613_bi,forward,noSNP,8,0.0006765899864682003,5,0.00015832805573147562,L2R2TGE,LTGE,L2R2TGE / LTGE,2.095364901714086,1_11
864,1_11_chr11_65418158_65418613_bi,reverse,noSNP,6,0.0005074424898511502,20,0.0006333122229259025,L2R2TGE,LTGE,L2R2TGE / LTGE,-0.3196725975647579,1_11
865,1_14_chr14_60655620_60656040_bi,reverse,noSNP,1,8.457374830852504e-05,8,0.000253324889170361,L2R2TGE,LTGE,L2R2TGE / LTGE,-1.5827070033985517,1_14
866,1_15_chr15_40098659_40099167_bi,forward,noSNP,13,0.0010994587280108254,10,0.00031665611146295124,L2R2TGE,LTGE,L2R2TGE / LTGE,1.7958046198551783,1_15
867,1_15_chr15_40098659_40099167_bi,reverse,noSNP,34,0.002875507442489851,14,0.00044331855604813175,L2R2TGE,LTGE,L2R2TGE / LTGE,2.6974009157941836,1_15
868,1_16_chr16_30805349_30805831_bi,forward,noSNP,354,0.02993910690121786,473,0.014977834072197594,L2R2TGE,LTGE,L2R2TGE / LTGE,0.9992021733450505,1_16
869,1_16_chr16_30805349_30805831_bi,reverse,noSNP,191,0.016153585926928282,415,0.013141228625712476,L2R2TGE,LTGE,L2R2TGE / LTGE,0.29775429840291,1_16
870,1_17_chr16_73068918_73069480_bi,forward,noSNP,92,0.007780784844384303,82,0.0025965801139962003,L2R2TGE,LTGE,L2R2TGE / LTGE,1.5833029480403773,1_17
871,1_17_chr16_73068918_73069480_bi,reverse,noSNP,35,0.002960081190798376,37,0.0011716276124129196,L2R2TGE,LTGE,L2R2TGE / LTGE,1.337122647917465,1_17
872,1_18_chr16_74297506_74297928_bi,forward,noSNP,167,0.01412381596752368,247,0.007821405953134896,L2R2TGE,LTGE,L2R2TGE / LTGE,0.8526300574908228,1_18
873,1_18_chr16_74297506_74297928_bi,reverse,noSNP,109,0.00921853856562923,10,0.00031665611146295124,L2R2TGE,LTGE,L2R2TGE / LTGE,4.8635492264910125,1_18
874,1_19_chr16_807619_808176_bi,forward,SNP,10,0.0008457374830852503,15,0.00047498416719442683,L2R2TGE,LTGE,L2R2TGE / LTGE,0.8323304958802923,1_19
875,1_19_chr16_807619_808176_bi,forward,noSNP,2,0.00016914749661705008,7,0.00022165927802406587,L2R2TGE,LTGE,L2R2TGE / LTGE,-0.3900619254561558,1_19
876,1_19_chr16_807619_808176_bi,reverse,SNP,37,0.003129228687415426,22,0.0006966434452184928,L2R2TGE,LTGE,L2R2TGE / LTGE,2.167314743593101,1_19
877,1_19_chr16_807619_808176_bi,reverse,noSNP,33,0.002790933694181326,33,0.001044965167827739,L2R2TGE,LTGE,L2R2TGE / LTGE,1.4172929966014483,1_19
878,1_1_chr1_156748909_156749379_bi,forward,noSNP,11,0.0009303112313937754,67,0.0021215959468017733,L2R2TGE,LTGE,L2R2TGE / LTGE,-1.1893645752190267,1_1
879,1_20_chr16_87853532_87854041_bi,forward,SNP,9,0.0007611637347767253,16,0.000506649778340722,L2R2TGE,LTGE,L2R2TGE / LTGE,0.5872179980437605,1_20
880,1_20_chr16_87853532_87854041_bi,forward,noSNP,5,0.0004228687415426252,11,0.0003483217226092464,L2R2TGE,LTGE,L2R2TGE / LTGE,0.27978947285151345,1_20
881,1_20_chr16_87853532_87854041_bi,reverse,SNP,23,0.0019451962110960757,34,0.0010766307789740342,L2R2TGE,LTGE,L2R2TGE / LTGE,0.8533921114081218,1_20
882,1_20_chr16_87853532_87854041_bi,reverse,noSNP,29,0.002452638700947226,24,0.0007599746675110829,L2R2TGE,LTGE,L2R2TGE / LTGE,1.6903114910078643,1_20
883,1_23_chr2_70142583_70143144_bi,forward,SNP,67,0.005666441136671177,40,0.001266624445851805,L2R2TGE,LTGE,L2R2TGE / LTGE,2.1614540921718586,1_23
884,1_23_chr2_70142583_70143144_bi,forward,noSNP,645,0.05455006765899865,714,0.022609246358454717,L2R2TGE,LTGE,L2R2TGE / LTGE,1.270668082882965,1_23
885,1_23_chr2_70142583_70143144_bi,reverse,SNP,1,8.457374830852504e-05,13,0.0004116529449018366,L2R2TGE,LTGE,L2R2TGE / LTGE,-2.283146721539644,1_23
886,1_23_chr2_70142583_70143144_bi,reverse,noSNP,87,0.007357916102841678,524,0.016592780240658644,L2R2TGE,LTGE,L2R2TGE / LTGE,-1.1731865090872735,1_23
887,1_24_chr21_29002584_29003015_bi,forward,noSNP,88,0.007442489851150203,120,0.0037998733375554147,L2R2TGE,LTGE,L2R2TGE / LTGE,0.9698340196302272,1_24
888,1_24_chr21_29002584_29003015_bi,reverse,noSNP,37,0.003129228687415426,82,0.0025965801139962003,L2R2TGE,LTGE,L2R2TGE / LTGE,0.26919435761231436,1_24
889,1_25_chr22_36465359_36465803_bi,forward,noSNP,52,0.004397834912043302,69,0.0021849271690943636,L2R2TGE,LTGE,L2R2TGE / LTGE,1.0092082579643713,1_25
890,1_25_chr22_36465359_36465803_bi,reverse,noSNP,11,0.0009303112313937754,99,0.0031348955034832173,L2R2TGE,LTGE,L2R2TGE / LTGE,-1.7526320048408641,1_25
891,1_26_chr22_40651538_40652054_bi,forward,noSNP,45,0.0038058186738836267,512,0.016212792906903105,L2R2TGE,LTGE,L2R2TGE / LTGE,-2.090853907068877,1_26
892,1_26_chr22_40651538_40652054_bi,reverse,noSNP,13,0.0010994587280108254,673,0.02131095630145662,L2R2TGE,LTGE,L2R2TGE / LTGE,-4.276729979867777,1_26
893,1_28_chr7_1532728_1533226_bi,forward,noSNP,11,0.0009303112313937754,13,0.0004116529449018366,L2R2TGE,LTGE,L2R2TGE / LTGE,1.1762848970976534,1_28
894,1_28_chr7_1532728_1533226_bi,reverse,noSNP,4,0.00033829499323410016,11,0.0003483217226092464,L2R2TGE,LTGE,L2R2TGE / LTGE,-0.042138622035848894,1_28
895,1_29_chr7_25856979_25857429_bi,forward,SNP,33,0.002790933694181326,31,0.0009816339455351489,L2R2TGE,LTGE,L2R2TGE / LTGE,1.5074908055730263,1_29
896,1_29_chr7_25856979_25857429_bi,reverse,SNP,44,0.0037212449255751017,59,0.0018682710576314124,L2R2TGE,LTGE,L2R2TGE / LTGE,0.9940815658769043,1_29
897,1_30_chr9_126805681_126806202_bi,forward,noSNP,49,0.004144113667117727,156,0.004939835338822039,L2R2TGE,LTGE,L2R2TGE / LTGE,-0.2533993781455916,1_30
898,1_30_chr9_126805681_126806202_bi,reverse,noSNP,123,0.01040257104194858,198,0.006269791006966435,L2R2TGE,LTGE,L2R2TGE / LTGE,0.7304508818610786,1_30
899,1_5_chr1_33127099_33127603_bi,forward,noSNP,68,0.005751014884979702,259,0.008201393286890436,L2R2TGE,LTGE,L2R2TGE / LTGE,-0.5120524498347659,1_5
900,1_5_chr1_33127099_33127603_bi,reverse,noSNP,1,8.457374830852504e-05,316,0.010006333122229259,L2R2TGE,LTGE,L2R2TGE / LTGE,-6.886487751575655,1_5
901,1_7_chr10_110211049_110211924_bi,forward,noSNP,84,0.007104194857916103,192,0.0060797973400886635,L2R2TGE,LTGE,L2R2TGE / LTGE,0.22464791865905245,1_7
902,1_7_chr10_110211049_110211924_bi,reverse,noSNP,65,0.005497293640054127,28,0.0008866371120962635,L2R2TGE,LTGE,L2R2TGE / LTGE,2.6323058875722984,1_7
903,1_8_chr10_4663047_4663594_bi,forward,noSNP,799,0.0675744248985115,350,0.011082963901203294,L2R2TGE,LTGE,L2R2TGE / LTGE,2.6081335776970964,1_8
904,1_8_chr10_4663047_4663594_bi,reverse,noSNP,1,8.457374830852504e-05,431,0.013647878404053198,L2R2TGE,LTGE,L2R2TGE / LTGE,-7.33425106248765,1_8
905,1_9_chr10_71860316_71860874_bi,forward,noSNP,29,0.002452638700947226,60,0.0018999366687777073,L2R2TGE,LTGE,L2R2TGE / LTGE,0.36838339612050214,1_9
906,1_9_chr10_71860316_71860874_bi,reverse,noSNP,110,0.009303112313937753,37,0.0011716276124129196,L2R2TGE,LTGE,L2R2TGE / LTGE,2.989199344497158,1_9
907,22,any_orientation,any_SNP,255,0.021566305818673883,4721,0.14949335022165927,L2R2TGE,LTGE,L2R2TGE / LTGE,-2.793230334143687,22
908,2_10_chr16_3305171_3305501_rc,forward,SNP,242,0.020466847090663057,276,0.008739708676377455,L2R2TGE,LTGE,L2R2TGE / LTGE,1.2276317770978735,2_10
909,2_10_chr16_3305171_3305501_rc,forward,noSNP,291,0.024610960757780784,329,0.010417986067131096,L2R2TGE,LTGE,L2R2TGE / LTGE,1.2402245657744904,2_10
910,2_10_chr16_3305171_3305501_rc,reverse,SNP,1,8.457374830852504e-05,213,0.006744775174160862,L2R2TGE,LTGE,L2R2TGE / LTGE,-6.31741662362439,2_10
911,2_10_chr16_3305171_3305501_rc,reverse,noSNP,134,0.011332882273342355,248,0.007853071564281191,L2R2TGE,LTGE,L2R2TGE / LTGE,0.5291858766723455,2_10
912,2_11_chr16_4538333_4538583_rc,reverse,SNP,2,0.00016914749661705008,17,0.0005383153894870171,L2R2TGE,LTGE,L2R2TGE / LTGE,-1.670169844648891,2_11
913,2_12_chr17_58692543_58692822_fw,forward,noSNP,14,0.0011840324763193505,102,0.0032298923369221025,L2R2TGE,LTGE,L2R2TGE / LTGE,-1.447777423312443,2_12
914,2_12_chr17_58692543_58692822_fw,reverse,noSNP,24,0.0020297699594046007,106,0.0033565547815072832,L2R2TGE,LTGE,L2R2TGE / LTGE,-0.7256649572405948,2_12
915,2_13_chr19_41397182_41397493_rc,forward,SNP,30,0.002537212449255751,279,0.00883470550981634,L2R2TGE,LTGE,L2R2TGE / LTGE,-1.7999377196192206,2_13
916,2_13_chr19_41397182_41397493_rc,forward,noSNP,26,0.002198917456021651,325,0.010291323622545916,L2R2TGE,LTGE,L2R2TGE / LTGE,-2.2265631931732766,2_13
917,2_13_chr19_41397182_41397493_rc,reverse,SNP,67,0.005666441136671177,217,0.006871437618746042,L2R2TGE,LTGE,L2R2TGE / LTGE,-0.27816904538525844,2_13
918,2_13_chr19_41397182_41397493_rc,reverse,noSNP,101,0.008541948579161029,316,0.010006333122229259,L2R2TGE,LTGE,L2R2TGE / LTGE,-0.22827626882385968,2_13
919,2_15_chr3_122793601_122793905_rc,forward,SNP,31,0.0026217861975642762,125,0.003958201393286891,L2R2TGE,LTGE,L2R2TGE / LTGE,-0.5942949776737636,2_15
920,2_15_chr3_122793601_122793905_rc,forward,noSNP,18,0.0015223274695534506,135,0.004274857504749842,L2R2TGE,LTGE,L2R2TGE / LTGE,-1.4895975990070702,2_15
921,2_15_chr3_122793601_122793905_rc,reverse,SNP,26,0.002198917456021651,87,0.002754908169727676,L2R2TGE,LTGE,L2R2TGE / LTGE,-0.3252107811061879,2_15
922,2_15_chr3_122793601_122793905_rc,reverse,noSNP,28,0.002368064952638701,56,0.001773274224192527,L2R2TGE,LTGE,L2R2TGE / LTGE,0.41729299660144825,2_15
923,2_16_chr6_108562603_108562763_rc,forward,noSNP,189,0.01598443843031123,337,0.010671310956301456,L2R2TGE,LTGE,L2R2TGE / LTGE,0.5829306396406625,2_16
924,2_16_chr6_108562603_108562763_rc,reverse,noSNP,83,0.0070196211096075775,330,0.01044965167827739,L2R2TGE,LTGE,L2R2TGE / LTGE,-0.5739897862974426,2_16
925,2_17_chr7_149685_149919_fw,forward,SNP,12,0.0010148849797023004,96,0.0030398986700443317,L2R2TGE,LTGE,L2R2TGE / LTGE,-1.5827070033985515,2_17
926,2_17_chr7_149685_149919_fw,forward,noSNP,5,0.0004228687415426252,83,0.002628245725142495,L2R2TGE,LTGE,L2R2TGE / LTGE,-2.635818339858114,2_17
927,2_17_chr7_149685_149919_fw,reverse,SNP,20,0.0016914749661705007,80,0.00253324889170361,L2R2TGE,LTGE,L2R2TGE / LTGE,-0.5827070033985517,2_17
928,2_17_chr7_149685_149919_fw,reverse,noSNP,8,0.0006765899864682003,70,0.002216592780240659,L2R2TGE,LTGE,L2R2TGE / LTGE,-1.711990020343518,2_17
929,2_18_chr7_26398513_26398756_fw,reverse,SNP,1,8.457374830852504e-05,449,0.014217859404686511,L2R2TGE,LTGE,L2R2TGE / LTGE,-7.393278638139699,2_18
930,2_19_chr7_27168362_27168894_fw,forward,SNP,14,0.0011840324763193505,261,0.008264724509183027,L2R2TGE,LTGE,L2R2TGE / LTGE,-2.8032580779108316,2_19
931,2_19_chr7_27168362_27168894_fw,forward,noSNP,1,8.457374830852504e-05,146,0.004623179227359088,L2R2TGE,LTGE,L2R2TGE / LTGE,-5.7725315622785685,2_19
932,2_19_chr7_27168362_27168894_fw,reverse,SNP,10,0.0008457374830852503,313,0.009911336288790373,L2R2TGE,LTGE,L2R2TGE / LTGE,-3.5507977554438077,2_19
933,2_19_chr7_27168362_27168894_fw,reverse,noSNP,14,0.0011840324763193505,264,0.008359721342621912,L2R2TGE,LTGE,L2R2TGE / LTGE,-2.819746200699401,2_19
934,2_1_chr10_24208466_24209279_fw,forward,SNP,21,0.0017760487144790258,37,0.0011716276124129196,L2R2TGE,LTGE,L2R2TGE / LTGE,0.6001570537512587,2_1
935,2_1_chr10_24208466_24209279_fw,forward,noSNP,21,0.0017760487144790258,47,0.0014882837238758709,L2R2TGE,LTGE,L2R2TGE / LTGE,0.25502156770257123,2_1
936,2_1_chr10_24208466_24209279_fw,reverse,SNP,3,0.0002537212449255751,84,0.0026599113362887903,L2R2TGE,LTGE,L2R2TGE / LTGE,-3.390061925456156,2_1
937,2_1_chr10_24208466_24209279_fw,reverse,noSNP,2,0.00016914749661705008,52,0.0016466117796073464,L2R2TGE,LTGE,L2R2TGE / LTGE,-3.283146721539644,2_1
938,2_20_chr7_7566677_7567687_fw,forward,SNP,10,0.0008457374830852503,59,0.0018682710576314124,L2R2TGE,LTGE,L2R2TGE / LTGE,-1.1434219578730307,2_20
939,2_20_chr7_7566677_7567687_fw,forward,noSNP,25,0.002114343707713126,37,0.0011716276124129196,L2R2TGE,LTGE,L2R2TGE / LTGE,0.8516958207472232,2_20
940,2_20_chr7_7566677_7567687_fw,reverse,noSNP,46,0.0038903924221921514,118,0.0037365421152628247,L2R2TGE,LTGE,L2R2TGE / LTGE,0.05821190329661986,2_20
941,2_22_chr10_122375105_122375476_rc__2_21_chr10_122375073_122375541_fw,forward,SNP,9,0.0007611637347767253,88,0.002786573780873971,L2R2TGE,LTGE,L2R2TGE / LTGE,-1.8722136205935367,2_22
942,2_22_chr10_122375105_122375476_rc__2_21_chr10_122375073_122375541_fw,forward,noSNP,9,0.0007611637347767253,86,0.0027232425585813807,L2R2TGE,LTGE,L2R2TGE / LTGE,-1.8390467566583373,2_22
943,2_22_chr10_122375105_122375476_rc__2_21_chr10_122375073_122375541_fw,reverse,SNP,6,0.0005074424898511502,36,0.0011399620012666244,L2R2TGE,LTGE,L2R2TGE / LTGE,-1.1676695041197078,2_22
944,2_22_chr10_122375105_122375476_rc__2_21_chr10_122375073_122375541_fw,reverse,noSNP,3,0.0002537212449255751,53,0.0016782773907536416,L2R2TGE,LTGE,L2R2TGE / LTGE,-2.725664957240595,2_22
945,2_23_chr12_53046798_53047380_fw__2_24_chr12_53046888_53047426_rc,forward,SNP,7,0.0005920162381596753,52,0.0016466117796073464,L2R2TGE,LTGE,L2R2TGE / LTGE,-1.4757917994820395,2_23
946,2_23_chr12_53046798_53047380_fw__2_24_chr12_53046888_53047426_rc,forward,noSNP,8,0.0006765899864682003,60,0.0018999366687777073,L2R2TGE,LTGE,L2R2TGE / LTGE,-1.48959759900707,2_23
947,2_23_chr12_53046798_53047380_fw__2_24_chr12_53046888_53047426_rc,reverse,SNP,14,0.0011840324763193505,52,0.0016466117796073464,L2R2TGE,LTGE,L2R2TGE / LTGE,-0.4757917994820396,2_23
948,2_23_chr12_53046798_53047380_fw__2_24_chr12_53046888_53047426_rc,reverse,noSNP,7,0.0005920162381596753,71,0.0022482583913869536,L2R2TGE,LTGE,L2R2TGE / LTGE,-1.9250992008456294,2_23
949,2_32_chr22_44023936_44024267_rc__2_31_chr22_44023811_44024452_fw,forward,SNP,31,0.0026217861975642762,110,0.0034832172260924636,L2R2TGE,LTGE,L2R2TGE / LTGE,-0.4098704065363359,2_32
950,2_32_chr22_44023936_44024267_rc__2_31_chr22_44023811_44024452_fw,forward,noSNP,16,0.0013531799729364006,54,0.0017099430018999366,L2R2TGE,LTGE,L2R2TGE / LTGE,-0.3375945055620201,2_32
951,2_32_chr22_44023936_44024267_rc__2_31_chr22_44023811_44024452_fw,reverse,SNP,28,0.002368064952638701,54,0.0017099430018999366,L2R2TGE,LTGE,L2R2TGE / LTGE,0.4697604164955839,2_32
952,2_32_chr22_44023936_44024267_rc__2_31_chr22_44023811_44024452_fw,reverse,noSNP,24,0.0020297699594046007,66,0.002089930335655478,L2R2TGE,LTGE,L2R2TGE / LTGE,-0.042138622035848894,2_32
953,2_33_chr5_132369336_132370461_fw__2_34_chr5_132369418_132370280_rc,forward,SNP,7,0.0005920162381596753,31,0.0009816339455351489,L2R2TGE,LTGE,L2R2TGE / LTGE,-0.7295483917278227,2_33
954,2_33_chr5_132369336_132370461_fw__2_34_chr5_132369418_132370280_rc,forward,noSNP,26,0.002198917456021651,36,0.0011399620012666244,L2R2TGE,LTGE,L2R2TGE / LTGE,0.9478077133002282,2_33
955,2_33_chr5_132369336_132370461_fw__2_34_chr5_132369418_132370280_rc,reverse,SNP,7,0.0005920162381596753,43,0.0013616212792906903,L2R2TGE,LTGE,L2R2TGE / LTGE,-1.2016168360430455,2_33
956,2_33_chr5_132369336_132370461_fw__2_34_chr5_132369418_132370280_rc,reverse,noSNP,1,8.457374830852504e-05,34,0.0010766307789740342,L2R2TGE,LTGE,L2R2TGE / LTGE,-3.670169844648891,2_33
957,2_39_chr14_100375283_100375730_rc__2_35_chr14_100375283_100375730_rc,forward,SNP,48,0.0040595399188092015,330,0.01044965167827739,L2R2TGE,LTGE,L2R2TGE / LTGE,-1.364066716923211,2_39
958,2_39_chr14_100375283_100375730_rc__2_35_chr14_100375283_100375730_rc,forward,noSNP,104,0.008795669824086604,369,0.0116846105129829,L2R2TGE,LTGE,L2R2TGE / LTGE,-0.4097442913178555,2_39
959,2_39_chr14_100375283_100375730_rc__2_35_chr14_100375283_100375730_rc,reverse,SNP,22,0.0018606224627875508,214,0.006776440785307156,L2R2TGE,LTGE,L2R2TGE / LTGE,-1.8647423711624014,2_39
960,2_3_chr10_71888998_71889183_rc,forward,SNP,12,0.0010148849797023004,32,0.001013299556681444,L2R2TGE,LTGE,L2R2TGE / LTGE,0.002255497322604341,2_3
961,2_3_chr10_71888998_71889183_rc,forward,noSNP,10,0.0008457374830852503,18,0.0005699810006333122,L2R2TGE,LTGE,L2R2TGE / LTGE,0.5692960900464984,2_3
962,2_40_chr2_27890876_27891263_rc__2_36_chr2_27890876_27891263_rc,forward,SNP,11,0.0009303112313937754,52,0.0016466117796073464,L2R2TGE,LTGE,L2R2TGE / LTGE,-0.8237151029023466,2_40
963,2_40_chr2_27890876_27891263_rc__2_36_chr2_27890876_27891263_rc,forward,noSNP,20,0.0016914749661705007,41,0.0012982900569981002,L2R2TGE,LTGE,L2R2TGE / LTGE,0.3816690868707269,2_40
964,2_40_chr2_27890876_27891263_rc__2_36_chr2_27890876_27891263_rc,reverse,SNP,15,0.0012686062246278756,59,0.0018682710576314124,L2R2TGE,LTGE,L2R2TGE / LTGE,-0.5584594571518744,2_40
965,2_40_chr2_27890876_27891263_rc__2_36_chr2_27890876_27891263_rc,reverse,noSNP,17,0.0014377537212449255,40,0.001266624445851805,L2R2TGE,LTGE,L2R2TGE / LTGE,0.18282774296442536,2_40
966,2_41_chr2_29114692_29115684_fw__2_37_chr2_29114692_29115684_fw,forward,SNP,10,0.0008457374830852503,122,0.003863204559848005,L2R2TGE,LTGE,L2R2TGE / LTGE,-2.1915162460740754,2_41
967,2_41_chr2_29114692_29115684_fw__2_37_chr2_29114692_29115684_fw,reverse,SNP,20,0.0016914749661705007,104,0.003293223559214693,L2R2TGE,LTGE,L2R2TGE / LTGE,-0.9612186266522815,2_41
968,2_41_chr2_29114692_29115684_fw__2_37_chr2_29114692_29115684_fw,reverse,noSNP,15,0.0012686062246278756,38,0.0012032932235592148,L2R2TGE,LTGE,L2R2TGE / LTGE,0.07625607876638131,2_41
969,2_42_chr7_158818580_158818984_rc__2_38_chr7_158818580_158818984_rc,forward,SNP,1,8.457374830852504e-05,258,0.008169727675744141,L2R2TGE,LTGE,L2R2TGE / LTGE,-6.593934258821806,2_42
970,2_42_chr7_158818580_158818984_rc__2_38_chr7_158818580_158818984_rc,forward,noSNP,1,8.457374830852504e-05,263,0.008328055731475617,L2R2TGE,LTGE,L2R2TGE / LTGE,-6.621625992690854,2_42
971,2_42_chr7_158818580_158818984_rc__2_38_chr7_158818580_158818984_rc,reverse,SNP,37,0.003129228687415426,222,0.0070297656744775176,L2R2TGE,LTGE,L2R2TGE / LTGE,-1.1676695041197078,2_42
972,2_42_chr7_158818580_158818984_rc__2_38_chr7_158818580_158818984_rc,reverse,noSNP,34,0.002875507442489851,281,0.00889803673210893,L2R2TGE,LTGE,L2R2TGE / LTGE,-1.6296704823691386,2_42
973,2_5_chr12_2959230_2960351_fw,forward,SNP,7,0.0005920162381596753,48,0.0015199493350221659,L2R2TGE,LTGE,L2R2TGE / LTGE,-1.3603145820621036,2_5
974,2_5_chr12_2959230_2960351_fw,forward,noSNP,3,0.0002537212449255751,47,0.0014882837238758709,L2R2TGE,LTGE,L2R2TGE / LTGE,-2.552333354355033,2_5
975,2_5_chr12_2959230_2960351_fw,reverse,SNP,4,0.00033829499323410016,29,0.0009183027232425586,L2R2TGE,LTGE,L2R2TGE / LTGE,-1.4406879985261236,2_5
976,2_5_chr12_2959230_2960351_fw,reverse,noSNP,1,8.457374830852504e-05,37,0.0011716276124129196,L2R2TGE,LTGE,L2R2TGE / LTGE,-3.7921603690275014,2_5
977,2_6_chr12_57611320_57611561_fw,forward,SNP,1,8.457374830852504e-05,51,0.0016149461684610512,L2R2TGE,LTGE,L2R2TGE / LTGE,-4.255132345370047,2_6
978,2_6_chr12_57611320_57611561_fw,reverse,SNP,11,0.0009303112313937754,31,0.0009816339455351489,L2R2TGE,LTGE,L2R2TGE / LTGE,-0.07747169514812963,2_6
979,2_6_chr12_57611320_57611561_fw,reverse,noSNP,9,0.0007611637347767253,15,0.00047498416719442683,L2R2TGE,LTGE,L2R2TGE / LTGE,0.6803274024352423,2_6
980,2_7_chr14_75069209_75069609_rc,forward,SNP,130,0.010994587280108254,307,0.009721342621912602,L2R2TGE,LTGE,L2R2TGE / LTGE,0.17756596425972365,2_7
981,2_7_chr14_75069209_75069609_rc,forward,noSNP,12,0.0010148849797023004,32,0.001013299556681444,L2R2TGE,LTGE,L2R2TGE / LTGE,0.002255497322604341,2_7
982,2_7_chr14_75069209_75069609_rc,reverse,SNP,75,0.006343031123139378,204,0.006459784673844205,L2R2TGE,LTGE,L2R2TGE / LTGE,-0.026313654874166165,2_7
983,2_7_chr14_75069209_75069609_rc,reverse,noSNP,4,0.00033829499323410016,34,0.0010766307789740342,L2R2TGE,LTGE,L2R2TGE / LTGE,-1.670169844648891,2_7
984,3,reverse,SNP,6,0.0005074424898511502,75,0.0023749208359721344,L2R2TGE,LTGE,L2R2TGE / LTGE,-2.2265631931732766,3
985,4,reverse,any_SNP,188,0.015899864682002707,871,0.027580747308423054,L2R2TGE,LTGE,L2R2TGE / LTGE,-0.7946470603197788,4
986,8,any_orientation,any_SNP,55,0.0046515561569688765,392,0.012412919569347688,L2R2TGE,LTGE,L2R2TGE / LTGE,-1.4160571339891004,8
987,9,any_orientation,any_SNP,37,0.003129228687415426,1928,0.061051298290056996,L2R2TGE,LTGE,L2R2TGE / LTGE,-4.286142973999564,9
988,CMV,any_orientation,any_SNP,154,0.013024357239512856,90,0.002849905003166561,L2R2TGE,LTGE,L2R2TGE / LTGE,2.1922264409666754,CMV
989,SV40,any_orientation,any_SNP,22,0.0018606224627875508,26,0.0008233058898036732,L2R2TGE,LTGE,L2R2TGE / LTGE,1.1762848970976534,SV40
990,1_11_chr11_65418158_65418613_bi,forward,noSNP,5,0.0004533502584096473,10,0.00027867573291717756,L2R3TGE,L2TGE,L2R3TGE / L2TGE,0.7020387292349348,1_11
991,1_11_chr11_65418158_65418613_bi,reverse,noSNP,6,0.0005440203100915768,11,0.0003065433062088953,L2R3TGE,L2TGE,L2R3TGE / L2TGE,0.8275696113187938,1_11
992,1_15_chr15_40098659_40099167_bi,forward,noSNP,14,0.0012693807235470125,11,0.0003065433062088953,L2R3TGE,L2TGE,L2R3TGE / L2TGE,2.049962032655242,1_15
993,1_15_chr15_40098659_40099167_bi,reverse,noSNP,21,0.0019040710853205187,19,0.0005294838925426374,L2R3TGE,L2TGE,L2R3TGE / L2TGE,1.8464286385701096,1_15
994,1_16_chr16_30805349_30805831_bi,forward,noSNP,280,0.025387614470940248,472,0.013153494593690782,L2R3TGE,L2TGE,L2R3TGE / L2TGE,0.9486786968180599,1_16
995,1_16_chr16_30805349_30805831_bi,reverse,noSNP,153,0.013872517907335208,452,0.012596143127856426,L2R3TGE,L2TGE,L2R3TGE / L2TGE,0.13924760951239912,1_16
996,1_17_chr16_73068918_73069480_bi,forward,noSNP,104,0.009429685374920664,93,0.0025916843161297516,L2R3TGE,L2TGE,L2R3TGE / L2TGE,1.8633196362679956,1_17
997,1_17_chr16_73068918_73069480_bi,reverse,noSNP,47,0.004261492429050684,59,0.0016441868242113478,L2R3TGE,L2TGE,L2R3TGE / L2TGE,1.3739845315507306,1_17
998,1_18_chr16_74297506_74297928_bi,forward,noSNP,160,0.014507208269108713,262,0.0073013042024300525,L2R3TGE,L2TGE,L2R3TGE / L2TGE,0.9905438225848467,1_18
999,1_18_chr16_74297506_74297928_bi,reverse,noSNP,105,0.009520355426602593,254,0.00707836361609631,L2R3TGE,L2TGE,L2R3TGE / L2TGE,0.4275995601288917,1_18
1000,1_19_chr16_807619_808176_bi,forward,SNP,18,0.0016320609302747304,20,0.0005573514658343551,L2R3TGE,L2TGE,L2R3TGE / L2TGE,1.550035635789885,1_19
1001,1_19_chr16_807619_808176_bi,forward,noSNP,3,0.0002720101550457884,8,0.00022294058633374206,L2R3TGE,L2TGE,L2R3TGE / L2TGE,0.2870012299560911,1_19
1002,1_19_chr16_807619_808176_bi,reverse,SNP,15,0.0013600507752289418,17,0.00047374874595920187,L2R3TGE,L2TGE,L2R3TGE / L2TGE,1.5214664835931138,1_19
1003,1_19_chr16_807619_808176_bi,reverse,noSNP,48,0.004352162480732614,29,0.0008081596254598149,L2R3TGE,L2TGE,L2R3TGE / L2TGE,2.429020234828519,1_19
1004,1_1_chr1_156748909_156749379_bi,forward,noSNP,1,9.067005168192946e-05,91,0.002535949169546316,L2R3TGE,L2TGE,L2R3TGE / L2TGE,-4.805755910963761,1_1
1005,1_20_chr16_87853532_87854041_bi,forward,SNP,5,0.0004533502584096473,19,0.0005294838925426374,L2R3TGE,L2TGE,L2R3TGE / L2TGE,-0.22396068932128843,1_20
1006,1_20_chr16_87853532_87854041_bi,forward,noSNP,2,0.00018134010336385892,6,0.00016720543975030653,L2R3TGE,L2TGE,L2R3TGE / L2TGE,0.11707622851377876,1_20
1007,1_20_chr16_87853532_87854041_bi,reverse,SNP,19,0.0017227309819566597,30,0.0008360271987515327,L2R3TGE,L2TGE,L2R3TGE / L2TGE,1.0430756470700018,1_20
1008,1_20_chr16_87853532_87854041_bi,reverse,noSNP,39,0.003536132015595249,22,0.0006130866124177906,L2R3TGE,L2TGE,L2R3TGE / L2TGE,2.528009329459886,1_20
1009,1_23_chr2_70142583_70143144_bi,forward,SNP,77,0.006981593979508568,50,0.0013933786645858879,L2R3TGE,L2TGE,L2R3TGE / L2TGE,2.3249690801551117,1_23
1010,1_23_chr2_70142583_70143144_bi,forward,noSNP,656,0.05947955390334572,829,0.02310221825883402,L2R3TGE,L2TGE,L2R3TGE / L2TGE,1.3643624423572682,1_23
1011,1_23_chr2_70142583_70143144_bi,reverse,SNP,4,0.00036268020672771783,13,0.00036227845279233087,L2R3TGE,L2TGE,L2R3TGE / L2TGE,0.0015990110938426624,1_23
1012,1_23_chr2_70142583_70143144_bi,reverse,noSNP,87,0.007888294496327863,628,0.017500836027198752,L2R3TGE,L2TGE,L2R3TGE / L2TGE,-1.1496385238079638,1_23
1013,1_24_chr21_29002584_29003015_bi,forward,noSNP,78,0.007072264031190498,89,0.0024802140229628804,L2R3TGE,L2TGE,L2R3TGE / L2TGE,1.5117075171307854,1_24
1014,1_24_chr21_29002584_29003015_bi,reverse,noSNP,30,0.0027201015504578836,108,0.0030096979155055177,L2R3TGE,L2TGE,L2R3TGE / L2TGE,-0.14595817732001526,1_24
1015,1_25_chr22_36465359_36465803_bi,forward,noSNP,98,0.008885665064829087,31,0.0008638947720432504,L2R3TGE,L2TGE,L2R3TGE / L2TGE,3.362552262963268,1_25
1016,1_25_chr22_36465359_36465803_bi,reverse,noSNP,38,0.0034454619639133193,29,0.0008081596254598149,L2R3TGE,L2TGE,L2R3TGE / L2TGE,2.0919852475509484,1_25
1017,1_26_chr22_40651538_40652054_bi,forward,noSNP,57,0.005168192945869979,595,0.016581206108572066,L2R3TGE,L2TGE,L2R3TGE / L2TGE,-1.6818171147956293,1_26
1018,1_26_chr22_40651538_40652054_bi,reverse,noSNP,203,0.01840602049143168,736,0.02051053394270427,L2R3TGE,L2TGE,L2R3TGE / L2TGE,-0.15618730963690192,1_26
1019,1_28_chr7_1532728_1533226_bi,forward,noSNP,13,0.001178710671865083,25,0.0006966893322929439,L2R3TGE,L2TGE,L2R3TGE / L2TGE,0.7586222576013023,1_28
1020,1_28_chr7_1532728_1533226_bi,reverse,noSNP,7,0.0006346903617735063,13,0.00036227845279233087,L2R3TGE,L2TGE,L2R3TGE / L2TGE,0.8089539331514467,1_28
1021,1_30_chr9_126805681_126806202_bi,forward,noSNP,68,0.006165563514371203,191,0.005322706498718092,L2R3TGE,L2TGE,L2R3TGE / L2TGE,0.21207274244952545,1_30
1022,1_30_chr9_126805681_126806202_bi,reverse,noSNP,84,0.007616284341282075,204,0.005684984951510422,L2R3TGE,L2TGE,L2R3TGE / L2TGE,0.4219308100421996,1_30
1023,1_5_chr1_33127099_33127603_bi,forward,noSNP,76,0.006890923927826639,395,0.011007691450228514,L2R3TGE,L2TGE,L2R3TGE / L2TGE,-0.6757426003859449,1_5
1024,1_5_chr1_33127099_33127603_bi,reverse,noSNP,188,0.017045969716202737,378,0.010533942704269312,L2R3TGE,L2TGE,L2R3TGE / L2TGE,0.6943851566914996,1_5
1025,1_7_chr10_110211049_110211924_bi,forward,noSNP,55,0.00498685284250612,206,0.005740720098093858,L2R3TGE,L2TGE,L2R3TGE / L2TGE,-0.2031020844236239,1_7
1026,1_7_chr10_110211049_110211924_bi,reverse,noSNP,53,0.004805512739142261,29,0.0008081596254598149,L2R3TGE,L2TGE,L2R3TGE / L2TGE,2.571978188670562,1_7
1027,1_8_chr10_4663047_4663594_bi,forward,noSNP,745,0.06754918850303744,81,0.0022572734366291384,L2R3TGE,L2TGE,L2R3TGE / L2TGE,4.903285341699834,1_8
1028,1_8_chr10_4663047_4663594_bi,reverse,noSNP,1290,0.116964366669689,48,0.0013376435180024523,L2R3TGE,L2TGE,L2R3TGE / L2TGE,6.450231578824395,1_8
1029,1_9_chr10_71860316_71860874_bi,forward,noSNP,24,0.002176081240366307,54,0.0015048489577527589,L2R3TGE,L2TGE,L2R3TGE / L2TGE,0.5321137277926226,1_9
1030,1_9_chr10_71860316_71860874_bi,reverse,noSNP,55,0.00498685284250612,48,0.0013376435180024523,L2R3TGE,L2TGE,L2R3TGE / L2TGE,1.8984359420384385,1_9
1031,22,any_orientation,any_SNP,246,0.022304832713754646,5351,0.14911938468398173,L2R3TGE,L2TGE,L2R3TGE / L2TGE,-2.7410395790271878,22
1032,2_10_chr16_3305171_3305501_rc,forward,SNP,265,0.024027563695711306,320,0.008917623453349682,L2R3TGE,L2TGE,L2R3TGE / L2TGE,1.429959183798134,2_10
1033,2_10_chr16_3305171_3305501_rc,forward,noSNP,299,0.02711034545289691,372,0.010366737264519007,L2R3TGE,L2TGE,L2R3TGE / L2TGE,1.3868815923250084,2_10
1034,2_10_chr16_3305171_3305501_rc,reverse,SNP,69,0.006256233566053132,219,0.006102998550886189,L2R3TGE,L2TGE,L2R3TGE / L2TGE,0.0357761264119302,2_10
1035,2_10_chr16_3305171_3305501_rc,reverse,noSNP,113,0.010245715840058029,265,0.007384906922305205,L2R3TGE,L2TGE,L2R3TGE / L2TGE,0.4723691421995611,2_10
1036,2_12_chr17_58692543_58692822_fw,forward,noSNP,29,0.0026294314987759543,148,0.004124400847174228,L2R3TGE,L2TGE,L2R3TGE / L2TGE,-0.6494336412664427,2_12
1037,2_12_chr17_58692543_58692822_fw,reverse,noSNP,22,0.001994741137002448,121,0.0033719763682978484,L2R3TGE,L2TGE,L2R3TGE / L2TGE,-0.7573928894023624,2_12
1038,2_13_chr19_41397182_41397493_rc,forward,SNP,17,0.0015413908785928008,327,0.009112696466391706,L2R3TGE,L2TGE,L2R3TGE / L2TGE,-2.5636452550128084,2_13
1039,2_13_chr19_41397182_41397493_rc,reverse,SNP,43,0.0038988122223229667,332,0.009252034332850295,L2R3TGE,L2TGE,L2R3TGE / L2TGE,-1.246735947409892,2_13
1040,2_15_chr3_122793601_122793905_rc,forward,SNP,26,0.002357421343730166,149,0.004152268420465946,L2R3TGE,L2TGE,L2R3TGE / L2TGE,-0.8166900730861345,2_15
1041,2_15_chr3_122793601_122793905_rc,forward,noSNP,29,0.0026294314987759543,170,0.004737487459592018,L2R3TGE,L2TGE,L2R3TGE / L2TGE,-0.8493712117751946,2_15
1042,2_15_chr3_122793601_122793905_rc,reverse,SNP,25,0.0022667512920482363,89,0.0024802140229628804,L2R3TGE,L2TGE,L2R3TGE / L2TGE,-0.12983851195673826,2_15
1043,2_15_chr3_122793601_122793905_rc,reverse,noSNP,17,0.0015413908785928008,66,0.0018392598372533719,L2R3TGE,L2TGE,L2R3TGE / L2TGE,-0.2548925488731791,2_15
1044,2_16_chr6_108562603_108562763_rc,forward,SNP,161,0.014597878320790642,254,0.00707836361609631,L2R3TGE,L2TGE,L2R3TGE / L2TGE,1.044270920577386,2_16
1045,2_16_chr6_108562603_108562763_rc,forward,noSNP,130,0.01178710671865083,208,0.005796455244677294,L2R3TGE,L2TGE,L2R3TGE / L2TGE,1.0239668241222972,2_16
1046,2_16_chr6_108562603_108562763_rc,reverse,SNP,68,0.006165563514371203,205,0.00571285252480214,L2R3TGE,L2TGE,L2R3TGE / L2TGE,0.1100214709798284,2_16
1047,2_16_chr6_108562603_108562763_rc,reverse,noSNP,98,0.008885665064829087,185,0.005155501058967785,L2R3TGE,L2TGE,L2R3TGE / L2TGE,0.7853671128338309,2_16
1048,2_17_chr7_149685_149919_fw,forward,SNP,3,0.0002720101550457884,104,0.002898227622338647,L2R3TGE,L2TGE,L2R3TGE / L2TGE,-3.413438488185001,2_17
1049,2_17_chr7_149685_149919_fw,forward,noSNP,6,0.0005440203100915768,104,0.002898227622338647,L2R3TGE,L2TGE,L2R3TGE / L2TGE,-2.413438488185001,2_17
1050,2_17_chr7_149685_149919_fw,reverse,SNP,23,0.0020854111886843777,102,0.002842492475755211,L2R3TGE,L2TGE,L2R3TGE / L2TGE,-0.4468246566795477,2_17
1051,2_17_chr7_149685_149919_fw,reverse,noSNP,10,0.0009067005168192946,85,0.002368743729796009,L2R3TGE,L2TGE,L2R3TGE / L2TGE,-1.3854241120154045,2_17
1052,2_19_chr7_27168362_27168894_fw,forward,SNP,110,0.00997370568501224,245,0.006827555456470851,L2R3TGE,L2TGE,L2R3TGE / L2TGE,0.546760503757024,2_19
1053,2_19_chr7_27168362_27168894_fw,forward,noSNP,58,0.005258862997551909,204,0.005684984951510422,L2R3TGE,L2TGE,L2R3TGE / L2TGE,-0.11240561760898855,2_19
1054,2_19_chr7_27168362_27168894_fw,reverse,SNP,185,0.01677395956115695,316,0.008806153160182812,L2R3TGE,L2TGE,L2R3TGE / L2TGE,0.9296394415741438,2_19
1055,2_19_chr7_27168362_27168894_fw,reverse,noSNP,165,0.014960558527518361,233,0.006493144576970237,L2R3TGE,L2TGE,L2R3TGE / L2TGE,1.2041747988264706,2_19
1056,2_1_chr10_24208466_24209279_fw,forward,SNP,23,0.0020854111886843777,142,0.003957195407423921,L2R3TGE,L2TGE,L2R3TGE / L2TGE,-0.924146434212734,2_1
1057,2_1_chr10_24208466_24209279_fw,forward,noSNP,19,0.0017227309819566597,81,0.0022572734366291384,L2R3TGE,L2TGE,L2R3TGE / L2TGE,-0.38988376020610455,2_1
1058,2_1_chr10_24208466_24209279_fw,reverse,SNP,24,0.002176081240366307,202,0.005629249804926987,L2R3TGE,L2TGE,L2R3TGE / L2TGE,-1.3712102527957037,2_1
1059,2_20_chr7_7566677_7567687_fw,forward,SNP,9,0.0008160304651373652,39,0.0010868353583769925,L2R3TGE,L2TGE,L2R3TGE / L2TGE,-0.41343848818500106,2_20
1060,2_20_chr7_7566677_7567687_fw,forward,noSNP,7,0.0006346903617735063,103,0.002870360049046929,L2R3TGE,L2TGE,L2R3TGE / L2TGE,-2.1771068758906793,2_20
1061,2_20_chr7_7566677_7567687_fw,reverse,noSNP,23,0.0020854111886843777,187,0.00521123620555122,L2R3TGE,L2TGE,L2R3TGE / L2TGE,-1.3212937745956888,2_20
1062,2_22_chr10_122375105_122375476_rc__2_21_chr10_122375073_122375541_fw,forward,SNP,2,0.00018134010336385892,80,0.0022294058633374205,L2R3TGE,L2TGE,L2R3TGE / L2TGE,-3.619889365652427,2_22
1063,2_22_chr10_122375105_122375476_rc__2_21_chr10_122375073_122375541_fw,forward,noSNP,5,0.0004533502584096473,94,0.002619551889421469,L2R3TGE,L2TGE,L2R3TGE / L2TGE,-2.5306220275553404,2_22
1064,2_22_chr10_122375105_122375476_rc__2_21_chr10_122375073_122375541_fw,reverse,SNP,7,0.0006346903617735063,44,0.0012261732248355812,L2R3TGE,L2TGE,L2R3TGE / L2TGE,-0.950037967344758,2_22
1065,2_22_chr10_122375105_122375476_rc__2_21_chr10_122375073_122375541_fw,reverse,noSNP,9,0.0008160304651373652,74,0.002062200423587114,L2R3TGE,L2TGE,L2R3TGE / L2TGE,-1.3374896349517025,2_22
1066,2_23_chr12_53046798_53047380_fw__2_24_chr12_53046888_53047426_rc,forward,SNP,9,0.0008160304651373652,61,0.0016999219707947832,L2R3TGE,L2TGE,L2R3TGE / L2TGE,-1.0587736068856388,2_23
1067,2_23_chr12_53046798_53047380_fw__2_24_chr12_53046888_53047426_rc,forward,noSNP,4,0.00036268020672771783,71,0.0019785977037119606,L2R3TGE,L2TGE,L2R3TGE / L2TGE,-2.447708390269747,2_23
1068,2_23_chr12_53046798_53047380_fw__2_24_chr12_53046888_53047426_rc,reverse,SNP,8,0.0007253604134554357,63,0.0017556571173782188,L2R3TGE,L2TGE,L2R3TGE / L2TGE,-1.2752411942649817,2_23
1069,2_23_chr12_53046798_53047380_fw__2_24_chr12_53046888_53047426_rc,reverse,noSNP,4,0.00036268020672771783,86,0.002396611303087727,L2R3TGE,L2TGE,L2R3TGE / L2TGE,-2.7242260254671633,2_23
1070,2_32_chr22_44023936_44024267_rc__2_31_chr22_44023811_44024452_fw,forward,SNP,19,0.0017227309819566597,96,0.0026752870360049045,L2R3TGE,L2TGE,L2R3TGE / L2TGE,-0.6349962580426359,2_32
1071,2_32_chr22_44023936_44024267_rc__2_31_chr22_44023811_44024452_fw,forward,noSNP,16,0.0014507208269108713,67,0.0018671274105450898,L2R3TGE,L2TGE,L2R3TGE / L2TGE,-0.3640504612228377,2_32
1072,2_32_chr22_44023936_44024267_rc__2_31_chr22_44023811_44024452_fw,reverse,SNP,39,0.003536132015595249,75,0.002090067996878832,L2R3TGE,L2TGE,L2R3TGE / L2TGE,0.7586222576013023,2_32
1073,2_32_chr22_44023936_44024267_rc__2_31_chr22_44023811_44024452_fw,reverse,noSNP,30,0.0027201015504578836,80,0.0022294058633374205,L2R3TGE,L2TGE,L2R3TGE / L2TGE,0.2870012299560911,2_32
1074,2_33_chr5_132369336_132370461_fw__2_34_chr5_132369418_132370280_rc,forward,SNP,16,0.0014507208269108713,29,0.0008081596254598149,L2R3TGE,L2TGE,L2R3TGE / L2TGE,0.8440577341073627,2_33
1075,2_33_chr5_132369336_132370461_fw__2_34_chr5_132369418_132370280_rc,forward,noSNP,23,0.0020854111886843777,54,0.0015048489577527589,L2R3TGE,L2TGE,L2R3TGE / L2TGE,0.4707131831284793,2_33
1076,2_33_chr5_132369336_132370461_fw__2_34_chr5_132369418_132370280_rc,reverse,noSNP,6,0.0005440203100915768,43,0.0011983056515438636,L2R3TGE,L2TGE,L2R3TGE / L2TGE,-1.1392635247460068,2_33
1077,2_39_chr14_100375283_100375730_rc__2_35_chr14_100375283_100375730_rc,forward,SNP,107,0.009701695529966452,410,0.01142570504960428,L2R3TGE,L2TGE,L2R3TGE / L2TGE,-0.23597438386936423,2_39
1078,2_39_chr14_100375283_100375730_rc__2_35_chr14_100375283_100375730_rc,forward,noSNP,117,0.010608396046785746,407,0.011342102329729127,L2R3TGE,L2TGE,L2R3TGE / L2TGE,-0.09648153544790784,2_39
1079,2_3_chr10_71888998_71889183_rc,forward,SNP,7,0.0006346903617735063,38,0.0010589677850852749,L2R3TGE,L2TGE,L2R3TGE / L2TGE,-0.7385338621510467,2_3
1080,2_3_chr10_71888998_71889183_rc,forward,noSNP,7,0.0006346903617735063,19,0.0005294838925426374,L2R3TGE,L2TGE,L2R3TGE / L2TGE,0.2614661378489534,2_3
1081,2_40_chr2_27890876_27891263_rc__2_36_chr2_27890876_27891263_rc,forward,SNP,25,0.0022667512920482363,62,0.0017277895440865009,L2R3TGE,L2TGE,L2R3TGE / L2TGE,0.3916986086227842,2_40
1082,2_40_chr2_27890876_27891263_rc__2_36_chr2_27890876_27891263_rc,forward,noSNP,4,0.00036268020672771783,54,0.0015048489577527589,L2R3TGE,L2TGE,L2R3TGE / L2TGE,-2.0528487729285336,2_40
1083,2_40_chr2_27890876_27891263_rc__2_36_chr2_27890876_27891263_rc,reverse,SNP,29,0.0026294314987759543,68,0.0018949949838368075,L2R3TGE,L2TGE,L2R3TGE / L2TGE,0.47255688311216754,2_40
1084,2_40_chr2_27890876_27891263_rc__2_36_chr2_27890876_27891263_rc,reverse,noSNP,13,0.001178710671865083,53,0.0014769813844610412,L2R3TGE,L2TGE,L2R3TGE / L2TGE,-0.32544200718717214,2_40
1085,2_41_chr2_29114692_29115684_fw__2_37_chr2_29114692_29115684_fw,forward,SNP,13,0.001178710671865083,144,0.004012930554007357,L2R3TGE,L2TGE,L2R3TGE / L2TGE,-1.7674465540662851,2_41
1086,2_41_chr2_29114692_29115684_fw__2_37_chr2_29114692_29115684_fw,forward,noSNP,3,0.0002720101550457884,46,0.0012819083714190169,L2R3TGE,L2TGE,L2R3TGE / L2TGE,-2.236560726100922,2_41
1087,2_41_chr2_29114692_29115684_fw__2_37_chr2_29114692_29115684_fw,reverse,SNP,19,0.0017227309819566597,115,0.0032047709285475423,L2R3TGE,L2TGE,L2R3TGE / L2TGE,-0.895523808265855,2_41
1088,2_41_chr2_29114692_29115684_fw__2_37_chr2_29114692_29115684_fw,reverse,noSNP,10,0.0009067005168192946,53,0.0014769813844610412,L2R3TGE,L2TGE,L2R3TGE / L2TGE,-0.7039536304409021,2_41
1089,2_42_chr7_158818580_158818984_rc__2_38_chr7_158818580_158818984_rc,forward,SNP,49,0.004442832532414544,263,0.0073291717757217704,L2R3TGE,L2TGE,L2R3TGE / L2TGE,-0.7221704159421592,2_42
1090,2_42_chr7_158818580_158818984_rc__2_38_chr7_158818580_158818984_rc,forward,noSNP,60,0.005440203100915767,359,0.010004458811726675,L2R3TGE,L2TGE,L2R3TGE / L2TGE,-0.878910708979598,2_42
1091,2_42_chr7_158818580_158818984_rc__2_38_chr7_158818580_158818984_rc,reverse,SNP,17,0.0015413908785928008,313,0.008722550440307657,L2R3TGE,L2TGE,L2R3TGE / L2TGE,-2.500517276447344,2_42
1092,2_42_chr7_158818580_158818984_rc__2_38_chr7_158818580_158818984_rc,reverse,noSNP,9,0.0008160304651373652,330,0.00919629918626686,L2R3TGE,L2TGE,L2R3TGE / L2TGE,-3.4943584835685684,2_42
1093,2_5_chr12_2959230_2960351_fw,forward,SNP,6,0.0005440203100915768,46,0.0012819083714190169,L2R3TGE,L2TGE,L2R3TGE / L2TGE,-1.236560726100922,2_5
1094,2_5_chr12_2959230_2960351_fw,forward,noSNP,1,9.067005168192946e-05,51,0.0014212462378776056,L2R3TGE,L2TGE,L2R3TGE / L2TGE,-3.9703866127365606,2_5
1095,2_5_chr12_2959230_2960351_fw,reverse,SNP,10,0.0009067005168192946,38,0.0010589677850852749,L2R3TGE,L2TGE,L2R3TGE / L2TGE,-0.22396068932128843,2_5
1096,2_5_chr12_2959230_2960351_fw,reverse,noSNP,1,9.067005168192946e-05,48,0.0013376435180024523,L2R3TGE,L2TGE,L2R3TGE / L2TGE,-3.882923771486221,2_5
1097,2_6_chr12_57611320_57611561_fw,forward,noSNP,3,0.0002720101550457884,35,0.0009753650652101215,L2R3TGE,L2TGE,L2R3TGE / L2TGE,-1.8422817869888757,2_6
1098,2_6_chr12_57611320_57611561_fw,reverse,noSNP,14,0.0012693807235470125,29,0.0008081596254598149,L2R3TGE,L2TGE,L2R3TGE / L2TGE,0.651412656164967,2_6
1099,2_7_chr14_75069209_75069609_rc,forward,noSNP,129,0.0116964366669689,42,0.0011704380782521459,L2R3TGE,L2TGE,L2R3TGE / L2TGE,3.3209485618794283,2_7
1100,2_7_chr14_75069209_75069609_rc,reverse,noSNP,64,0.005802883307643485,44,0.0012261732248355812,L2R3TGE,L2TGE,L2R3TGE / L2TGE,2.2426071105976377,2_7
1101,3,reverse,SNP,6,0.0005440203100915768,82,0.002285141009920856,L2R3TGE,L2TGE,L2R3TGE / L2TGE,-2.0705507746619927,3
1102,4,forward,any_SNP,40,0.0036268020672771783,1331,0.037091740051276335,L2R3TGE,L2TGE,L2R3TGE / L2TGE,-3.3543280317895947,4
1103,4,reverse,any_SNP,164,0.01486988847583643,881,0.024551332070003345,L2R3TGE,L2TGE,L2R3TGE / L2TGE,-0.7234074750673952,4
1104,8,any_orientation,any_SNP,28,0.002538761447094025,442,0.012317467394939248,L2R3TGE,L2TGE,L2R3TGE / L2TGE,-2.2785089080988925,8
1105,9,any_orientation,any_SNP,11,0.000997370568501224,2120,0.05907925537844164,L2R3TGE,L2TGE,L2R3TGE / L2TGE,-5.8883782015783295,9
1106,CMV,any_orientation,any_SNP,90,0.008160304651373651,107,0.0029818303422138,L2R3TGE,L2TGE,L2R3TGE / L2TGE,1.4524248391634627,CMV
1107,SV40,any_orientation,any_SNP,8,0.0007253604134554357,30,0.0008360271987515327,L2R3TGE,L2TGE,L2R3TGE / L2TGE,-0.20485186637358366,SV40
1108,1_11_chr11_65418158_65418613_bi,forward,noSNP,5,0.0004533502584096473,9,0.0003413487066676781,L2R3TGE,L3TGE,L2R3TGE / L3TGE,0.40937982158481684,1_11
1109,1_11_chr11_65418158_65418613_bi,reverse,noSNP,6,0.0005440203100915768,11,0.00041720397481605096,L2R3TGE,L3TGE,L2R3TGE / L3TGE,0.3829076102236259,1_11
1110,1_15_chr15_40098659_40099167_bi,forward,noSNP,14,0.0012693807235470125,8,0.0003034210725934916,L2R3TGE,L3TGE,L2R3TGE / L3TGE,2.0647316501973716,1_15
1111,1_15_chr15_40098659_40099167_bi,reverse,noSNP,21,0.0019040710853205187,19,0.0007206250474095426,L2R3TGE,L3TGE,L2R3TGE / L3TGE,1.4017666374749418,1_15
1112,1_16_chr16_30805349_30805831_bi,forward,noSNP,280,0.025387614470940248,376,0.014260790411894106,L2R3TGE,L3TGE,L2R3TGE / L3TGE,0.8320708934070961,1_16
1113,1_16_chr16_30805349_30805831_bi,reverse,noSNP,153,0.013872517907335208,312,0.011833421831146173,L2R3TGE,L3TGE,L2R3TGE / L3TGE,0.22936235197017055,1_16
1114,1_17_chr16_73068918_73069480_bi,forward,noSNP,104,0.009429685374920664,84,0.003185921262231662,L2R3TGE,L3TGE,L2R3TGE / L3TGE,1.565499023502099,1_17
1115,1_17_chr16_73068918_73069480_bi,reverse,noSNP,47,0.004261492429050684,44,0.0016688158992642038,L2R3TGE,L3TGE,L2R3TGE / L3TGE,1.352533961180107,1_17
1116,1_18_chr16_74297506_74297928_bi,forward,noSNP,160,0.014507208269108713,176,0.006675263597056815,L2R3TGE,L3TGE,L2R3TGE / L3TGE,1.119873204389832,1_18
1117,1_18_chr16_74297506_74297928_bi,reverse,noSNP,105,0.009520355426602593,192,0.007282105742243799,L2R3TGE,L3TGE,L2R3TGE / L3TGE,0.38665974508473333,1_18
1118,1_19_chr16_807619_808176_bi,forward,SNP,18,0.0016320609302747304,20,0.000758552681483729,L2R3TGE,L3TGE,L2R3TGE / L3TGE,1.105373634694717,1_19
1119,1_19_chr16_807619_808176_bi,forward,noSNP,3,0.0002720101550457884,9,0.0003413487066676781,L2R3TGE,L3TGE,L2R3TGE / L3TGE,-0.32758577258138927,1_19
1120,1_19_chr16_807619_808176_bi,reverse,SNP,15,0.0013600507752289418,13,0.0004930592429644239,L2R3TGE,L3TGE,L2R3TGE / L3TGE,1.4638276056071933,1_19
1121,1_19_chr16_807619_808176_bi,reverse,noSNP,48,0.004352162480732614,19,0.0007206250474095426,L2R3TGE,L3TGE,L2R3TGE / L3TGE,2.594411715417338,1_19
1122,1_1_chr1_156748909_156749379_bi,forward,noSNP,1,9.067005168192946e-05,66,0.002503223848896306,L2R3TGE,L3TGE,L2R3TGE / L3TGE,-4.787017391218686,1_1
1123,1_20_chr16_87853532_87854041_bi,forward,SNP,5,0.0004533502584096473,11,0.00041720397481605096,L2R3TGE,L3TGE,L2R3TGE / L3TGE,0.11987320438983207,1_20
1124,1_20_chr16_87853532_87854041_bi,forward,noSNP,2,0.00018134010336385892,5,0.00018963817037093226,L2R3TGE,L3TGE,L2R3TGE / L3TGE,-0.0645513667475954,1_20
1125,1_20_chr16_87853532_87854041_bi,reverse,SNP,19,0.0017227309819566597,21,0.0007964803155579155,L2R3TGE,L3TGE,L2R3TGE / L3TGE,1.112986818804592,1_20
1126,1_20_chr16_87853532_87854041_bi,reverse,noSNP,39,0.003536132015595249,28,0.0010619737540772207,L2R3TGE,L3TGE,L2R3TGE / L3TGE,1.7354240249444113,1_20
1127,1_23_chr2_70142583_70143144_bi,forward,noSNP,656,0.05947955390334572,667,0.025297731927482362,L2R3TGE,L3TGE,L2R3TGE / L3TGE,1.2333857815732656,1_23
1128,1_23_chr2_70142583_70143144_bi,reverse,noSNP,87,0.007888294496327863,528,0.020025790791170447,L2R3TGE,L3TGE,L2R3TGE / L3TGE,-1.3440738953699582,1_23
1129,1_24_chr21_29002584_29003015_bi,forward,noSNP,78,0.007072264031190498,98,0.0037169081392702725,L2R3TGE,L3TGE,L2R3TGE / L3TGE,0.928069102886807,1_24
1130,1_24_chr21_29002584_29003015_bi,reverse,noSNP,30,0.0027201015504578836,77,0.0029204278237123567,L2R3TGE,L3TGE,L2R3TGE / L3TGE,-0.10251921694661588,1_24
1131,1_25_chr22_36465359_36465803_bi,forward,noSNP,98,0.008885665064829087,58,0.0021998027763028144,L2R3TGE,L3TGE,L2R3TGE / L3TGE,2.014105577127403,1_25
1132,1_25_chr22_36465359_36465803_bi,reverse,noSNP,38,0.0034454619639133193,67,0.0025411514829704923,L2R3TGE,L3TGE,L2R3TGE / L3TGE,0.4392150511255799,1_25
1133,1_26_chr22_40651538_40652054_bi,forward,noSNP,57,0.005168192945869979,453,0.017181218235606463,L2R3TGE,L3TGE,L2R3TGE / L3TGE,-1.7331004977417264,1_26
1134,1_26_chr22_40651538_40652054_bi,reverse,noSNP,203,0.01840602049143168,530,0.020101646059318818,L2R3TGE,L3TGE,L2R3TGE / L3TGE,-0.12713590412561837,1_26
1135,1_28_chr7_1532728_1533226_bi,forward,noSNP,13,0.001178710671865083,18,0.0006826974133353562,L2R3TGE,L3TGE,L2R3TGE / L3TGE,0.7878914448385468,1_28
1136,1_28_chr7_1532728_1533226_bi,reverse,noSNP,7,0.0006346903617735063,12,0.00045513160889023744,L2R3TGE,L3TGE,L2R3TGE / L3TGE,0.47976914947621496,1_28
1137,1_30_chr9_126805681_126806202_bi,forward,noSNP,68,0.006165563514371203,147,0.005575362208905408,L2R3TGE,L3TGE,L2R3TGE / L3TGE,0.14516722455374204,1_30
1138,1_30_chr9_126805681_126806202_bi,reverse,noSNP,84,0.007616284341282075,149,0.005651217477053781,L2R3TGE,L3TGE,L2R3TGE / L3TGE,0.4305256304563659,1_30
1139,1_5_chr1_33127099_33127603_bi,forward,noSNP,76,0.006890923927826639,261,0.009899112493362665,L2R3TGE,L3TGE,L2R3TGE / L3TGE,-0.522601754986532,1_5
1140,1_5_chr1_33127099_33127603_bi,reverse,noSNP,188,0.017045969716202737,246,0.009330197982249867,L2R3TGE,L3TGE,L2R3TGE / L3TGE,0.8694510744781644,1_5
1141,1_7_chr10_110211049_110211924_bi,forward,noSNP,55,0.00498685284250612,162,0.006144276720018205,L2R3TGE,L3TGE,L2R3TGE / L3TGE,-0.30111356122019817,1_7
1142,1_7_chr10_110211049_110211924_bi,reverse,noSNP,53,0.004805512739142261,18,0.0006826974133353562,L2R3TGE,L3TGE,L2R3TGE / L3TGE,2.8153721812606536,1_7
1143,1_8_chr10_4663047_4663594_bi,forward,noSNP,745,0.06754918850303744,275,0.010430099370401274,L2R3TGE,L3TGE,L2R3TGE / L3TGE,2.695185535077269,1_8
1144,1_8_chr10_4663047_4663594_bi,reverse,noSNP,1290,0.116964366669689,344,0.013047106121520139,L2R3TGE,L3TGE,L2R3TGE / L3TGE,3.1642673237482857,1_8
1145,1_9_chr10_71860316_71860874_bi,forward,noSNP,24,0.002176081240366307,46,0.0017446711674125768,L2R3TGE,L3TGE,L2R3TGE / L3TGE,0.31877727280391027,1_9
1146,1_9_chr10_71860316_71860874_bi,reverse,noSNP,55,0.00498685284250612,26,0.0009861184859288477,L2R3TGE,L3TGE,L2R3TGE / L3TGE,2.3382967235233347,1_9
1147,22,any_orientation,any_SNP,246,0.022304832713754646,3778,0.1432906015322764,L2R3TGE,L3TGE,L2R3TGE / L3TGE,-2.6835157529093627,22
1148,2_10_chr16_3305171_3305501_rc,forward,SNP,265,0.024027563695711306,221,0.008382007130395205,L2R3TGE,L3TGE,L2R3TGE / L3TGE,1.519322718198897,2_10
1149,2_10_chr16_3305171_3305501_rc,forward,noSNP,299,0.02711034545289691,235,0.008912994007433816,L2R3TGE,L3TGE,L2R3TGE / L3TGE,1.6048614557728724,2_10
1150,2_10_chr16_3305171_3305501_rc,reverse,SNP,69,0.006256233566053132,152,0.0057650003792763405,L2R3TGE,L3TGE,L2R3TGE / L3TGE,0.11797367147435038,2_10
1151,2_10_chr16_3305171_3305501_rc,reverse,noSNP,113,0.010245715840058029,178,0.006751118865205188,L2R3TGE,L3TGE,L2R3TGE / L3TGE,0.601822259588557,2_10
1152,2_11_chr16_4538333_4538583_rc,reverse,SNP,1,9.067005168192946e-05,14,0.0005309868770386104,L2R3TGE,L3TGE,L2R3TGE / L3TGE,-2.549978193917837,2_11
1153,2_12_chr17_58692543_58692822_fw,forward,noSNP,29,0.0026294314987759543,85,0.0032238488963058486,L2R3TGE,L3TGE,L2R3TGE / L3TGE,-0.29403321287036277,2_12
1154,2_12_chr17_58692543_58692822_fw,reverse,noSNP,22,0.001994741137002448,88,0.0033376317985284077,L2R3TGE,L3TGE,L2R3TGE / L3TGE,-0.742623271860233,2_12
1155,2_13_chr19_41397182_41397493_rc,forward,SNP,17,0.0015413908785928008,196,0.007433816278540545,L2R3TGE,L3TGE,L2R3TGE / L3TGE,-2.269870274725102,2_13
1156,2_13_chr19_41397182_41397493_rc,forward,noSNP,36,0.0032641218605494607,297,0.011264507320033377,L2R3TGE,L3TGE,L2R3TGE / L3TGE,-1.7870173912186862,2_13
1157,2_13_chr19_41397182_41397493_rc,reverse,SNP,43,0.0038988122223229667,192,0.007282105742243799,L2R3TGE,L3TGE,L2R3TGE / L3TGE,-0.9013210178792913,2_13
1158,2_13_chr19_41397182_41397493_rc,reverse,noSNP,73,0.00661891377278085,254,0.009633619054843359,L2R3TGE,L3TGE,L2R3TGE / L3TGE,-0.5414833997523817,2_13
1159,2_15_chr3_122793601_122793905_rc,forward,SNP,26,0.002357421343730166,133,0.005044375331866798,L2R3TGE,L3TGE,L2R3TGE / L3TGE,-1.0974659892203305,2_15
1160,2_15_chr3_122793601_122793905_rc,forward,noSNP,29,0.0026294314987759543,114,0.004323750284457256,L2R3TGE,L3TGE,L2R3TGE / L3TGE,-0.7175322908974027,2_15
1161,2_15_chr3_122793601_122793905_rc,reverse,SNP,25,0.0022667512920482363,72,0.0027307896533414248,L2R3TGE,L3TGE,L2R3TGE / L3TGE,-0.268692083527821,2_15
1162,2_15_chr3_122793601_122793905_rc,reverse,noSNP,17,0.0015413908785928008,50,0.0018963817037093225,L2R3TGE,L3TGE,L2R3TGE / L3TGE,-0.29901662038461824,2_15
1163,2_16_chr6_108562603_108562763_rc,forward,noSNP,130,0.01178710671865083,8,0.0003034210725934916,L2R3TGE,L3TGE,L2R3TGE / L3TGE,5.279744541168221,2_16
1164,2_16_chr6_108562603_108562763_rc,reverse,noSNP,98,0.008885665064829087,8,0.0003034210725934916,L2R3TGE,L3TGE,L2R3TGE / L3TGE,4.872086572254975,2_16
1165,2_17_chr7_149685_149919_fw,forward,SNP,3,0.0002720101550457884,77,0.0029204278237123567,L2R3TGE,L3TGE,L2R3TGE / L3TGE,-3.424447311833978,2_17
1166,2_17_chr7_149685_149919_fw,forward,noSNP,6,0.0005440203100915768,70,0.002654934385193052,L2R3TGE,L3TGE,L2R3TGE / L3TGE,-2.2869437880840433,2_17
1167,2_17_chr7_149685_149919_fw,reverse,SNP,23,0.0020854111886843777,69,0.0026170067511188653,L2R3TGE,L3TGE,L2R3TGE / L3TGE,-0.32758577258138905,2_17
1168,2_17_chr7_149685_149919_fw,reverse,noSNP,10,0.0009067005168192946,58,0.0021998027763028144,L2R3TGE,L3TGE,L2R3TGE / L3TGE,-1.2786761721004427,2_17
1169,2_19_chr7_27168362_27168894_fw,forward,SNP,110,0.00997370568501224,158,0.0059925661837214594,L2R3TGE,L3TGE,L2R3TGE / L3TGE,0.7349556934873237,2_19
1170,2_19_chr7_27168362_27168894_fw,forward,noSNP,58,0.005258862997551909,143,0.005423651672608663,L2R3TGE,L3TGE,L2R3TGE / L3TGE,-0.04451361351105034,2_19
1171,2_19_chr7_27168362_27168894_fw,reverse,SNP,185,0.01677395956115695,179,0.006789046499279375,L2R3TGE,L3TGE,L2R3TGE / L3TGE,1.3049424113918227,2_19
1172,2_19_chr7_27168362_27168894_fw,reverse,noSNP,165,0.014960558527518361,179,0.006789046499279375,L2R3TGE,L3TGE,L2R3TGE / L3TGE,1.1398831651213264,2_19
1173,2_1_chr10_24208466_24209279_fw,reverse,SNP,24,0.002176081240366307,6,0.00022756580444511872,L2R3TGE,L3TGE,L2R3TGE / L3TGE,3.257376728139767,2_1
1174,2_20_chr7_7566677_7567687_fw,forward,SNP,9,0.0008160304651373652,5,0.00018963817037093226,L2R3TGE,L3TGE,L2R3TGE / L3TGE,2.105373634694717,2_20
1175,2_20_chr7_7566677_7567687_fw,forward,noSNP,7,0.0006346903617735063,7,0.0002654934385193052,L2R3TGE,L3TGE,L2R3TGE / L3TGE,1.257376728139767,2_20
1176,2_20_chr7_7566677_7567687_fw,reverse,SNP,12,0.0010880406201831535,51,0.001934309337783509,L2R3TGE,L3TGE,L2R3TGE / L3TGE,-0.8300861131105722,2_20
1177,2_20_chr7_7566677_7567687_fw,reverse,noSNP,23,0.0020854111886843777,94,0.0035651976029735266,L2R3TGE,L3TGE,L2R3TGE / L3TGE,-0.7736501674808575,2_20
1178,2_22_chr10_122375105_122375476_rc__2_21_chr10_122375073_122375541_fw,forward,SNP,2,0.00018134010336385892,81,0.0030721383600091027,L2R3TGE,L3TGE,L2R3TGE / L3TGE,-4.082473274744857,2_22
1179,2_22_chr10_122375105_122375476_rc__2_21_chr10_122375073_122375541_fw,forward,noSNP,5,0.0004533502584096473,54,0.0020480922400060685,L2R3TGE,L3TGE,L2R3TGE / L3TGE,-2.175582679136339,2_22
1180,2_22_chr10_122375105_122375476_rc__2_21_chr10_122375073_122375541_fw,reverse,SNP,7,0.0006346903617735063,33,0.001251611924448153,L2R3TGE,L3TGE,L2R3TGE / L3TGE,-0.9796624691610822,2_22
1181,2_22_chr10_122375105_122375476_rc__2_21_chr10_122375073_122375541_fw,reverse,noSNP,9,0.0008160304651373652,53,0.002010164605931882,L2R3TGE,L3TGE,L2R3TGE / L3TGE,-1.3006187249811196,2_22
1182,2_23_chr12_53046798_53047380_fw__2_24_chr12_53046888_53047426_rc,forward,SNP,9,0.0008160304651373652,48,0.0018205264355609498,L2R3TGE,L3TGE,L2R3TGE / L3TGE,-1.1576607711390767,2_23
1183,2_32_chr22_44023936_44024267_rc__2_31_chr22_44023811_44024452_fw,forward,SNP,19,0.0017227309819566597,75,0.0028445725555639838,L2R3TGE,L3TGE,L2R3TGE / L3TGE,-0.7235144489125285,2_32
1184,2_32_chr22_44023936_44024267_rc__2_31_chr22_44023811_44024452_fw,forward,noSNP,16,0.0014507208269108713,43,0.0016308882651900173,L2R3TGE,L3TGE,L2R3TGE / L3TGE,-0.16888802656233093,2_32
1185,2_32_chr22_44023936_44024267_rc__2_31_chr22_44023811_44024452_fw,reverse,SNP,39,0.003536132015595249,63,0.0023894409466737464,L2R3TGE,L3TGE,L2R3TGE / L3TGE,0.5654990235020991,2_32
1186,2_32_chr22_44023936_44024267_rc__2_31_chr22_44023811_44024452_fw,reverse,noSNP,30,0.0027201015504578836,56,0.0021239475081544414,L2R3TGE,L3TGE,L2R3TGE / L3TGE,0.35691240169068134,2_32
1187,2_33_chr5_132369336_132370461_fw__2_34_chr5_132369418_132370280_rc,forward,SNP,16,0.0014507208269108713,29,0.0010999013881514072,L2R3TGE,L3TGE,L2R3TGE / L3TGE,0.3993957330121947,2_33
1188,2_33_chr5_132369336_132370461_fw__2_34_chr5_132369418_132370280_rc,forward,noSNP,23,0.0020854111886843777,36,0.0013653948266707124,L2R3TGE,L3TGE,L2R3TGE / L3TGE,0.6110136827544674,2_33
1189,2_33_chr5_132369336_132370461_fw__2_34_chr5_132369418_132370280_rc,reverse,noSNP,6,0.0005440203100915768,39,0.0014791777288932716,L2R3TGE,L3TGE,L2R3TGE / L3TGE,-1.443062990001325,2_33
1190,2_39_chr14_100375283_100375730_rc__2_35_chr14_100375283_100375730_rc,forward,SNP,107,0.009701695529966452,280,0.010619737540772207,L2R3TGE,L3TGE,L2R3TGE / L3TGE,-0.13043930240405252,2_39
1191,2_39_chr14_100375283_100375730_rc__2_35_chr14_100375283_100375730_rc,forward,noSNP,117,0.010608396046785746,281,0.010657665174846393,L2R3TGE,L3TGE,L2R3TGE / L3TGE,-0.006684872497754629,2_39
1192,2_39_chr14_100375283_100375730_rc__2_35_chr14_100375283_100375730_rc,reverse,SNP,36,0.0032641218605494607,160,0.006068421451869832,L2R3TGE,L3TGE,L2R3TGE / L3TGE,-0.894626365305283,2_39
1193,2_3_chr10_71888998_71889183_rc,forward,SNP,7,0.0006346903617735063,36,0.0013653948266707124,L2R3TGE,L3TGE,L2R3TGE / L3TGE,-1.1051933512449412,2_3
1194,2_3_chr10_71888998_71889183_rc,forward,noSNP,7,0.0006346903617735063,11,0.00041720397481605096,L2R3TGE,L3TGE,L2R3TGE / L3TGE,0.6053000315600741,2_3
1195,2_3_chr10_71888998_71889183_rc,reverse,SNP,1,9.067005168192946e-05,7,0.0002654934385193052,L2R3TGE,L3TGE,L2R3TGE / L3TGE,-1.5499781939178372,2_3
1196,2_40_chr2_27890876_27891263_rc__2_36_chr2_27890876_27891263_rc,forward,SNP,25,0.0022667512920482363,43,0.0016308882651900173,L2R3TGE,L3TGE,L2R3TGE / L3TGE,0.47496816321239366,2_40
1197,2_40_chr2_27890876_27891263_rc__2_36_chr2_27890876_27891263_rc,forward,noSNP,4,0.00036268020672771783,38,0.0014412500948190851,L2R3TGE,L3TGE,L2R3TGE / L3TGE,-1.9905507853038182,2_40
1198,2_40_chr2_27890876_27891263_rc__2_36_chr2_27890876_27891263_rc,reverse,SNP,29,0.0026294314987759543,44,0.0016688158992642038,L2R3TGE,L3TGE,L2R3TGE / L3TGE,0.6559261046300419,2_40
1199,2_40_chr2_27890876_27891263_rc__2_36_chr2_27890876_27891263_rc,reverse,noSNP,13,0.001178710671865083,41,0.0015550329970416446,L2R3TGE,L3TGE,L2R3TGE / L3TGE,-0.39973555833722446,2_40
1200,2_41_chr2_29114692_29115684_fw__2_37_chr2_29114692_29115684_fw,forward,SNP,13,0.001178710671865083,87,0.003299704164454221,L2R3TGE,L3TGE,L2R3TGE / L3TGE,-1.485127049567869,2_41
1201,2_41_chr2_29114692_29115684_fw__2_37_chr2_29114692_29115684_fw,forward,noSNP,3,0.0002720101550457884,42,0.001592960631115831,L2R3TGE,L3TGE,L2R3TGE / L3TGE,-2.549978193917837,2_41
1202,2_41_chr2_29114692_29115684_fw__2_37_chr2_29114692_29115684_fw,reverse,SNP,19,0.0017227309819566597,76,0.0028825001896381703,L2R3TGE,L3TGE,L2R3TGE / L3TGE,-0.742623271860233,2_41
1203,2_41_chr2_29114692_29115684_fw__2_37_chr2_29114692_29115684_fw,reverse,noSNP,10,0.0009067005168192946,45,0.0017067435333383903,L2R3TGE,L3TGE,L2R3TGE / L3TGE,-0.9125482733025453,2_41
1204,2_42_chr7_158818580_158818984_rc__2_38_chr7_158818580_158818984_rc,forward,noSNP,60,0.005440203100915767,264,0.010012895395585223,L2R3TGE,L3TGE,L2R3TGE / L3TGE,-0.8801267956101679,2_42
1205,2_42_chr7_158818580_158818984_rc__2_38_chr7_158818580_158818984_rc,reverse,SNP,17,0.0015413908785928008,259,0.009823257225214292,L2R3TGE,L3TGE,L2R3TGE / L3TGE,-2.6719687182964478,2_42
1206,2_42_chr7_158818580_158818984_rc__2_38_chr7_158818580_158818984_rc,reverse,noSNP,9,0.0008160304651373652,236,0.008950921641508004,L2R3TGE,L3TGE,L2R3TGE / L3TGE,-3.455341319779762,2_42
1207,2_5_chr12_2959230_2960351_fw,forward,SNP,6,0.0005440203100915768,30,0.0011378290222255935,L2R3TGE,L3TGE,L2R3TGE / L3TGE,-1.0645513667475952,2_5
1208,2_5_chr12_2959230_2960351_fw,forward,noSNP,1,9.067005168192946e-05,28,0.0010619737540772207,L2R3TGE,L3TGE,L2R3TGE / L3TGE,-3.549978193917837,2_5
1209,2_5_chr12_2959230_2960351_fw,reverse,SNP,10,0.0009067005168192946,31,0.00117575665629978,L2R3TGE,L3TGE,L2R3TGE / L3TGE,-0.37489148735974576,2_5
1210,2_5_chr12_2959230_2960351_fw,reverse,noSNP,1,9.067005168192946e-05,36,0.0013653948266707124,L2R3TGE,L3TGE,L2R3TGE / L3TGE,-3.9125482733025456,2_5
1211,2_6_chr12_57611320_57611561_fw,forward,noSNP,3,0.0002720101550457884,21,0.0007964803155579155,L2R3TGE,L3TGE,L2R3TGE / L3TGE,-1.5499781939178372,2_6
1212,2_6_chr12_57611320_57611561_fw,reverse,noSNP,14,0.0012693807235470125,14,0.0005309868770386104,L2R3TGE,L3TGE,L2R3TGE / L3TGE,1.257376728139767,2_6
1213,2_7_chr14_75069209_75069609_rc,forward,noSNP,129,0.0116964366669689,27,0.0010240461200030342,L2R3TGE,L3TGE,L2R3TGE / L3TGE,3.5137164813995523,2_7
1214,2_7_chr14_75069209_75069609_rc,reverse,noSNP,64,0.005802883307643485,22,0.0008344079496321019,L2R3TGE,L3TGE,L2R3TGE / L3TGE,2.7979451095024697,2_7
1215,3,reverse,SNP,6,0.0005440203100915768,41,0.0015550329970416446,L2R3TGE,L3TGE,L2R3TGE / L3TGE,-1.5152127757571607,3
1216,4,forward,any_SNP,40,0.0036268020672771783,915,0.03470378517788061,L2R3TGE,L3TGE,L2R3TGE / L3TGE,-3.258323110144276,4
1217,4,reverse,any_SNP,164,0.01486988847583643,591,0.022415231737844193,L2R3TGE,L3TGE,L2R3TGE / L3TGE,-0.5920855874196819,4
1218,8,any_orientation,any_SNP,28,0.002538761447094025,291,0.011036941515588258,L2R3TGE,L3TGE,L2R3TGE / L3TGE,-2.1201436927109127,8
1219,9,any_orientation,any_SNP,11,0.000997370568501224,1565,0.0593567473261018,L2R3TGE,L3TGE,L2R3TGE / L3TGE,-5.8951385950429165,9
1220,CMV,any_orientation,any_SNP,90,0.008160304651373651,75,0.0028445725555639838,L2R3TGE,L3TGE,L2R3TGE / L3TGE,1.5204111339735609,CMV
1221,SV40,any_orientation,any_SNP,8,0.0007253604134554357,22,0.0008344079496321019,L2R3TGE,L3TGE,L2R3TGE / L3TGE,-0.20205489049753028,SV40
1222,1_11_chr11_65418158_65418613_bi,forward,noSNP,5,0.0004533502584096473,6,0.00022471068499307141,L2R3TGE,L4TGE,L2R3TGE / L4TGE,1.012557380964069,1_11
1223,1_11_chr11_65418158_65418613_bi,reverse,noSNP,6,0.0005440203100915768,15,0.0005617767124826786,L2R3TGE,L4TGE,L2R3TGE / L4TGE,-0.04633630808949945,1_11
1224,1_15_chr15_40098659_40099167_bi,forward,noSNP,14,0.0012693807235470125,6,0.00022471068499307141,L2R3TGE,L4TGE,L2R3TGE / L4TGE,2.497984208134311,1_15
1225,1_15_chr15_40098659_40099167_bi,reverse,noSNP,21,0.0019040710853205187,12,0.00044942136998614283,L2R3TGE,L4TGE,L2R3TGE / L4TGE,2.0829467088554674,1_15
1226,1_16_chr16_30805349_30805831_bi,forward,noSNP,280,0.025387614470940248,391,0.01464364630538182,L2R3TGE,L4TGE,L2R3TGE / L4TGE,0.7938500064354773,1_16
1227,1_16_chr16_30805349_30805831_bi,reverse,noSNP,153,0.013872517907335208,352,0.013183026852926856,L2R3TGE,L4TGE,L2R3TGE / L4TGE,0.0735480108532177,1_16
1228,1_17_chr16_73068918_73069480_bi,forward,noSNP,104,0.009429685374920664,66,0.0024718175349237857,L2R3TGE,L4TGE,L2R3TGE / L4TGE,1.9316373855805018,1_17
1229,1_17_chr16_73068918_73069480_bi,reverse,noSNP,47,0.004261492429050684,47,0.0017602336991123927,L2R3TGE,L4TGE,L2R3TGE / L4TGE,1.275591786797863,1_17
1230,1_18_chr16_74297506_74297928_bi,forward,noSNP,160,0.014507208269108713,206,0.007715066851428786,L2R3TGE,L4TGE,L2R3TGE / L4TGE,0.911019354502007,1_18
1231,1_18_chr16_74297506_74297928_bi,reverse,noSNP,105,0.009520355426602593,211,0.007902325755589678,L2R3TGE,L4TGE,L2R3TGE / L4TGE,0.26873811575680073,1_18
1232,1_19_chr16_807619_808176_bi,forward,SNP,18,0.0016320609302747304,15,0.0005617767124826786,L2R3TGE,L4TGE,L2R3TGE / L4TGE,1.538626192631657,1_19
1233,1_19_chr16_807619_808176_bi,forward,noSNP,3,0.0002720101550457884,8,0.00029961424665742855,L2R3TGE,L4TGE,L2R3TGE / L4TGE,-0.13944571248098075,1_19
1234,1_19_chr16_807619_808176_bi,reverse,SNP,15,0.0013600507752289418,7,0.00026216246582525,L2R3TGE,L4TGE,L2R3TGE / L4TGE,2.3751274603487773,1_19
1235,1_19_chr16_807619_808176_bi,reverse,noSNP,48,0.004352162480732614,22,0.0008239391783079285,L2R3TGE,L4TGE,L2R3TGE / L4TGE,2.401122668881722,1_19
1236,1_1_chr1_156748909_156749379_bi,forward,noSNP,1,9.067005168192946e-05,68,0.002546721096588143,L2R3TGE,L4TGE,L2R3TGE / L4TGE,-4.811871054452476,1_1
1237,1_20_chr16_87853532_87854041_bi,forward,SNP,5,0.0004533502584096473,14,0.0005243249316505,L2R3TGE,L4TGE,L2R3TGE / L4TGE,-0.2098350403723787,1_20
1238,1_20_chr16_87853532_87854041_bi,forward,noSNP,2,0.00018134010336385892,5,0.00018725890416089285,L2R3TGE,L4TGE,L2R3TGE / L4TGE,-0.04633630808949928,1_20
1239,1_20_chr16_87853532_87854041_bi,reverse,SNP,19,0.0017227309819566597,20,0.0007490356166435714,L2R3TGE,L4TGE,L2R3TGE / L4TGE,1.201591205354086,1_20
1240,1_20_chr16_87853532_87854041_bi,reverse,noSNP,39,0.003536132015595249,25,0.0009362945208044643,L2R3TGE,L4TGE,L2R3TGE / L4TGE,1.9171378158853867,1_20
1241,1_23_chr2_70142583_70143144_bi,forward,SNP,77,0.006981593979508568,54,0.0020223961649376426,L2R3TGE,L4TGE,L2R3TGE / L4TGE,1.787490825329296,1_23
1242,1_23_chr2_70142583_70143144_bi,forward,noSNP,656,0.05947955390334572,649,0.024306205760083893,L2R3TGE,L4TGE,L2R3TGE / L4TGE,1.291069123416808,1_23
1243,1_23_chr2_70142583_70143144_bi,reverse,SNP,4,0.00036268020672771783,13,0.0004868731508183214,L2R3TGE,L4TGE,L2R3TGE / L4TGE,-0.4248479313432291,1_23
1244,1_23_chr2_70142583_70143144_bi,reverse,noSNP,87,0.007888294496327863,469,0.017564885210291748,L2R3TGE,L4TGE,L2R3TGE / L4TGE,-1.154908829868785,1_23
1245,1_24_chr21_29002584_29003015_bi,forward,noSNP,78,0.007072264031190498,84,0.003145949589903,L2R3TGE,L4TGE,L2R3TGE / L4TGE,1.168676582881351,1_24
1246,1_24_chr21_29002584_29003015_bi,reverse,noSNP,30,0.0027201015504578836,76,0.0028463353432455715,L2R3TGE,L4TGE,L2R3TGE / L4TGE,-0.06544513103720408,1_24
1247,1_25_chr22_36465359_36465803_bi,forward,noSNP,98,0.008885665064829087,52,0.0019474926032732856,L2R3TGE,L4TGE,L2R3TGE / L4TGE,2.189861912771979,1_25
1248,1_25_chr22_36465359_36465803_bi,reverse,noSNP,38,0.0034454619639133193,101,0.0037826298640500355,L2R3TGE,L4TGE,L2R3TGE / L4TGE,-0.13469218251034623,1_25
1249,1_26_chr22_40651538_40652054_bi,forward,noSNP,57,0.005168192945869979,458,0.017152915621137785,L2R3TGE,L4TGE,L2R3TGE / L4TGE,-1.7307219871343393,1_26
1250,1_26_chr22_40651538_40652054_bi,reverse,noSNP,203,0.01840602049143168,508,0.019025504662746714,L2R3TGE,L4TGE,L2R3TGE / L4TGE,-0.047756982789126726,1_26
1251,1_28_chr7_1532728_1533226_bi,forward,noSNP,13,0.001178710671865083,17,0.0006366802741470357,L2R3TGE,L4TGE,L2R3TGE / L4TGE,0.8885686636886158,1_28
1252,1_28_chr7_1532728_1533226_bi,reverse,noSNP,7,0.0006346903617735063,5,0.00018725890416089285,L2R3TGE,L4TGE,L2R3TGE / L4TGE,1.761018613968105,1_28
1253,1_30_chr9_126805681_126806202_bi,forward,noSNP,68,0.006165563514371203,110,0.004119695891539643,L2R3TGE,L4TGE,L2R3TGE / L4TGE,0.5816949145235428,1_30
1254,1_30_chr9_126805681_126806202_bi,reverse,noSNP,84,0.007616284341282075,130,0.0048687315081832145,L2R3TGE,L4TGE,L2R3TGE / L4TGE,0.6455413965481687,1_30
1255,1_5_chr1_33127099_33127603_bi,forward,noSNP,76,0.006890923927826639,264,0.009887270139695143,L2R3TGE,L4TGE,L2R3TGE / L4TGE,-0.520874819117005,1_5
1256,1_5_chr1_33127099_33127603_bi,reverse,noSNP,188,0.017045969716202737,280,0.010486498633009999,L2R3TGE,L4TGE,L2R3TGE / L4TGE,0.7008976215305339,1_5
1257,1_7_chr10_110211049_110211924_bi,forward,noSNP,55,0.00498685284250612,162,0.006067188494812929,L2R3TGE,L4TGE,L2R3TGE / L4TGE,-0.2828985025621022,1_7
1258,1_7_chr10_110211049_110211924_bi,reverse,noSNP,53,0.004805512739142261,21,0.00078648739747575,L2R3TGE,L4TGE,L2R3TGE / L4TGE,2.6111948185823017,1_7
1259,1_8_chr10_4663047_4663594_bi,forward,noSNP,745,0.06754918850303744,280,0.010486498633009999,L2R3TGE,L4TGE,L2R3TGE / L4TGE,2.6874053852024202,1_8
1260,1_8_chr10_4663047_4663594_bi,reverse,noSNP,1290,0.116964366669689,355,0.013295382195423392,L2R3TGE,L4TGE,L2R3TGE / L4TGE,3.137071922716435,1_8
1261,1_9_chr10_71860316_71860874_bi,forward,noSNP,24,0.002176081240366307,43,0.0016104265757836784,L2R3TGE,L4TGE,L2R3TGE / L4TGE,0.43428953281692145,1_9
1262,1_9_chr10_71860316_71860874_bi,reverse,noSNP,55,0.00498685284250612,35,0.0013108123291262499,L2R3TGE,L4TGE,L2R3TGE / L4TGE,1.9276684833775564,1_9
1263,22,any_orientation,any_SNP,246,0.022304832713754646,3904,0.14621175236882514,L2R3TGE,L4TGE,L2R3TGE / L4TGE,-2.7126310454257836,22
1264,2_10_chr16_3305171_3305501_rc,forward,SNP,265,0.024027563695711306,179,0.006703868768959964,L2R3TGE,L4TGE,L2R3TGE / L4TGE,1.841624558984168,2_10
1265,2_10_chr16_3305171_3305501_rc,forward,noSNP,299,0.02711034545289691,209,0.00782742219392532,L2R3TGE,L4TGE,L2R3TGE / L4TGE,1.7922343289150855,2_10
1266,2_10_chr16_3305171_3305501_rc,reverse,SNP,69,0.006256233566053132,153,0.005730122467323321,L2R3TGE,L4TGE,L2R3TGE / L4TGE,0.1267284008833803,2_10
1267,2_10_chr16_3305171_3305501_rc,reverse,noSNP,113,0.010245715840058029,157,0.005879929590652036,L2R3TGE,L4TGE,L2R3TGE / L4TGE,0.8011500003214238,2_10
1268,2_11_chr16_4538333_4538583_rc,reverse,SNP,1,9.067005168192946e-05,5,0.00018725890416089285,L2R3TGE,L4TGE,L2R3TGE / L4TGE,-1.0463363080894992,2_11
1269,2_12_chr17_58692543_58692822_fw,forward,noSNP,29,0.0026294314987759543,72,0.002696528219916857,L2R3TGE,L4TGE,L2R3TGE / L4TGE,-0.0363522195168771,2_12
1270,2_12_chr17_58692543_58692822_fw,reverse,noSNP,22,0.001994741137002448,88,0.003295756713231714,L2R3TGE,L4TGE,L2R3TGE / L4TGE,-0.724408213202137,2_12
1271,2_13_chr19_41397182_41397493_rc,forward,SNP,17,0.0015413908785928008,260,0.009737463016366429,L2R3TGE,L4TGE,L2R3TGE / L4TGE,-2.659313184980252,2_13
1272,2_13_chr19_41397182_41397493_rc,forward,noSNP,36,0.0032641218605494607,297,0.011123178907157036,L2R3TGE,L4TGE,L2R3TGE / L4TGE,-1.7688023325605904,2_13
1273,2_13_chr19_41397182_41397493_rc,reverse,SNP,43,0.0038988122223229667,217,0.00812703644058275,L2R3TGE,L4TGE,L2R3TGE / L4TGE,-1.0596946909445184,2_13
1274,2_13_chr19_41397182_41397493_rc,reverse,noSNP,73,0.00661891377278085,265,0.00992472192052732,L2R3TGE,L4TGE,L2R3TGE / L4TGE,-0.5844322037726811,2_13
1275,2_15_chr3_122793601_122793905_rc,forward,SNP,26,0.002357421343730166,102,0.003820081644882214,L2R3TGE,L4TGE,L2R3TGE / L4TGE,-0.6963938370325402,2_15
1276,2_15_chr3_122793601_122793905_rc,forward,noSNP,29,0.0026294314987759543,90,0.0033706602748960713,L2R3TGE,L4TGE,L2R3TGE / L4TGE,-0.35828031440423963,2_15
1277,2_15_chr3_122793601_122793905_rc,reverse,SNP,25,0.0022667512920482363,74,0.0027714317815812142,L2R3TGE,L4TGE,L2R3TGE / L4TGE,-0.29000538905636225,2_15
1278,2_15_chr3_122793601_122793905_rc,reverse,noSNP,17,0.0015413908785928008,54,0.0020223961649376426,L2R3TGE,L4TGE,L2R3TGE / L4TGE,-0.39183287411526596,2_15
1279,2_16_chr6_108562603_108562763_rc,forward,noSNP,130,0.01178710671865083,401,0.015018164113703606,L2R3TGE,L4TGE,L2R3TGE / L4TGE,-0.34949882662860265,2_16
1280,2_16_chr6_108562603_108562763_rc,reverse,noSNP,98,0.008885665064829087,370,0.013857158907906071,L2R3TGE,L4TGE,L2R3TGE / L4TGE,-0.6410798296032408,2_16
1281,2_17_chr7_149685_149919_fw,forward,SNP,3,0.0002720101550457884,72,0.002696528219916857,L2R3TGE,L4TGE,L2R3TGE / L4TGE,-3.3093707139232933,2_17
1282,2_17_chr7_149685_149919_fw,forward,noSNP,6,0.0005440203100915768,61,0.0022845586307628928,L2R3TGE,L4TGE,L2R3TGE / L4TGE,-2.070183050043867,2_17
1283,2_17_chr7_149685_149919_fw,reverse,SNP,23,0.0020854111886843777,73,0.002733980000749036,L2R3TGE,L4TGE,L2R3TGE / L4TGE,-0.39067081602514137,2_17
1284,2_17_chr7_149685_149919_fw,reverse,noSNP,10,0.0009067005168192946,36,0.0013482641099584285,L2R3TGE,L4TGE,L2R3TGE / L4TGE,-0.572405119757087,2_17
1285,2_19_chr7_27168362_27168894_fw,forward,SNP,110,0.00997370568501224,230,0.008613909591401072,L2R3TGE,L4TGE,L2R3TGE / L4TGE,0.21146144937814743,2_19
1286,2_19_chr7_27168362_27168894_fw,forward,noSNP,58,0.005258862997551909,141,0.005280701097337179,L2R3TGE,L4TGE,L2R3TGE / L4TGE,-0.005978570473358465,2_19
1287,2_19_chr7_27168362_27168894_fw,reverse,noSNP,165,0.014960558527518361,227,0.008501554248904536,L2R3TGE,L4TGE,L2R3TGE / L4TGE,0.8153655137527638,2_19
1288,2_1_chr10_24208466_24209279_fw,reverse,SNP,24,0.002176081240366307,12,0.00044942136998614283,L2R3TGE,L4TGE,L2R3TGE / L4TGE,2.275591786797863,2_1
1289,2_20_chr7_7566677_7567687_fw,forward,SNP,9,0.0008160304651373652,31,0.0011610052057975356,L2R3TGE,L4TGE,L2R3TGE / L4TGE,-0.5086795221466998,2_20
1290,2_20_chr7_7566677_7567687_fw,forward,noSNP,7,0.0006346903617735063,68,0.002546721096588143,L2R3TGE,L4TGE,L2R3TGE / L4TGE,-2.004516132394872,2_20
1291,2_20_chr7_7566677_7567687_fw,reverse,noSNP,23,0.0020854111886843777,155,0.005805026028987678,L2R3TGE,L4TGE,L2R3TGE / L4TGE,-1.4769706624193615,2_20
1292,2_22_chr10_122375105_122375476_rc__2_21_chr10_122375073_122375541_fw,forward,SNP,2,0.00018134010336385892,73,0.002733980000749036,L2R3TGE,L4TGE,L2R3TGE / L4TGE,-3.9142327720821544,2_22
1293,2_22_chr10_122375105_122375476_rc__2_21_chr10_122375073_122375541_fw,forward,noSNP,5,0.0004533502584096473,70,0.0026216246582524997,L2R3TGE,L4TGE,L2R3TGE / L4TGE,-2.531763135259741,2_22
1294,2_22_chr10_122375105_122375476_rc__2_21_chr10_122375073_122375541_fw,reverse,SNP,7,0.0006346903617735063,44,0.001647878356615857,L2R3TGE,L4TGE,L2R3TGE / L4TGE,-1.37648490978183,2_22
1295,2_22_chr10_122375105_122375476_rc__2_21_chr10_122375073_122375541_fw,reverse,noSNP,9,0.0008160304651373652,42,0.0015729747949515,L2R3TGE,L4TGE,L2R3TGE / L4TGE,-0.946800634538585,2_22
1296,2_23_chr12_53046798_53047380_fw__2_24_chr12_53046888_53047426_rc,forward,SNP,9,0.0008160304651373652,47,0.0017602336991123927,L2R3TGE,L4TGE,L2R3TGE / L4TGE,-1.1090720634374618,2_23
1297,2_23_chr12_53046798_53047380_fw__2_24_chr12_53046888_53047426_rc,forward,noSNP,4,0.00036268020672771783,49,0.00183513726077675,L2R3TGE,L4TGE,L2R3TGE / L4TGE,-2.339118057317345,2_23
1298,2_23_chr12_53046798_53047380_fw__2_24_chr12_53046888_53047426_rc,reverse,SNP,8,0.0007253604134554357,54,0.0020223961649376426,L2R3TGE,L4TGE,L2R3TGE / L4TGE,-1.4792957153656054,2_23
1299,2_23_chr12_53046798_53047380_fw__2_24_chr12_53046888_53047426_rc,reverse,noSNP,4,0.00036268020672771783,59,0.0022096550690985355,L2R3TGE,L4TGE,L2R3TGE / L4TGE,-2.6070512625639783,2_23
1300,2_32_chr22_44023936_44024267_rc__2_31_chr22_44023811_44024452_fw,forward,SNP,19,0.0017227309819566597,77,0.00288378712407775,L2R3TGE,L4TGE,L2R3TGE / L4TGE,-0.7432672404534527,2_32
1301,2_32_chr22_44023936_44024267_rc__2_31_chr22_44023811_44024452_fw,forward,noSNP,16,0.0014507208269108713,49,0.00183513726077675,L2R3TGE,L4TGE,L2R3TGE / L4TGE,-0.3391180573173452,2_32
1302,2_32_chr22_44023936_44024267_rc__2_31_chr22_44023811_44024452_fw,reverse,SNP,39,0.003536132015595249,62,0.002322010411595071,L2R3TGE,L4TGE,L2R3TGE / L4TGE,0.6067976952732363,2_32
1303,2_32_chr22_44023936_44024267_rc__2_31_chr22_44023811_44024452_fw,reverse,noSNP,30,0.0027201015504578836,67,0.002509269315755964,L2R3TGE,L4TGE,L2R3TGE / L4TGE,0.116393191948609,2_32
1304,2_33_chr5_132369336_132370461_fw__2_34_chr5_132369418_132370280_rc,forward,SNP,16,0.0014507208269108713,29,0.0010861016441331786,L2R3TGE,L4TGE,L2R3TGE / L4TGE,0.41761079167029097,2_33
1305,2_33_chr5_132369336_132370461_fw__2_34_chr5_132369418_132370280_rc,forward,noSNP,23,0.0020854111886843777,40,0.0014980712332871428,L2R3TGE,L4TGE,L2R3TGE / L4TGE,0.47722564796751377,2_33
1306,2_33_chr5_132369336_132370461_fw__2_34_chr5_132369418_132370280_rc,reverse,noSNP,6,0.0005440203100915768,48,0.0017976854799445713,L2R3TGE,L4TGE,L2R3TGE / L4TGE,-1.724408213202137,2_33
1307,2_39_chr14_100375283_100375730_rc__2_35_chr14_100375283_100375730_rc,forward,SNP,107,0.009701695529966452,287,0.01074866109883525,L2R3TGE,L4TGE,L2R3TGE / L4TGE,-0.14784815347667793,2_39
1308,2_39_chr14_100375283_100375730_rc__2_35_chr14_100375283_100375730_rc,forward,noSNP,117,0.010608396046785746,279,0.010449046852177821,L2R3TGE,L4TGE,L2R3TGE / L4TGE,0.021835194552079714,2_39
1309,2_39_chr14_100375283_100375730_rc__2_35_chr14_100375283_100375730_rc,reverse,SNP,36,0.0032641218605494607,179,0.006703868768959964,L2R3TGE,L4TGE,L2R3TGE / L4TGE,-1.038298989024081,2_39
1310,2_39_chr14_100375283_100375730_rc__2_35_chr14_100375283_100375730_rc,reverse,noSNP,27,0.0024480913954120953,237,0.008876072057226321,L2R3TGE,L4TGE,L2R3TGE / L4TGE,-1.8582639599369275,2_39
1311,2_3_chr10_71888998_71889183_rc,forward,SNP,7,0.0006346903617735063,27,0.0010111980824688213,L2R3TGE,L4TGE,L2R3TGE / L4TGE,-0.6719407933080013,2_3
1312,2_3_chr10_71888998_71889183_rc,forward,noSNP,7,0.0006346903617735063,12,0.00044942136998614283,L2R3TGE,L4TGE,L2R3TGE / L4TGE,0.4979842081343111,2_3
1313,2_3_chr10_71888998_71889183_rc,reverse,SNP,1,9.067005168192946e-05,11,0.00041196958915396426,L2R3TGE,L4TGE,L2R3TGE / L4TGE,-2.183839831839434,2_3
1314,2_40_chr2_27890876_27891263_rc__2_36_chr2_27890876_27891263_rc,forward,SNP,25,0.0022667512920482363,45,0.0016853301374480357,L2R3TGE,L4TGE,L2R3TGE / L4TGE,0.42759488024291287,2_40
1315,2_40_chr2_27890876_27891263_rc__2_36_chr2_27890876_27891263_rc,forward,noSNP,4,0.00036268020672771783,33,0.0012359087674618928,L2R3TGE,L4TGE,L2R3TGE / L4TGE,-1.7688023325605904,2_40
1316,2_40_chr2_27890876_27891263_rc__2_36_chr2_27890876_27891263_rc,reverse,SNP,29,0.0026294314987759543,64,0.0023969139732594284,L2R3TGE,L4TGE,L2R3TGE / L4TGE,0.13357278192543529,2_40
1317,2_40_chr2_27890876_27891263_rc__2_36_chr2_27890876_27891263_rc,reverse,noSNP,13,0.001178710671865083,30,0.0011235534249653572,L2R3TGE,L4TGE,L2R3TGE / L4TGE,0.06914090933043676,2_40
1318,2_41_chr2_29114692_29115684_fw__2_37_chr2_29114692_29115684_fw,forward,SNP,13,0.001178710671865083,102,0.003820081644882214,L2R3TGE,L4TGE,L2R3TGE / L4TGE,-1.6963938370325402,2_41
1319,2_41_chr2_29114692_29115684_fw__2_37_chr2_29114692_29115684_fw,forward,noSNP,3,0.0002720101550457884,34,0.0012733605482940715,L2R3TGE,L4TGE,L2R3TGE / L4TGE,-2.2269085537313202,2_41
1320,2_41_chr2_29114692_29115684_fw__2_37_chr2_29114692_29115684_fw,reverse,SNP,19,0.0017227309819566597,90,0.0033706602748960713,L2R3TGE,L4TGE,L2R3TGE / L4TGE,-0.9683337960882263,2_41
1321,2_41_chr2_29114692_29115684_fw__2_37_chr2_29114692_29115684_fw,reverse,noSNP,10,0.0009067005168192946,34,0.0012733605482940715,L2R3TGE,L4TGE,L2R3TGE / L4TGE,-0.48994295956511424,2_41
1322,2_42_chr7_158818580_158818984_rc__2_38_chr7_158818580_158818984_rc,forward,SNP,49,0.004442832532414544,93,0.003483015617392607,L2R3TGE,L4TGE,L2R3TGE / L4TGE,0.35114281980504003,2_42
1323,2_42_chr7_158818580_158818984_rc__2_38_chr7_158818580_158818984_rc,forward,noSNP,60,0.005440203100915767,115,0.004306954795700536,L2R3TGE,L4TGE,L2R3TGE / L4TGE,0.3369923314620062,2_42
1324,2_42_chr7_158818580_158818984_rc__2_38_chr7_158818580_158818984_rc,reverse,SNP,17,0.0015413908785928008,75,0.0028088835624133926,L2R3TGE,L4TGE,L2R3TGE / L4TGE,-0.8657640624476782,2_42
1325,2_42_chr7_158818580_158818984_rc__2_38_chr7_158818580_158818984_rc,reverse,noSNP,9,0.0008160304651373652,96,0.0035953709598891426,L2R3TGE,L4TGE,L2R3TGE / L4TGE,-2.1394457124809807,2_42
1326,2_5_chr12_2959230_2960351_fw,forward,SNP,6,0.0005440203100915768,30,0.0011235534249653572,L2R3TGE,L4TGE,L2R3TGE / L4TGE,-1.0463363080894994,2_5
1327,2_5_chr12_2959230_2960351_fw,forward,noSNP,1,9.067005168192946e-05,30,0.0011235534249653572,L2R3TGE,L4TGE,L2R3TGE / L4TGE,-3.6312988088106555,2_5
1328,2_5_chr12_2959230_2960351_fw,reverse,SNP,10,0.0009067005168192946,27,0.0010111980824688213,L2R3TGE,L4TGE,L2R3TGE / L4TGE,-0.15736762047824304,2_5
1329,2_5_chr12_2959230_2960351_fw,reverse,noSNP,1,9.067005168192946e-05,31,0.0011610052057975356,L2R3TGE,L4TGE,L2R3TGE / L4TGE,-3.678604523589012,2_5
1330,2_6_chr12_57611320_57611561_fw,forward,noSNP,3,0.0002720101550457884,27,0.0010111980824688213,L2R3TGE,L4TGE,L2R3TGE / L4TGE,-1.8943332146444494,2_6
1331,2_6_chr12_57611320_57611561_fw,reverse,noSNP,14,0.0012693807235470125,19,0.0007115838358113929,L2R3TGE,L4TGE,L2R3TGE / L4TGE,0.8350191954118816,2_6
1332,2_7_chr14_75069209_75069609_rc,forward,noSNP,129,0.0116964366669689,37,0.0013857158907906071,L2R3TGE,L4TGE,L2R3TGE / L4TGE,3.0773656765921675,2_7
1333,2_7_chr14_75069209_75069609_rc,reverse,noSNP,64,0.005802883307643485,34,0.0012733605482940715,L2R3TGE,L4TGE,L2R3TGE / L4TGE,2.1881289455475232,2_7
1334,3,reverse,SNP,6,0.0005440203100915768,61,0.0022845586307628928,L2R3TGE,L4TGE,L2R3TGE / L4TGE,-2.070183050043867,3
1335,4,forward,any_SNP,40,0.0036268020672771783,1020,0.038200816448822145,L2R3TGE,L4TGE,L2R3TGE / L4TGE,-3.396833555173633,4
1336,4,reverse,any_SNP,164,0.01486988847583643,722,0.02704018576083293,L2R3TGE,L4TGE,L2R3TGE / L4TGE,-0.8627112354712244,4
1337,8,any_orientation,any_SNP,28,0.002538761447094025,311,0.011647503838807536,L2R3TGE,L4TGE,L2R3TGE / L4TGE,-2.1978240612751354,8
1338,9,any_orientation,any_SNP,11,0.000997370568501224,1569,0.058761844125688176,L2R3TGE,L4TGE,L2R3TGE / L4TGE,-5.880606231532937,9
1339,CMV,any_orientation,any_SNP,90,0.008160304651373651,70,0.0026216246582524997,L2R3TGE,L4TGE,L2R3TGE / L4TGE,1.6381618661825714,CMV
1340,SV40,any_orientation,any_SNP,8,0.0007253604134554357,23,0.0008613909591401071,L2R3TGE,L4TGE,L2R3TGE / L4TGE,-0.24797016925914997,SV40
1341,1_11_chr11_65418158_65418613_bi,forward,noSNP,5,0.0004533502584096473,9,0.0003250388240817653,L2R3TGE,L5TGE,L2R3TGE / L5TGE,0.4800140569210831,1_11
1342,1_11_chr11_65418158_65418613_bi,reverse,noSNP,6,0.0005440203100915768,8,0.0002889233991837914,L2R3TGE,L5TGE,L2R3TGE / L5TGE,0.9129734641971894,1_11
1343,1_15_chr15_40098659_40099167_bi,reverse,noSNP,21,0.0019040710853205187,11,0.0003972696738777132,L2R3TGE,L5TGE,L2R3TGE / L5TGE,2.260896767617496,1_15
1344,1_16_chr16_30805349_30805831_bi,forward,noSNP,280,0.025387614470940248,412,0.014879555057965257,L2R3TGE,L5TGE,L2R3TGE / L5TGE,0.7707934532377813,1_16
1345,1_16_chr16_30805349_30805831_bi,reverse,noSNP,153,0.013872517907335208,350,0.012640398714290874,L2R3TGE,L5TGE,L2R3TGE / L5TGE,0.1341876943363561,1_16
1346,1_17_chr16_73068918_73069480_bi,forward,noSNP,104,0.009429685374920664,75,0.0027086568673480443,L2R3TGE,L5TGE,L2R3TGE / L5TGE,1.7996319911212446,1_17
1347,1_17_chr16_73068918_73069480_bi,reverse,noSNP,47,0.004261492429050684,52,0.001878002094694644,L2R3TGE,L5TGE,L2R3TGE / L5TGE,1.1821600970125783,1_17
1348,1_18_chr16_74297506_74297928_bi,forward,noSNP,160,0.014507208269108713,182,0.0065730073314312545,L2R3TGE,L5TGE,L2R3TGE / L5TGE,1.1421444181646994,1_18
1349,1_18_chr16_74297506_74297928_bi,reverse,noSNP,105,0.009520355426602593,190,0.0068619307306150455,L2R3TGE,L5TGE,L2R3TGE / L5TGE,0.472400872811208,1_18
1350,1_19_chr16_807619_808176_bi,forward,SNP,18,0.0016320609302747304,15,0.0005417313734696089,L2R3TGE,L5TGE,L2R3TGE / L5TGE,1.591045369309827,1_19
1351,1_19_chr16_807619_808176_bi,forward,noSNP,3,0.0002720101550457884,10,0.00036115424897973926,L2R3TGE,L5TGE,L2R3TGE / L5TGE,-0.408954630690173,1_19
1352,1_19_chr16_807619_808176_bi,reverse,SNP,15,0.0013600507752289418,23,0.0008306547726534003,L2R3TGE,L5TGE,L2R3TGE / L5TGE,0.7113396030275388,1_19
1353,1_19_chr16_807619_808176_bi,reverse,noSNP,48,0.004352162480732614,26,0.000939001047347322,L2R3TGE,L5TGE,L2R3TGE / L5TGE,2.2125337460560974,1_19
1354,1_1_chr1_156748909_156749379_bi,forward,noSNP,1,9.067005168192946e-05,44,0.0015890786955108527,L2R3TGE,L5TGE,L2R3TGE / L5TGE,-4.131420655161264,1_1
1355,1_20_chr16_87853532_87854041_bi,forward,SNP,5,0.0004533502584096473,10,0.00036115424897973926,L2R3TGE,L5TGE,L2R3TGE / L5TGE,0.3280109634760331,1_20
1356,1_20_chr16_87853532_87854041_bi,reverse,SNP,19,0.0017227309819566597,24,0.0008667701975513742,L2R3TGE,L5TGE,L2R3TGE / L5TGE,0.9909759761984624,1_20
1357,1_20_chr16_87853532_87854041_bi,reverse,noSNP,39,0.003536132015595249,24,0.0008667701975513742,L2R3TGE,L5TGE,L2R3TGE / L5TGE,2.0284506816171253,1_20
1358,1_23_chr2_70142583_70143144_bi,forward,SNP,77,0.006981593979508568,46,0.0016613095453068005,L2R3TGE,L5TGE,L2R3TGE / L5TGE,2.0712355481139215,1_23
1359,1_23_chr2_70142583_70143144_bi,forward,noSNP,656,0.05947955390334572,671,0.024233450106540502,L2R3TGE,L5TGE,L2R3TGE / L5TGE,1.2953940118939333,1_23
1360,1_23_chr2_70142583_70143144_bi,reverse,SNP,4,0.00036268020672771783,7,0.00025280797428581746,L2R3TGE,L5TGE,L2R3TGE / L5TGE,0.5206560414184291,1_23
1361,1_23_chr2_70142583_70143144_bi,reverse,noSNP,87,0.007888294496327863,525,0.01896059807143631,L2R3TGE,L5TGE,L2R3TGE / L5TGE,-1.2652191532287234,1_23
1362,1_24_chr21_29002584_29003015_bi,forward,noSNP,78,0.007072264031190498,80,0.002889233991837914,L2R3TGE,L5TGE,L2R3TGE / L5TGE,1.2914850874509192,1_24
1363,1_24_chr21_29002584_29003015_bi,reverse,noSNP,30,0.0027201015504578836,70,0.0025280797428581746,L2R3TGE,L5TGE,L2R3TGE / L5TGE,0.10561854213958528,1_24
1364,1_25_chr22_36465359_36465803_bi,forward,noSNP,98,0.008885665064829087,53,0.001914117519592618,L2R3TGE,L5TGE,L2R3TGE / L5TGE,2.2148003530280422,1_25
1365,1_25_chr22_36465359_36465803_bi,reverse,noSNP,38,0.0034454619639133193,65,0.002347502618368305,L2R3TGE,L5TGE,L2R3TGE / L5TGE,0.5535706638911643,1_25
1366,1_26_chr22_40651538_40652054_bi,forward,noSNP,57,0.005168192945869979,544,0.019646791144497817,L2R3TGE,L5TGE,L2R3TGE / L5TGE,-1.9265618636095647,1_26
1367,1_26_chr22_40651538_40652054_bi,reverse,noSNP,203,0.01840602049143168,655,0.023655603308172922,L2R3TGE,L5TGE,L2R3TGE / L5TGE,-0.3620042157636034,1_26
1368,1_28_chr7_1532728_1533226_bi,forward,noSNP,13,0.001178710671865083,7,0.00025280797428581746,L2R3TGE,L5TGE,L2R3TGE / L5TGE,2.2210957595595215,1_28
1369,1_28_chr7_1532728_1533226_bi,reverse,noSNP,7,0.0006346903617735063,10,0.00036115424897973926,L2R3TGE,L5TGE,L2R3TGE / L5TGE,0.8134377906462751,1_28
1370,1_30_chr9_126805681_126806202_bi,forward,noSNP,68,0.006165563514371203,126,0.004550543537144715,L2R3TGE,L5TGE,L2R3TGE / L5TGE,0.4381938812264562,1_30
1371,1_30_chr9_126805681_126806202_bi,reverse,noSNP,84,0.007616284341282075,157,0.005670121708981906,L2R3TGE,L5TGE,L2R3TGE / L5TGE,0.4257076373631664,1_30
1372,1_5_chr1_33127099_33127603_bi,forward,noSNP,76,0.006890923927826639,272,0.009823395572248908,L2R3TGE,L5TGE,L2R3TGE / L5TGE,-0.5115243643307208,1_5
1373,1_5_chr1_33127099_33127603_bi,reverse,noSNP,188,0.017045969716202737,271,0.009787280147350934,L2R3TGE,L5TGE,L2R3TGE / L5TGE,0.8004507737997988,1_5
1374,1_7_chr10_110211049_110211924_bi,forward,noSNP,55,0.00498685284250612,161,0.005814583408573802,L2R3TGE,L5TGE,L2R3TGE / L5TGE,-0.22154620111392417,1_7
1375,1_7_chr10_110211049_110211924_bi,reverse,noSNP,53,0.004805512739142261,26,0.000939001047347322,L2R3TGE,L5TGE,L2R3TGE / L5TGE,2.35549169989814,1_7
1376,1_8_chr10_4663047_4663594_bi,forward,noSNP,745,0.06754918850303744,282,0.010184549821228647,L2R3TGE,L5TGE,L2R3TGE / L5TGE,2.729556226426763,1_8
1377,1_8_chr10_4663047_4663594_bi,reverse,noSNP,1290,0.116964366669689,367,0.01325436093755643,L2R3TGE,L5TGE,L2R3TGE / L5TGE,3.141530060943437,1_8
1378,1_9_chr10_71860316_71860874_bi,forward,noSNP,24,0.002176081240366307,35,0.0012640398714290873,L2R3TGE,L5TGE,L2R3TGE / L5TGE,0.783690447252223,1_9
1379,1_9_chr10_71860316_71860874_bi,reverse,noSNP,55,0.00498685284250612,44,0.0015890786955108527,L2R3TGE,L5TGE,L2R3TGE / L5TGE,1.6499390583633955,1_9
1380,22,any_orientation,any_SNP,246,0.022304832713754646,4173,0.1507096680992452,L2R3TGE,L5TGE,L2R3TGE / L5TGE,-2.7563437364481223,22
1381,2_10_chr16_3305171_3305501_rc,forward,noSNP,299,0.02711034545289691,300,0.010834627469392177,L2R3TGE,L5TGE,L2R3TGE / L5TGE,1.3231939471782572,2_10
1382,2_10_chr16_3305171_3305501_rc,reverse,SNP,69,0.006256233566053132,173,0.006247968507349489,L2R3TGE,L5TGE,L2R3TGE / L5TGE,0.001907192617477382,2_10
1383,2_10_chr16_3305171_3305501_rc,reverse,noSNP,113,0.010245715840058029,191,0.00689804615551302,L2R3TGE,L5TGE,L2R3TGE / L5TGE,0.5707610978554721,2_10
1384,2_11_chr16_4538333_4538583_rc,reverse,SNP,1,9.067005168192946e-05,15,0.0005417313734696089,L2R3TGE,L5TGE,L2R3TGE / L5TGE,-2.5788796321324856,2_11
1385,2_12_chr17_58692543_58692822_fw,forward,noSNP,29,0.0026294314987759543,77,0.0027808877171439923,L2R3TGE,L5TGE,L2R3TGE / L5TGE,-0.08079458209129607,2_12
1386,2_12_chr17_58692543_58692822_fw,reverse,noSNP,22,0.001994741137002448,72,0.0026003105926541226,L2R3TGE,L5TGE,L2R3TGE / L5TGE,-0.38248241932898197,2_12
1387,2_13_chr19_41397182_41397493_rc,forward,SNP,17,0.0015413908785928008,191,0.00689804615551302,L2R3TGE,L5TGE,L2R3TGE / L5TGE,-2.161955023309376,2_13
1388,2_13_chr19_41397182_41397493_rc,forward,noSNP,36,0.0032641218605494607,283,0.010220665246126621,L2R3TGE,L5TGE,L2R3TGE / L5TGE,-1.6467222779135366,2_13
1389,2_13_chr19_41397182_41397493_rc,reverse,SNP,43,0.0038988122223229667,168,0.006067391382859619,L2R3TGE,L5TGE,L2R3TGE / L5TGE,-0.6380417046006291,2_13
1390,2_13_chr19_41397182_41397493_rc,reverse,noSNP,73,0.00661891377278085,248,0.008956625374697533,L2R3TGE,L5TGE,L2R3TGE / L5TGE,-0.4363607880308248,2_13
1391,2_15_chr3_122793601_122793905_rc,forward,SNP,26,0.002357421343730166,116,0.004189389288164975,L2R3TGE,L5TGE,L2R3TGE / L5TGE,-0.8295303135104468,2_15
1392,2_15_chr3_122793601_122793905_rc,forward,noSNP,29,0.0026294314987759543,104,0.003756004189389288,L2R3TGE,L5TGE,L2R3TGE / L5TGE,-0.5144477595374868,2_15
1393,2_15_chr3_122793601_122793905_rc,reverse,SNP,25,0.0022667512920482363,83,0.002997580266531836,L2R3TGE,L5TGE,L2R3TGE / L5TGE,-0.40317227809616707,2_15
1394,2_15_chr3_122793601_122793905_rc,reverse,noSNP,17,0.0015413908785928008,60,0.0021669254938784356,L2R3TGE,L5TGE,L2R3TGE / L5TGE,-0.491416790882146,2_15
1395,2_16_chr6_108562603_108562763_rc,forward,noSNP,130,0.01178710671865083,10,0.00036115424897973926,L2R3TGE,L5TGE,L2R3TGE / L5TGE,5.028450681617126,2_16
1396,2_16_chr6_108562603_108562763_rc,reverse,noSNP,98,0.008885665064829087,9,0.0003250388240817653,L2R3TGE,L5TGE,L2R3TGE / L5TGE,4.772795806148929,2_16
1397,2_17_chr7_149685_149919_fw,forward,SNP,3,0.0002720101550457884,77,0.0027808877171439923,L2R3TGE,L5TGE,L2R3TGE / L5TGE,-3.353813076497712,2_17
1398,2_17_chr7_149685_149919_fw,forward,noSNP,6,0.0005440203100915768,71,0.002564195167756149,L2R3TGE,L5TGE,L2R3TGE / L5TGE,-2.2367736553074926,2_17
1399,2_17_chr7_149685_149919_fw,reverse,SNP,23,0.0020854111886843777,75,0.0027086568673480443,L2R3TGE,L5TGE,L2R3TGE / L5TGE,-0.3772457709628346,2_17
1400,2_17_chr7_149685_149919_fw,reverse,noSNP,10,0.0009067005168192946,56,0.0020224637942865397,L2R3TGE,L5TGE,L2R3TGE / L5TGE,-1.1574158636942085,2_17
1401,2_19_chr7_27168362_27168894_fw,forward,SNP,110,0.00997370568501224,157,0.005670121708981906,L2R3TGE,L5TGE,L2R3TGE / L5TGE,0.8147499281090658,2_19
1402,2_19_chr7_27168362_27168894_fw,forward,noSNP,58,0.005258862997551909,135,0.00487558236122648,L2R3TGE,L5TGE,L2R3TGE / L5TGE,0.10917636155277427,2_19
1403,2_19_chr7_27168362_27168894_fw,reverse,SNP,185,0.01677395956115695,206,0.007439777528982628,L2R3TGE,L5TGE,L2R3TGE / L5TGE,1.1728918968091269,2_19
1404,2_19_chr7_27168362_27168894_fw,reverse,noSNP,165,0.014960558527518361,181,0.00653689190653328,L2R3TGE,L5TGE,L2R3TGE / L5TGE,1.1944872906386437,2_19
1405,2_1_chr10_24208466_24209279_fw,forward,SNP,23,0.0020854111886843777,107,0.00386435046408321,L2R3TGE,L5TGE,L2R3TGE / L5TGE,-0.8898940668681009,2_1
1406,2_1_chr10_24208466_24209279_fw,forward,noSNP,19,0.0017227309819566597,78,0.002817003142041966,L2R3TGE,L5TGE,L2R3TGE / L5TGE,-0.7094637419426298,2_1
1407,2_1_chr10_24208466_24209279_fw,reverse,SNP,24,0.002176081240366307,166,0.005995160533063672,L2R3TGE,L5TGE,L2R3TGE / L5TGE,-1.4620659671497356,2_1
1408,2_20_chr7_7566677_7567687_fw,forward,SNP,9,0.0008160304651373652,34,0.0012279244465311135,L2R3TGE,L5TGE,L2R3TGE / L5TGE,-0.589526876331994,2_20
1409,2_20_chr7_7566677_7567687_fw,forward,noSNP,7,0.0006346903617735063,11,0.0003972696738777132,L2R3TGE,L5TGE,L2R3TGE / L5TGE,0.6759342668963402,2_20
1410,2_20_chr7_7566677_7567687_fw,reverse,noSNP,23,0.0020854111886843777,158,0.00570623713387988,L2R3TGE,L5TGE,L2R3TGE / L5TGE,-1.4522078286440567,2_20
1411,2_22_chr10_122375105_122375476_rc__2_21_chr10_122375073_122375541_fw,forward,SNP,2,0.00018134010336385892,80,0.002889233991837914,L2R3TGE,L5TGE,L2R3TGE / L5TGE,-3.9939171314113295,2_22
1412,2_22_chr10_122375105_122375476_rc__2_21_chr10_122375073_122375541_fw,forward,noSNP,5,0.0004533502584096473,70,0.0025280797428581746,L2R3TGE,L5TGE,L2R3TGE / L5TGE,-2.479343958581571,2_22
1413,2_22_chr10_122375105_122375476_rc__2_21_chr10_122375073_122375541_fw,reverse,SNP,7,0.0006346903617735063,39,0.001408501571020983,L2R3TGE,L5TGE,L2R3TGE / L5TGE,-1.150036333328611,2_22
1414,2_22_chr10_122375105_122375476_rc__2_21_chr10_122375073_122375541_fw,reverse,noSNP,9,0.0008160304651373652,52,0.001878002094694644,L2R3TGE,L5TGE,L2R3TGE / L5TGE,-1.2025037532227465,2_22
1415,2_23_chr12_53046798_53047380_fw__2_24_chr12_53046888_53047426_rc,forward,SNP,9,0.0008160304651373652,41,0.001480732420816931,L2R3TGE,L5TGE,L2R3TGE / L5TGE,-0.8596160396997382,2_23
1416,2_23_chr12_53046798_53047380_fw__2_24_chr12_53046888_53047426_rc,forward,noSNP,4,0.00036268020672771783,54,0.001950232944490592,L2R3TGE,L5TGE,L2R3TGE / L5TGE,-2.4268765386874356,2_23
1417,2_23_chr12_53046798_53047380_fw__2_24_chr12_53046888_53047426_rc,reverse,SNP,8,0.0007253604134554357,48,0.0017335403951027485,L2R3TGE,L5TGE,L2R3TGE / L5TGE,-1.256951537245123,2_23
1418,2_23_chr12_53046798_53047380_fw__2_24_chr12_53046888_53047426_rc,reverse,noSNP,4,0.00036268020672771783,51,0.0018418866697966702,L2R3TGE,L5TGE,L2R3TGE / L5TGE,-2.3444143784954625,2_23
1419,2_32_chr22_44023936_44024267_rc__2_31_chr22_44023811_44024452_fw,forward,SNP,19,0.0017227309819566597,68,0.002455848893062227,L2R3TGE,L5TGE,L2R3TGE / L5TGE,-0.5115243643307208,2_32
1420,2_32_chr22_44023936_44024267_rc__2_31_chr22_44023811_44024452_fw,forward,noSNP,16,0.0014507208269108713,50,0.0018057712448986962,L2R3TGE,L5TGE,L2R3TGE / L5TGE,-0.31584522629869144,2_32
1421,2_32_chr22_44023936_44024267_rc__2_31_chr22_44023811_44024452_fw,reverse,SNP,39,0.003536132015595249,62,0.002239156343674383,L2R3TGE,L5TGE,L2R3TGE / L5TGE,0.6592168719514065,2_32
1422,2_32_chr22_44023936_44024267_rc__2_31_chr22_44023811_44024452_fw,reverse,noSNP,30,0.0027201015504578836,76,0.002744772292246018,L2R3TGE,L5TGE,L2R3TGE / L5TGE,-0.013025954359033734,2_32
1423,2_33_chr5_132369336_132370461_fw__2_34_chr5_132369418_132370280_rc,forward,SNP,16,0.0014507208269108713,24,0.0008667701975513742,L2R3TGE,L5TGE,L2R3TGE / L5TGE,0.743048462754877,2_33
1424,2_33_chr5_132369336_132370461_fw__2_34_chr5_132369418_132370280_rc,forward,noSNP,23,0.0020854111886843777,37,0.0013362707212250353,L2R3TGE,L5TGE,L2R3TGE / L5TGE,0.6421195539040963,2_33
1425,2_33_chr5_132369336_132370461_fw__2_34_chr5_132369418_132370280_rc,reverse,noSNP,6,0.0005440203100915768,34,0.0012279244465311135,L2R3TGE,L5TGE,L2R3TGE / L5TGE,-1.1744893770531502,2_33
1426,2_39_chr14_100375283_100375730_rc__2_35_chr14_100375283_100375730_rc,forward,SNP,107,0.009701695529966452,295,0.010654050344902308,L2R3TGE,L5TGE,L2R3TGE / L5TGE,-0.13509319437202352,2_39
1427,2_39_chr14_100375283_100375730_rc__2_35_chr14_100375283_100375730_rc,forward,noSNP,117,0.010608396046785746,289,0.010437357795514465,L2R3TGE,L5TGE,L2R3TGE / L5TGE,0.023450000558758753,2_39
1428,2_39_chr14_100375283_100375730_rc__2_35_chr14_100375283_100375730_rc,reverse,SNP,36,0.0032641218605494607,167,0.006031275957961646,L2R3TGE,L5TGE,L2R3TGE / L5TGE,-0.8857683275557068,2_39
1429,2_39_chr14_100375283_100375730_rc__2_35_chr14_100375283_100375730_rc,reverse,noSNP,27,0.0024480913954120953,218,0.007873162627758315,L2R3TGE,L5TGE,L2R3TGE / L5TGE,-1.6852858591374247,2_39
1430,2_3_chr10_71888998_71889183_rc,forward,SNP,7,0.0006346903617735063,37,0.0013362707212250353,L2R3TGE,L5TGE,L2R3TGE / L5TGE,-1.0740874800953124,2_3
1431,2_3_chr10_71888998_71889183_rc,forward,noSNP,7,0.0006346903617735063,14,0.0005056159485716349,L2R3TGE,L5TGE,L2R3TGE / L5TGE,0.3280109634760333,2_3
1432,2_40_chr2_27890876_27891263_rc__2_36_chr2_27890876_27891263_rc,forward,SNP,25,0.0022667512920482363,54,0.001950232944490592,L2R3TGE,L5TGE,L2R3TGE / L5TGE,0.21697965108728923,2_40
1433,2_40_chr2_27890876_27891263_rc__2_36_chr2_27890876_27891263_rc,forward,noSNP,4,0.00036268020672771783,40,0.001444616995918957,L2R3TGE,L5TGE,L2R3TGE / L5TGE,-1.9939171314113293,2_40
1434,2_40_chr2_27890876_27891263_rc__2_36_chr2_27890876_27891263_rc,reverse,SNP,29,0.0026294314987759543,47,0.0016974249702047745,L2R3TGE,L5TGE,L2R3TGE / L5TGE,0.6314031069259679,2_40
1435,2_40_chr2_27890876_27891263_rc__2_36_chr2_27890876_27891263_rc,reverse,noSNP,13,0.001178710671865083,32,0.0011556935967351656,L2R3TGE,L5TGE,L2R3TGE / L5TGE,0.028450681617125384,2_40
1436,2_41_chr2_29114692_29115684_fw__2_37_chr2_29114692_29115684_fw,forward,SNP,13,0.001178710671865083,91,0.0032865036657156272,L2R3TGE,L5TGE,L2R3TGE / L5TGE,-1.4793439585815709,2_41
1437,2_41_chr2_29114692_29115684_fw__2_37_chr2_29114692_29115684_fw,forward,noSNP,3,0.0002720101550457884,37,0.0013362707212250353,L2R3TGE,L5TGE,L2R3TGE / L5TGE,-2.2964799014317605,2_41
1438,2_41_chr2_29114692_29115684_fw__2_37_chr2_29114692_29115684_fw,reverse,SNP,19,0.0017227309819566597,80,0.002889233991837914,L2R3TGE,L5TGE,L2R3TGE / L5TGE,-0.7459896179677437,2_41
1439,2_41_chr2_29114692_29115684_fw__2_37_chr2_29114692_29115684_fw,reverse,noSNP,10,0.0009067005168192946,51,0.0018418866697966702,L2R3TGE,L5TGE,L2R3TGE / L5TGE,-1.0224862836081001,2_41
1440,2_42_chr7_158818580_158818984_rc__2_38_chr7_158818580_158818984_rc,forward,noSNP,60,0.005440203100915767,275,0.00993174184694283,L2R3TGE,L5TGE,L2R3TGE / L5TGE,-0.8683862493274704,2_42
1441,2_42_chr7_158818580_158818984_rc__2_38_chr7_158818580_158818984_rc,reverse,SNP,17,0.0015413908785928008,254,0.009173317924085376,L2R3TGE,L5TGE,L2R3TGE / L5TGE,-2.573210882045793,2_42
1442,2_42_chr7_158818580_158818984_rc__2_38_chr7_158818580_158818984_rc,reverse,noSNP,9,0.0008160304651373652,230,0.008306547726534002,L2R3TGE,L5TGE,L2R3TGE / L5TGE,-3.3475540860260296,2_42
1443,2_5_chr12_2959230_2960351_fw,forward,SNP,6,0.0005440203100915768,33,0.0011918090216331396,L2R3TGE,L5TGE,L2R3TGE / L5TGE,-1.131420655161264,2_5
1444,2_5_chr12_2959230_2960351_fw,forward,noSNP,1,9.067005168192946e-05,34,0.0012279244465311135,L2R3TGE,L5TGE,L2R3TGE / L5TGE,-3.7594518777743064,2_5
1445,2_5_chr12_2959230_2960351_fw,reverse,SNP,10,0.0009067005168192946,41,0.001480732420816931,L2R3TGE,L5TGE,L2R3TGE / L5TGE,-0.7076129462546884,2_5
1446,2_5_chr12_2959230_2960351_fw,reverse,noSNP,1,9.067005168192946e-05,38,0.001372386146123009,L2R3TGE,L5TGE,L2R3TGE / L5TGE,-3.9199165499675526,2_5
1447,2_6_chr12_57611320_57611561_fw,forward,noSNP,3,0.0002720101550457884,59,0.0021308100689804614,L2R3TGE,L5TGE,L2R3TGE / L5TGE,-2.969669585164652,2_6
1448,2_6_chr12_57611320_57611561_fw,reverse,noSNP,14,0.0012693807235470125,44,0.0015890786955108527,L2R3TGE,L5TGE,L2R3TGE / L5TGE,-0.3240657331036598,2_6
1449,2_7_chr14_75069209_75069609_rc,forward,noSNP,129,0.0116964366669689,29,0.0010473473220412438,L2R3TGE,L5TGE,L2R3TGE / L5TGE,3.481257223771715,2_7
1450,2_7_chr14_75069209_75069609_rc,reverse,noSNP,64,0.005802883307643485,42,0.0015168478457149048,L2R3TGE,L5TGE,L2R3TGE / L5TGE,1.935693540697273,2_7
1451,3,reverse,SNP,6,0.0005440203100915768,70,0.0025280797428581746,L2R3TGE,L5TGE,L2R3TGE / L5TGE,-2.216309552747777,3
1452,4,forward,any_SNP,40,0.0036268020672771783,1009,0.03644046372205569,L2R3TGE,L5TGE,L2R3TGE / L5TGE,-3.328771400742962,4
1453,4,reverse,any_SNP,164,0.01486988847583643,687,0.024811296904908086,L2R3TGE,L5TGE,L2R3TGE / L5TGE,-0.7386033207239833,4
1454,8,any_orientation,any_SNP,28,0.002538761447094025,358,0.012929322113474665,L2R3TGE,L5TGE,L2R3TGE / L5TGE,-2.348449891730619,8
1455,9,any_orientation,any_SNP,11,0.000997370568501224,1641,0.05926541225757521,L2R3TGE,L5TGE,L2R3TGE / L5TGE,-5.892916941400382,9
1456,CMV,any_orientation,any_SNP,90,0.008160304651373651,76,0.002744772292246018,L2R3TGE,L5TGE,L2R3TGE / L5TGE,1.5719365463621224,CMV
1457,SV40,any_orientation,any_SNP,8,0.0007253604134554357,19,0.0006861930730615045,L2R3TGE,L5TGE,L2R3TGE / L5TGE,0.08008345003244766,SV40
1458,1_11_chr11_65418158_65418613_bi,forward,noSNP,5,0.0004533502584096473,16,0.0003843474500948858,L2R3TGE,L6TGE,L2R3TGE / L6TGE,0.2382150101464625,1_11
1459,1_11_chr11_65418158_65418613_bi,reverse,noSNP,6,0.0005440203100915768,21,0.0005044560282495376,L2R3TGE,L6TGE,L2R3TGE / L6TGE,0.108931993201496,1_11
1460,1_15_chr15_40098659_40099167_bi,forward,noSNP,14,0.0012693807235470125,6,0.00014413029378558217,L2R3TGE,L6TGE,L2R3TGE / L6TGE,3.138679336595548,1_15
1461,1_15_chr15_40098659_40099167_bi,reverse,noSNP,21,0.0019040710853205187,15,0.0003603257344639554,L2R3TGE,L6TGE,L2R3TGE / L6TGE,2.401713742429342,1_15
1462,1_16_chr16_30805349_30805831_bi,forward,noSNP,280,0.025387614470940248,614,0.014749333397391241,L2R3TGE,L6TGE,L2R3TGE / L6TGE,0.7834750868338872,1_16
1463,1_16_chr16_30805349_30805831_bi,reverse,noSNP,153,0.013872517907335208,551,0.01323596531264263,L2R3TGE,L6TGE,L2R3TGE / L6TGE,0.06776624938059417,1_16
1464,1_17_chr16_73068918_73069480_bi,forward,noSNP,104,0.009429685374920664,114,0.0027384755819260614,L2R3TGE,L6TGE,L2R3TGE / L6TGE,1.7838366192354504,1_17
1465,1_17_chr16_73068918_73069480_bi,reverse,noSNP,47,0.004261492429050684,43,0.0010329337721300055,L2R3TGE,L6TGE,L2R3TGE / L6TGE,2.0446110122346393,1_17
1466,1_18_chr16_74297506_74297928_bi,forward,noSNP,160,0.014507208269108713,291,0.006990319248600735,L2R3TGE,L6TGE,L2R3TGE / L6TGE,1.0533396672381785,1_18
1467,1_18_chr16_74297506_74297928_bi,reverse,noSNP,105,0.009520355426602593,16,0.0003843474500948858,L2R3TGE,L6TGE,L2R3TGE / L6TGE,4.630532432925222,1_18
1468,1_19_chr16_807619_808176_bi,forward,SNP,18,0.0016320609302747304,17,0.00040836916572581616,L2R3TGE,L6TGE,L2R3TGE / L6TGE,1.998749075451073,1_19
1469,1_19_chr16_807619_808176_bi,forward,noSNP,3,0.0002720101550457884,14,0.00033630401883302503,L2R3TGE,L6TGE,L2R3TGE / L6TGE,-0.3061055060773477,1_19
1470,1_19_chr16_807619_808176_bi,reverse,SNP,15,0.0013600507752289418,8,0.0001921737250474429,L2R3TGE,L6TGE,L2R3TGE / L6TGE,2.8231775108676187,1_19
1471,1_19_chr16_807619_808176_bi,reverse,noSNP,48,0.004352162480732614,52,0.0012491292128083789,L2R3TGE,L6TGE,L2R3TGE / L6TGE,1.800809697839164,1_19
1472,1_1_chr1_156748909_156749379_bi,forward,noSNP,1,9.067005168192946e-05,108,0.002594345288140479,L2R3TGE,L6TGE,L2R3TGE / L6TGE,-4.838600586904368,1_1
1473,1_20_chr16_87853532_87854041_bi,forward,SNP,5,0.0004533502584096473,18,0.0004323908813567465,L2R3TGE,L6TGE,L2R3TGE / L6TGE,0.06829000870415008,1_20
1474,1_20_chr16_87853532_87854041_bi,forward,noSNP,2,0.00018134010336385892,14,0.00033630401883302503,L2R3TGE,L6TGE,L2R3TGE / L6TGE,-0.891068006798504,1_20
1475,1_20_chr16_87853532_87854041_bi,reverse,SNP,19,0.0017227309819566597,32,0.0007686949001897716,L2R3TGE,L6TGE,L2R3TGE / L6TGE,1.1642144287026857,1_20
1476,1_20_chr16_87853532_87854041_bi,reverse,noSNP,39,0.003536132015595249,37,0.0008888034783444234,L2R3TGE,L6TGE,L2R3TGE / L6TGE,1.9922357684923986,1_20
1477,1_23_chr2_70142583_70143144_bi,forward,SNP,77,0.006981593979508568,52,0.0012491292128083789,L2R3TGE,L6TGE,L2R3TGE / L6TGE,2.4826337378129093,1_23
1478,1_23_chr2_70142583_70143144_bi,reverse,SNP,4,0.00036268020672771783,17,0.00040836916572581616,L2R3TGE,L6TGE,L2R3TGE / L6TGE,-0.17117592599123943,1_23
1479,1_23_chr2_70142583_70143144_bi,reverse,noSNP,87,0.007888294496327863,697,0.016743135794758463,L2R3TGE,L6TGE,L2R3TGE / L6TGE,-1.0857844347605947,1_23
1480,1_24_chr21_29002584_29003015_bi,forward,noSNP,78,0.007072264031190498,122,0.002930649306973504,L2R3TGE,L6TGE,L2R3TGE / L6TGE,1.2709517965584622,1_24
1481,1_24_chr21_29002584_29003015_bi,reverse,noSNP,30,0.0027201015504578836,116,0.002786519013187922,L2R3TGE,L6TGE,L2R3TGE / L6TGE,-0.0348034842599536,1_24
1482,1_25_chr22_36465359_36465803_bi,forward,noSNP,98,0.008885665064829087,91,0.0021859761224146627,L2R3TGE,L6TGE,L2R3TGE / L6TGE,2.0232021191756124,1_25
1483,1_25_chr22_36465359_36465803_bi,reverse,noSNP,38,0.0034454619639133193,139,0.0033390184726993202,L2R3TGE,L6TGE,L2R3TGE / L6TGE,0.04527335597917821,1_25
1484,1_26_chr22_40651538_40652054_bi,forward,noSNP,57,0.005168192945869979,748,0.01796824329193591,L2R3TGE,L6TGE,L2R3TGE / L6TGE,-1.797717530463795,1_26
1485,1_26_chr22_40651538_40652054_bi,reverse,noSNP,203,0.01840602049143168,868,0.020850849167647553,L2R3TGE,L6TGE,L2R3TGE / L6TGE,-0.17992840000020308,1_26
1486,1_28_chr7_1532728_1533226_bi,forward,noSNP,13,0.001178710671865083,12,0.00028826058757116434,L2R3TGE,L6TGE,L2R3TGE / L6TGE,2.031764132679036,1_28
1487,1_28_chr7_1532728_1533226_bi,reverse,noSNP,7,0.0006346903617735063,12,0.00028826058757116434,L2R3TGE,L6TGE,L2R3TGE / L6TGE,1.138679336595548,1_28
1488,1_30_chr9_126805681_126806202_bi,forward,noSNP,68,0.006165563514371203,229,0.005500972879483053,L2R3TGE,L6TGE,L2R3TGE / L6TGE,0.16454596841249555,1_30
1489,1_30_chr9_126805681_126806202_bi,reverse,noSNP,84,0.007616284341282075,207,0.004972495135602585,L2R3TGE,L6TGE,L2R3TGE / L6TGE,0.6151173805385352,1_30
1490,1_5_chr1_33127099_33127603_bi,forward,noSNP,76,0.006890923927826639,402,0.009656729683634005,L2R3TGE,L6TGE,L2R3TGE / L6TGE,-0.4868372624762429,1_5
1491,1_5_chr1_33127099_33127603_bi,reverse,noSNP,188,0.017045969716202737,420,0.010089120564990752,L2R3TGE,L6TGE,L2R3TGE / L6TGE,0.7566302492706146,1_5
1492,1_7_chr10_110211049_110211924_bi,forward,noSNP,55,0.00498685284250612,230,0.005524994595113983,L2R3TGE,L6TGE,L2R3TGE / L6TGE,-0.14784342216061552,1_7
1493,1_7_chr10_110211049_110211924_bi,reverse,noSNP,53,0.004805512739142261,35,0.0008407600470825626,L2R3TGE,L6TGE,L2R3TGE / L6TGE,2.5149243528773324,1_7
1494,1_8_chr10_4663047_4663594_bi,forward,noSNP,745,0.06754918850303744,420,0.010089120564990752,L2R3TGE,L6TGE,L2R3TGE / L6TGE,2.7431380129425014,1_8
1495,1_8_chr10_4663047_4663594_bi,reverse,noSNP,1290,0.116964366669689,527,0.0126594441375003,L2R3TGE,L6TGE,L2R3TGE / L6TGE,3.2077831139325017,1_8
1496,1_9_chr10_71860316_71860874_bi,forward,noSNP,24,0.002176081240366307,54,0.0012971726440702395,L2R3TGE,L6TGE,L2R3TGE / L6TGE,0.7463619138167876,1_9
1497,1_9_chr10_71860316_71860874_bi,reverse,noSNP,55,0.00498685284250612,35,0.0008407600470825626,L2R3TGE,L6TGE,L2R3TGE / L6TGE,2.568363611838793,1_9
1498,22,any_orientation,any_SNP,246,0.022304832713754646,6123,0.1470849648081866,L2R3TGE,L6TGE,L2R3TGE / L6TGE,-2.7212215471555354,22
1499,2_10_chr16_3305171_3305501_rc,forward,SNP,265,0.024027563695711306,469,0.01126618463090634,L2R3TGE,L6TGE,L2R3TGE / L6TGE,1.0926913521942851,2_10
1500,2_10_chr16_3305171_3305501_rc,forward,noSNP,299,0.02711034545289691,463,0.011122054337120758,L2R3TGE,L6TGE,L2R3TGE / L6TGE,1.2854202061969686,2_10
1501,2_10_chr16_3305171_3305501_rc,reverse,SNP,69,0.006256233566053132,282,0.006774123807922362,L2R3TGE,L6TGE,L2R3TGE / L6TGE,-0.11473998036152448,2_10
1502,2_10_chr16_3305171_3305501_rc,reverse,noSNP,113,0.010245715840058029,354,0.008503687333349347,L2R3TGE,L6TGE,L2R3TGE / L6TGE,0.2688603275912906,2_10
1503,2_11_chr16_4538333_4538583_rc,reverse,SNP,1,9.067005168192946e-05,19,0.00045641259698767686,L2R3TGE,L6TGE,L2R3TGE / L6TGE,-2.331640598184485,2_11
1504,2_12_chr17_58692543_58692822_fw,forward,SNP,17,0.0015413908785928008,47,0.001129020634653727,L2R3TGE,L6TGE,L2R3TGE / L6TGE,0.44916090483180215,2_12
1505,2_12_chr17_58692543_58692822_fw,forward,noSNP,29,0.0026294314987759543,76,0.0018256503879507074,L2R3TGE,L6TGE,L2R3TGE / L6TGE,0.5263403969430868,2_12
1506,2_12_chr17_58692543_58692822_fw,reverse,SNP,16,0.0014507208269108713,75,0.001801628672319777,L2R3TGE,L6TGE,L2R3TGE / L6TGE,-0.3125317752367807,2_12
1507,2_12_chr17_58692543_58692822_fw,reverse,noSNP,22,0.001994741137002448,80,0.001921737250474429,L2R3TGE,L6TGE,L2R3TGE / L6TGE,0.05379043900903474,2_12
1508,2_13_chr19_41397182_41397493_rc,forward,SNP,17,0.0015413908785928008,352,0.008455643902087487,L2R3TGE,L6TGE,L2R3TGE / L6TGE,-2.4556818621278578,2_13
1509,2_13_chr19_41397182_41397493_rc,forward,noSNP,36,0.0032641218605494607,491,0.011794662374786807,L2R3TGE,L6TGE,L2R3TGE / L6TGE,-1.8533672976132802,2_13
1510,2_13_chr19_41397182_41397493_rc,reverse,SNP,43,0.0038988122223229667,331,0.00795118787383795,L2R3TGE,L6TGE,L2R3TGE / L6TGE,-1.0281357368460198,2_13
1511,2_13_chr19_41397182_41397493_rc,reverse,noSNP,73,0.00661891377278085,391,0.009392490811693771,L2R3TGE,L6TGE,L2R3TGE / L6TGE,-0.504913323168235,2_13
1512,2_15_chr3_122793601_122793905_rc,forward,SNP,26,0.002357421343730166,149,0.003579235629008624,L2R3TGE,L6TGE,L2R3TGE / L6TGE,-0.6024418870619693,2_15
1513,2_15_chr3_122793601_122793905_rc,forward,noSNP,29,0.0026294314987759543,151,0.0036272790602704845,L2R3TGE,L6TGE,L2R3TGE / L6TGE,-0.4641368289384067,2_15
1514,2_15_chr3_122793601_122793905_rc,reverse,SNP,25,0.0022667512920482363,119,0.002858584160080713,L2R3TGE,L6TGE,L2R3TGE / L6TGE,-0.33467465827411885,2_15
1515,2_15_chr3_122793601_122793905_rc,reverse,noSNP,17,0.0015413908785928008,97,0.002330106416200245,L2R3TGE,L6TGE,L2R3TGE / L6TGE,-0.596163085677688,2_15
1516,2_16_chr6_108562603_108562763_rc,forward,SNP,161,0.014597878320790642,316,0.007590862139373994,L2R3TGE,L6TGE,L2R3TGE / L6TGE,0.9434230451966139,2_16
1517,2_16_chr6_108562603_108562763_rc,forward,noSNP,130,0.01178710671865083,16,0.0003843474500948858,L2R3TGE,L6TGE,L2R3TGE / L6TGE,4.938654728287554,2_16
1518,2_16_chr6_108562603_108562763_rc,reverse,SNP,68,0.006165563514371203,8,0.0001921737250474429,L2R3TGE,L6TGE,L2R3TGE / L6TGE,5.003749756509439,2_16
1519,2_16_chr6_108562603_108562763_rc,reverse,noSNP,98,0.008885665064829087,8,0.0001921737250474429,L2R3TGE,L6TGE,L2R3TGE / L6TGE,5.530996759374308,2_16
1520,2_17_chr7_149685_149919_fw,forward,SNP,3,0.0002720101550457884,109,0.0026183670037714093,L2R3TGE,L6TGE,L2R3TGE / L6TGE,-3.26693490879667,2_17
1521,2_17_chr7_149685_149919_fw,forward,noSNP,6,0.0005440203100915768,100,0.002402171563093036,L2R3TGE,L6TGE,L2R3TGE / L6TGE,-2.1426067737944683,2_17
1522,2_17_chr7_149685_149919_fw,reverse,SNP,23,0.0020854111886843777,106,0.0025463018568786184,L2R3TGE,L6TGE,L2R3TGE / L6TGE,-0.28807158324708615,2_17
1523,2_17_chr7_149685_149919_fw,reverse,noSNP,10,0.0009067005168192946,90,0.0021619544067837324,L2R3TGE,L6TGE,L2R3TGE / L6TGE,-1.2536380861832122,2_17
1524,2_19_chr7_27168362_27168894_fw,forward,SNP,110,0.00997370568501224,355,0.008527709048980278,L2R3TGE,L6TGE,L2R3TGE / L6TGE,0.22597141439171528,2_19
1525,2_19_chr7_27168362_27168894_fw,forward,noSNP,58,0.005258862997551909,223,0.00535684258569747,L2R3TGE,L6TGE,L2R3TGE / L6TGE,-0.02663198953363241,2_19
1526,2_19_chr7_27168362_27168894_fw,reverse,SNP,185,0.01677395956115695,436,0.010473468015085637,L2R3TGE,L6TGE,L2R3TGE / L6TGE,0.6794840509984859,2_19
1527,2_19_chr7_27168362_27168894_fw,reverse,noSNP,165,0.014960558527518361,352,0.008455643902087487,L2R3TGE,L6TGE,L2R3TGE / L6TGE,0.8231775108676187,2_19
1528,2_1_chr10_24208466_24209279_fw,forward,SNP,23,0.0020854111886843777,149,0.003579235629008624,L2R3TGE,L6TGE,L2R3TGE / L6TGE,-0.7793196491460485,2_1
1529,2_1_chr10_24208466_24209279_fw,forward,noSNP,19,0.0017227309819566597,89,0.002137932691152802,L2R3TGE,L6TGE,L2R3TGE / L6TGE,-0.3115190022637122,2_1
1530,2_1_chr10_24208466_24209279_fw,reverse,SNP,24,0.002176081240366307,245,0.005885320329577938,L2R3TGE,L6TGE,L2R3TGE / L6TGE,-1.4353885230223142,2_1
1531,2_1_chr10_24208466_24209279_fw,reverse,noSNP,19,0.0017227309819566597,215,0.005164668860650028,L2R3TGE,L6TGE,L2R3TGE / L6TGE,-1.5839784208867747,2_1
1532,2_20_chr7_7566677_7567687_fw,forward,SNP,9,0.0008160304651373652,50,0.001201085781546518,L2R3TGE,L6TGE,L2R3TGE / L6TGE,-0.5576442730733121,2_20
1533,2_20_chr7_7566677_7567687_fw,forward,noSNP,7,0.0006346903617735063,117,0.0028105407288188523,L2R3TGE,L6TGE,L2R3TGE / L6TGE,-2.1467228822667,2_20
1534,2_20_chr7_7566677_7567687_fw,reverse,noSNP,23,0.0020854111886843777,199,0.004780321410555142,L2R3TGE,L6TGE,L2R3TGE / L6TGE,-1.1967757492275357,2_20
1535,2_22_chr10_122375105_122375476_rc__2_21_chr10_122375073_122375541_fw,forward,SNP,2,0.00018134010336385892,129,0.0030988013163900166,L2R3TGE,L6TGE,L2R3TGE / L6TGE,-4.094940340164154,2_22
1536,2_22_chr10_122375105_122375476_rc__2_21_chr10_122375073_122375541_fw,forward,noSNP,5,0.0004533502584096473,128,0.0030747796007590863,L2R3TGE,L6TGE,L2R3TGE / L6TGE,-2.7617849898535374,2_22
1537,2_22_chr10_122375105_122375476_rc__2_21_chr10_122375073_122375541_fw,reverse,SNP,7,0.0006346903617735063,74,0.0017776069566888468,L2R3TGE,L6TGE,L2R3TGE / L6TGE,-1.4858115283122455,2_22
1538,2_22_chr10_122375105_122375476_rc__2_21_chr10_122375073_122375541_fw,reverse,noSNP,9,0.0008160304651373652,80,0.001921737250474429,L2R3TGE,L6TGE,L2R3TGE / L6TGE,-1.2357161781859498,2_22
1539,2_23_chr12_53046798_53047380_fw__2_24_chr12_53046888_53047426_rc,forward,SNP,9,0.0008160304651373652,74,0.0017776069566888468,L2R3TGE,L6TGE,L2R3TGE / L6TGE,-1.1232414489275373,2_23
1540,2_23_chr12_53046798_53047380_fw__2_24_chr12_53046888_53047426_rc,forward,noSNP,4,0.00036268020672771783,71,0.0017055418097960556,L2R3TGE,L6TGE,L2R3TGE / L6TGE,-2.233460204245582,2_23
1541,2_23_chr12_53046798_53047380_fw__2_24_chr12_53046888_53047426_rc,reverse,SNP,8,0.0007253604134554357,78,0.001873693819212568,L2R3TGE,L6TGE,L2R3TGE / L6TGE,-1.369115303603148,2_23
1542,2_23_chr12_53046798_53047380_fw__2_24_chr12_53046888_53047426_rc,reverse,noSNP,4,0.00036268020672771783,79,0.0018977155348434986,L2R3TGE,L6TGE,L2R3TGE / L6TGE,-2.387493832918003,2_23
1543,2_32_chr22_44023936_44024267_rc__2_31_chr22_44023811_44024452_fw,forward,SNP,19,0.0017227309819566597,114,0.0027384755819260614,L2R3TGE,L6TGE,L2R3TGE / L6TGE,-0.6686755854620563,2_32
1544,2_32_chr22_44023936_44024267_rc__2_31_chr22_44023811_44024452_fw,forward,noSNP,16,0.0014507208269108713,91,0.0021859761224146627,L2R3TGE,L6TGE,L2R3TGE / L6TGE,-0.5915077249395961,2_32
1545,2_32_chr22_44023936_44024267_rc__2_31_chr22_44023811_44024452_fw,reverse,SNP,39,0.003536132015595249,89,0.002137932691152802,L2R3TGE,L6TGE,L2R3TGE / L6TGE,0.7259557031549508,2_32
1546,2_32_chr22_44023936_44024267_rc__2_31_chr22_44023811_44024452_fw,reverse,noSNP,30,0.0027201015504578836,107,0.0025703235725095487,L2R3TGE,L6TGE,L2R3TGE / L6TGE,0.08171052446647163,2_32
1547,2_33_chr5_132369336_132370461_fw__2_34_chr5_132369418_132370280_rc,forward,SNP,16,0.0014507208269108713,46,0.0011049989190227967,L2R3TGE,L6TGE,L2R3TGE / L6TGE,0.39272495920208705,2_33
1548,2_33_chr5_132369336_132370461_fw__2_34_chr5_132369418_132370280_rc,forward,noSNP,23,0.0020854111886843777,56,0.0013452160753321001,L2R3TGE,L6TGE,L2R3TGE / L6TGE,0.632493949258509,2_33
1549,2_33_chr5_132369336_132370461_fw__2_34_chr5_132369418_132370280_rc,reverse,noSNP,6,0.0005440203100915768,53,0.0012731509284393092,L2R3TGE,L6TGE,L2R3TGE / L6TGE,-1.226671038582943,2_33
1550,2_39_chr14_100375283_100375730_rc__2_35_chr14_100375283_100375730_rc,forward,SNP,107,0.009701695529966452,441,0.010593576593240289,L2R3TGE,L6TGE,L2R3TGE / L6TGE,-0.12688094389727345,2_39
1551,2_39_chr14_100375283_100375730_rc__2_35_chr14_100375283_100375730_rc,forward,noSNP,117,0.010608396046785746,496,0.011914770952941458,L2R3TGE,L6TGE,L2R3TGE / L6TGE,-0.1675446755443706,2_39
1552,2_39_chr14_100375283_100375730_rc__2_35_chr14_100375283_100375730_rc,reverse,SNP,36,0.0032641218605494607,321,0.007710970717528646,L2R3TGE,L6TGE,L2R3TGE / L6TGE,-1.2402175704208904,2_39
1553,2_3_chr10_71888998_71889183_rc,forward,SNP,7,0.0006346903617735063,56,0.0013452160753321001,L2R3TGE,L6TGE,L2R3TGE / L6TGE,-1.0837130847408998,2_3
1554,2_3_chr10_71888998_71889183_rc,forward,noSNP,7,0.0006346903617735063,33,0.0007927166158207019,L2R3TGE,L6TGE,L2R3TGE / L6TGE,-0.32075228204174905,2_3
1555,2_3_chr10_71888998_71889183_rc,reverse,SNP,1,9.067005168192946e-05,16,0.0003843474500948858,L2R3TGE,L6TGE,L2R3TGE / L6TGE,-2.0837130847409,2_3
1556,2_40_chr2_27890876_27891263_rc__2_36_chr2_27890876_27891263_rc,forward,SNP,25,0.0022667512920482363,68,0.0016334766629032646,L2R3TGE,L6TGE,L2R3TGE / L6TGE,0.47268026378348527,2_40
1557,2_40_chr2_27890876_27891263_rc__2_36_chr2_27890876_27891263_rc,forward,noSNP,4,0.00036268020672771783,59,0.0014172812222248913,L2R3TGE,L6TGE,L2R3TGE / L6TGE,-1.9663561341027413,2_40
1558,2_40_chr2_27890876_27891263_rc__2_36_chr2_27890876_27891263_rc,reverse,SNP,29,0.0026294314987759543,91,0.0021859761224146627,L2R3TGE,L6TGE,L2R3TGE / L6TGE,0.2664732701879761,2_40
1559,2_40_chr2_27890876_27891263_rc__2_36_chr2_27890876_27891263_rc,reverse,noSNP,13,0.001178710671865083,37,0.0008888034783444234,L2R3TGE,L6TGE,L2R3TGE / L6TGE,0.4072732677712424,2_40
1560,2_41_chr2_29114692_29115684_fw__2_37_chr2_29114692_29115684_fw,forward,SNP,13,0.001178710671865083,164,0.00393956136347258,L2R3TGE,L6TGE,L2R3TGE / L6TGE,-1.7408253712178914,2_41
1561,2_41_chr2_29114692_29115684_fw__2_37_chr2_29114692_29115684_fw,forward,noSNP,3,0.0002720101550457884,62,0.0014893463691176823,L2R3TGE,L6TGE,L2R3TGE / L6TGE,-2.452946894406619,2_41
1562,2_41_chr2_29114692_29115684_fw__2_37_chr2_29114692_29115684_fw,reverse,SNP,19,0.0017227309819566597,136,0.0032669533258065293,L2R3TGE,L6TGE,L2R3TGE / L6TGE,-0.9232484125476539,2_41
1563,2_41_chr2_29114692_29115684_fw__2_37_chr2_29114692_29115684_fw,reverse,noSNP,10,0.0009067005168192946,56,0.0013452160753321001,L2R3TGE,L6TGE,L2R3TGE / L6TGE,-0.5691399119111415,2_41
1564,2_42_chr7_158818580_158818984_rc__2_38_chr7_158818580_158818984_rc,forward,noSNP,60,0.005440203100915767,392,0.009416512527324701,L2R3TGE,L6TGE,L2R3TGE / L6TGE,-0.7915323332475896,2_42
1565,2_42_chr7_158818580_158818984_rc__2_38_chr7_158818580_158818984_rc,reverse,SNP,17,0.0015413908785928008,337,0.008095318167623532,L2R3TGE,L6TGE,L2R3TGE / L6TGE,-2.392855024672419,2_42
1566,2_5_chr12_2959230_2960351_fw,forward,SNP,6,0.0005440203100915768,45,0.0010809772033918662,L2R3TGE,L6TGE,L2R3TGE / L6TGE,-0.9906036803494183,2_5
1567,2_5_chr12_2959230_2960351_fw,forward,noSNP,1,9.067005168192946e-05,54,0.0012971726440702395,L2R3TGE,L6TGE,L2R3TGE / L6TGE,-3.8386005869043687,2_5
1568,2_5_chr12_2959230_2960351_fw,reverse,SNP,10,0.0009067005168192946,49,0.0011770640659155877,L2R3TGE,L6TGE,L2R3TGE / L6TGE,-0.37649483396874583,2_5
1569,2_5_chr12_2959230_2960351_fw,reverse,noSNP,1,9.067005168192946e-05,61,0.001465324653486752,L2R3TGE,L6TGE,L2R3TGE / L6TGE,-4.014450422303786,2_5
1570,2_6_chr12_57611320_57611561_fw,forward,noSNP,3,0.0002720101550457884,44,0.0010569554877609359,L2R3TGE,L6TGE,L2R3TGE / L6TGE,-1.958182202657041,2_6
1571,2_6_chr12_57611320_57611561_fw,reverse,noSNP,14,0.0012693807235470125,35,0.0008407600470825626,L2R3TGE,L6TGE,L2R3TGE / L6TGE,0.5943588203717379,2_6
1572,2_7_chr14_75069209_75069609_rc,forward,noSNP,129,0.0116964366669689,5,0.00012010857815465181,L2R3TGE,L6TGE,L2R3TGE / L6TGE,6.605586075794992,2_7
1573,2_7_chr14_75069209_75069609_rc,reverse,noSNP,64,0.005802883307643485,12,0.00028826058757116434,L2R3TGE,L6TGE,L2R3TGE / L6TGE,4.331324414537944,2_7
1574,3,reverse,SNP,6,0.0005440203100915768,77,0.0018496721035816377,L2R3TGE,L6TGE,L2R3TGE / L6TGE,-1.7655371247146452,3
1575,4,forward,any_SNP,40,0.0036268020672771783,1491,0.035816378005717166,L2R3TGE,L6TGE,L2R3TGE / L6TGE,-3.30384953213698,4
1576,4,reverse,any_SNP,164,0.01486988847583643,979,0.023517259602680824,L2R3TGE,L6TGE,L2R3TGE / L6TGE,-0.6613261297265113,4
1577,8,any_orientation,any_SNP,28,0.002538761447094025,461,0.011074010905858897,L2R3TGE,L6TGE,L2R3TGE / L6TGE,-2.124981103112634,8
1578,9,any_orientation,any_SNP,11,0.000997370568501224,2473,0.059405702755290786,L2R3TGE,L6TGE,L2R3TGE / L6TGE,-5.896327990493541,9
1579,CMV,any_orientation,any_SNP,90,0.008160304651373651,101,0.0024261932787239663,L2R3TGE,L6TGE,L2R3TGE / L6TGE,1.7499285288369801,CMV
1580,SV40,any_orientation,any_SNP,8,0.0007253604134554357,34,0.0008167383314516323,L2R3TGE,L6TGE,L2R3TGE / L6TGE,-0.17117592599123943,SV40
1581,1_16_chr16_30805349_30805831_bi,reverse,noSNP,153,0.013872517907335208,7,0.000494210674950579,L2R3TGE,L7TGE,L2R3TGE / L7TGE,4.810959681851256,1_16
1582,1_17_chr16_73068918_73069480_bi,forward,noSNP,104,0.009429685374920664,26,0.0018356396498164361,L2R3TGE,L7TGE,L2R3TGE / L7TGE,2.3609267612162084,1_17
1583,1_17_chr16_73068918_73069480_bi,reverse,noSNP,47,0.004261492429050684,17,0.0012002259248799774,L2R3TGE,L7TGE,L2R3TGE / L7TGE,1.8280527716435064,1_17
1584,1_18_chr16_74297506_74297928_bi,forward,noSNP,160,0.014507208269108713,88,0.006212934199378707,L2R3TGE,L7TGE,L2R3TGE / L7TGE,1.2234232374662735,1_18
1585,1_18_chr16_74297506_74297928_bi,reverse,noSNP,105,0.009520355426602593,103,0.007271957074272804,L2R3TGE,L7TGE,L2R3TGE / L7TGE,0.3886717516991127,1_18
1586,1_19_chr16_807619_808176_bi,reverse,noSNP,48,0.004352162480732614,15,0.0010590228748940977,L2R3TGE,L7TGE,L2R3TGE / L7TGE,2.038998666328846,1_19
1587,1_1_chr1_156748909_156749379_bi,forward,noSNP,1,9.067005168192946e-05,25,0.0017650381248234962,L2R3TGE,L7TGE,L2R3TGE / L7TGE,-4.282929428558516,1_1
1588,1_20_chr16_87853532_87854041_bi,reverse,SNP,19,0.0017227309819566597,9,0.0006354137249364587,L2R3TGE,L7TGE,L2R3TGE / L7TGE,1.4389292732174814,1_20
1589,1_20_chr16_87853532_87854041_bi,reverse,noSNP,39,0.003536132015595249,19,0.001341428974865857,L2R3TGE,L7TGE,L2R3TGE / L7TGE,1.3984014666348714,1_20
1590,1_23_chr2_70142583_70143144_bi,forward,SNP,77,0.006981593979508568,30,0.0021180457497881953,L2R3TGE,L7TGE,L2R3TGE / L7TGE,1.7208227063025914,1_23
1591,1_23_chr2_70142583_70143144_bi,forward,noSNP,656,0.05947955390334572,328,0.02315730019768427,L2R3TGE,L7TGE,L2R3TGE / L7TGE,1.3609267612162081,1_23
1592,1_23_chr2_70142583_70143144_bi,reverse,SNP,4,0.00036268020672771783,5,0.00035300762496469926,L2R3TGE,L7TGE,L2R3TGE / L7TGE,0.03899866632884607,1_23
1593,1_23_chr2_70142583_70143144_bi,reverse,noSNP,87,0.007888294496327863,250,0.017650381248234964,L2R3TGE,L7TGE,L2R3TGE / L7TGE,-1.1619140275971505,1_23
1594,1_24_chr21_29002584_29003015_bi,forward,noSNP,78,0.007072264031190498,52,0.0036712792996328723,L2R3TGE,L7TGE,L2R3TGE / L7TGE,0.9458892619373644,1_24
1595,1_24_chr21_29002584_29003015_bi,reverse,noSNP,30,0.0027201015504578836,49,0.0034594747246540526,L2R3TGE,L7TGE,L2R3TGE / L7TGE,-0.34689248729048144,1_24
1596,1_25_chr22_36465359_36465803_bi,forward,noSNP,98,0.008885665064829087,23,0.0016238350748376165,L2R3TGE,L7TGE,L2R3TGE / L7TGE,2.4520746492744037,1_25
1597,1_25_chr22_36465359_36465803_bi,reverse,noSNP,38,0.0034454619639133193,36,0.0025416548997458347,L2R3TGE,L7TGE,L2R3TGE / L7TGE,0.4389292732174813,1_25
1598,1_26_chr22_40651538_40652054_bi,forward,noSNP,57,0.005168192945869979,218,0.015391132448460887,L2R3TGE,L7TGE,L2R3TGE / L7TGE,-1.5743675493959763,1_26
1599,1_26_chr22_40651538_40652054_bi,reverse,noSNP,203,0.01840602049143168,331,0.023369104772663088,L2R3TGE,L7TGE,L2R3TGE / L7TGE,-0.34442472840583305,1_26
1600,1_28_chr7_1532728_1533226_bi,forward,noSNP,13,0.001178710671865083,13,0.0009178198249082181,L2R3TGE,L7TGE,L2R3TGE / L7TGE,0.3609267612162082,1_28
1601,1_28_chr7_1532728_1533226_bi,reverse,noSNP,7,0.0006346903617735063,8,0.0005648121999435188,L2R3TGE,L7TGE,L2R3TGE / L7TGE,0.16828168327381238,1_28
1602,1_30_chr9_126805681_126806202_bi,forward,noSNP,68,0.006165563514371203,58,0.004094888449590511,L2R3TGE,L7TGE,L2R3TGE / L7TGE,0.5904086073389757,1_30
1603,1_30_chr9_126805681_126806202_bi,reverse,noSNP,84,0.007616284341282075,70,0.004942106749505789,L2R3TGE,L7TGE,L2R3TGE / L7TGE,0.6239611670500024,1_30
1604,1_5_chr1_33127099_33127603_bi,forward,noSNP,76,0.006890923927826639,143,0.010096018073990399,L2R3TGE,L7TGE,L2R3TGE / L7TGE,-0.5510170621185956,1_5
1605,1_5_chr1_33127099_33127603_bi,reverse,noSNP,188,0.017045969716202737,145,0.010237221123976278,L2R3TGE,L7TGE,L2R3TGE / L7TGE,0.7356065228789112,1_5
1606,1_7_chr10_110211049_110211924_bi,forward,noSNP,55,0.00498685284250612,91,0.006424738774357526,L2R3TGE,L7TGE,L2R3TGE / L7TGE,-0.3655081654578282,1_7
1607,1_7_chr10_110211049_110211924_bi,reverse,noSNP,53,0.004805512739142261,11,0.0007766167749223384,L2R3TGE,L7TGE,L2R3TGE / L7TGE,2.6294155971421103,1_7
1608,1_8_chr10_4663047_4663594_bi,forward,noSNP,745,0.06754918850303744,148,0.010449025698955098,L2R3TGE,L7TGE,L2R3TGE / L7TGE,2.6925700109367825,1_8
1609,1_8_chr10_4663047_4663594_bi,reverse,noSNP,1290,0.116964366669689,186,0.013131883648686811,L2R3TGE,L7TGE,L2R3TGE / L7TGE,3.1549233004187935,1_8
1610,1_9_chr10_71860316_71860874_bi,forward,noSNP,24,0.002176081240366307,25,0.0017650381248234962,L2R3TGE,L7TGE,L2R3TGE / L7TGE,0.3020330721626398,1_9
1611,1_9_chr10_71860316_71860874_bi,reverse,noSNP,55,0.00498685284250612,18,0.0012708274498729173,L2R3TGE,L7TGE,L2R3TGE / L7TGE,1.9723614732985555,1_9
1612,22,any_orientation,any_SNP,246,0.022304832713754646,2198,0.1551821519344818,L2R3TGE,L7TGE,L2R3TGE / L7TGE,-2.798534404393783,22
1613,2_10_chr16_3305171_3305501_rc,forward,SNP,265,0.024027563695711306,107,0.007554363174244564,L2R3TGE,L7TGE,L2R3TGE / L7TGE,1.6693083242656228,2_10
1614,2_10_chr16_3305171_3305501_rc,forward,noSNP,299,0.02711034545289691,170,0.012002259248799774,L2R3TGE,L7TGE,L2R3TGE / L7TGE,1.1755374992766117,2_10
1615,2_10_chr16_3305171_3305501_rc,reverse,SNP,69,0.006256233566053132,101,0.0071307540242869245,L2R3TGE,L7TGE,L2R3TGE / L7TGE,-0.18876026475741742,2_10
1616,2_10_chr16_3305171_3305501_rc,reverse,noSNP,113,0.010245715840058029,105,0.007413160124258684,L2R3TGE,L7TGE,L2R3TGE / L7TGE,0.46686020596527344,2_10
1617,2_12_chr17_58692543_58692822_fw,forward,SNP,17,0.0015413908785928008,27,0.0019062411748093759,L2R3TGE,L7TGE,L2R3TGE / L7TGE,-0.3064978996969208,2_12
1618,2_12_chr17_58692543_58692822_fw,forward,noSNP,29,0.0026294314987759543,20,0.001412030499858797,L2R3TGE,L7TGE,L2R3TGE / L7TGE,0.896979661456418,2_12
1619,2_12_chr17_58692543_58692822_fw,reverse,SNP,16,0.0014507208269108713,37,0.0026122564247387744,L2R3TGE,L7TGE,L2R3TGE / L7TGE,-0.8485266044127414,2_12
1620,2_12_chr17_58692543_58692822_fw,reverse,noSNP,22,0.001994741137002448,18,0.0012708274498729173,L2R3TGE,L7TGE,L2R3TGE / L7TGE,0.6504333784111931,2_12
1621,2_13_chr19_41397182_41397493_rc,forward,SNP,17,0.0015413908785928008,112,0.007907370799209263,L2R3TGE,L7TGE,L2R3TGE / L7TGE,-2.3589653195910563,2_13
1622,2_13_chr19_41397182_41397493_rc,forward,noSNP,36,0.0032641218605494607,156,0.011013837898898616,L2R3TGE,L7TGE,L2R3TGE / L7TGE,-1.7545504562037275,2_13
1623,2_13_chr19_41397182_41397493_rc,reverse,SNP,43,0.0038988122223229667,110,0.007766167749223383,L2R3TGE,L7TGE,L2R3TGE / L7TGE,-0.9941681976063531,2_13
1624,2_13_chr19_41397182_41397493_rc,reverse,noSNP,73,0.00661891377278085,139,0.009813611974018638,L2R3TGE,L7TGE,L2R3TGE / L7TGE,-0.5681897526272819,2_13
1625,2_15_chr3_122793601_122793905_rc,forward,SNP,26,0.002357421343730166,60,0.004236091499576391,L2R3TGE,L7TGE,L2R3TGE / L7TGE,-0.8455241162512179,2_15
1626,2_15_chr3_122793601_122793905_rc,forward,noSNP,29,0.0026294314987759543,55,0.0038830838746116915,L2R3TGE,L7TGE,L2R3TGE / L7TGE,-0.562451957180879,2_15
1627,2_15_chr3_122793601_122793905_rc,reverse,SNP,25,0.0022667512920482363,40,0.002824060999717594,L2R3TGE,L7TGE,L2R3TGE / L7TGE,-0.31714514389642945,2_15
1628,2_15_chr3_122793601_122793905_rc,reverse,noSNP,17,0.0015413908785928008,27,0.0019062411748093759,L2R3TGE,L7TGE,L2R3TGE / L7TGE,-0.3064978996969208,2_15
1629,2_16_chr6_108562603_108562763_rc,forward,SNP,161,0.014597878320790642,118,0.008330979949166902,L2R3TGE,L7TGE,L2R3TGE / L7TGE,0.8092005899689839,2_16
1630,2_16_chr6_108562603_108562763_rc,forward,noSNP,130,0.01178710671865083,105,0.007413160124258684,L2R3TGE,L7TGE,L2R3TGE / L7TGE,0.6690490565785402,2_16
1631,2_16_chr6_108562603_108562763_rc,reverse,SNP,68,0.006165563514371203,91,0.006424738774357526,L2R3TGE,L7TGE,L2R3TGE / L7TGE,-0.05940503773214854,2_16
1632,2_16_chr6_108562603_108562763_rc,reverse,noSNP,98,0.008885665064829087,83,0.005859926574414007,L2R3TGE,L7TGE,L2R3TGE / L7TGE,0.600597173984492,2_16
1633,2_17_chr7_149685_149919_fw,forward,SNP,3,0.0002720101550457884,37,0.0026122564247387744,L2R3TGE,L7TGE,L2R3TGE / L7TGE,-3.2635641036915852,2_17
1634,2_17_chr7_149685_149919_fw,forward,noSNP,6,0.0005440203100915768,34,0.0024004518497599547,L2R3TGE,L7TGE,L2R3TGE / L7TGE,-2.1415735793129747,2_17
1635,2_17_chr7_149685_149919_fw,reverse,SNP,23,0.0020854111886843777,39,0.002753459474724654,L2R3TGE,L7TGE,L2R3TGE / L7TGE,-0.400913501589027,2_17
1636,2_17_chr7_149685_149919_fw,reverse,noSNP,10,0.0009067005168192946,29,0.0020474442247952556,L2R3TGE,L7TGE,L2R3TGE / L7TGE,-1.1751261390240015,2_17
1637,2_19_chr7_27168362_27168894_fw,forward,SNP,110,0.00997370568501224,6,0.0004236091499576391,L2R3TGE,L7TGE,L2R3TGE / L7TGE,4.557323974019712,2_19
1638,2_19_chr7_27168362_27168894_fw,reverse,SNP,185,0.01677395956115695,7,0.000494210674950579,L2R3TGE,L7TGE,L2R3TGE / L7TGE,5.0849532996749165,2_19
1639,2_19_chr7_27168362_27168894_fw,reverse,noSNP,165,0.014960558527518361,8,0.0005648121999435188,L2R3TGE,L7TGE,L2R3TGE / L7TGE,4.727248975462024,2_19
1640,2_1_chr10_24208466_24209279_fw,forward,SNP,23,0.0020854111886843777,41,0.002894662524710534,L2R3TGE,L7TGE,L2R3TGE / L7TGE,-0.4730632873448624,2_1
1641,2_20_chr7_7566677_7567687_fw,forward,SNP,9,0.0008160304651373652,15,0.0010590228748940977,L2R3TGE,L7TGE,L2R3TGE / L7TGE,-0.3760388329499976,2_20
1642,2_20_chr7_7566677_7567687_fw,forward,noSNP,7,0.0006346903617735063,37,0.0026122564247387744,L2R3TGE,L7TGE,L2R3TGE / L7TGE,-2.041171682355137,2_20
1643,2_20_chr7_7566677_7567687_fw,reverse,noSNP,23,0.0020854111886843777,69,0.004871505224512849,L2R3TGE,L7TGE,L2R3TGE / L7TGE,-1.2240357395049477,2_20
1644,2_22_chr10_122375105_122375476_rc__2_21_chr10_122375073_122375541_fw,forward,SNP,2,0.00018134010336385892,49,0.0034594747246540526,L2R3TGE,L7TGE,L2R3TGE / L7TGE,-4.253783082899,2_22
1645,2_22_chr10_122375105_122375476_rc__2_21_chr10_122375073_122375541_fw,forward,noSNP,5,0.0004533502584096473,41,0.002894662524710534,L2R3TGE,L7TGE,L2R3TGE / L7TGE,-2.6746971485145132,2_22
1646,2_22_chr10_122375105_122375476_rc__2_21_chr10_122375073_122375541_fw,reverse,SNP,7,0.0006346903617735063,17,0.0012002259248799774,L2R3TGE,L7TGE,L2R3TGE / L7TGE,-0.9191811579765268,2_22
1647,2_22_chr10_122375105_122375476_rc__2_21_chr10_122375073_122375541_fw,reverse,noSNP,9,0.0008160304651373652,28,0.001976842699802316,L2R3TGE,L7TGE,L2R3TGE / L7TGE,-1.2765031593990834,2_22
1648,2_23_chr12_53046798_53047380_fw__2_24_chr12_53046888_53047426_rc,forward,SNP,9,0.0008160304651373652,24,0.0016944365998305564,L2R3TGE,L7TGE,L2R3TGE / L7TGE,-1.0541107380626356,2_23
1649,2_23_chr12_53046798_53047380_fw__2_24_chr12_53046888_53047426_rc,forward,noSNP,4,0.00036268020672771783,23,0.0016238350748376165,L2R3TGE,L7TGE,L2R3TGE / L7TGE,-2.1626351948408047,2_23
1650,2_23_chr12_53046798_53047380_fw__2_24_chr12_53046888_53047426_rc,reverse,SNP,8,0.0007253604134554357,30,0.0021180457497881953,L2R3TGE,L7TGE,L2R3TGE / L7TGE,-1.54596383439231,2_23
1651,2_23_chr12_53046798_53047380_fw__2_24_chr12_53046888_53047426_rc,reverse,noSNP,4,0.00036268020672771783,28,0.001976842699802316,L2R3TGE,L7TGE,L2R3TGE / L7TGE,-2.446428160841396,2_23
1652,2_32_chr22_44023936_44024267_rc__2_31_chr22_44023811_44024452_fw,forward,SNP,19,0.0017227309819566597,44,0.0031064670996893535,L2R3TGE,L7TGE,L2R3TGE / L7TGE,-0.8505773439775035,2_32
1653,2_32_chr22_44023936_44024267_rc__2_31_chr22_44023811_44024452_fw,forward,noSNP,16,0.0014507208269108713,25,0.0017650381248234962,L2R3TGE,L7TGE,L2R3TGE / L7TGE,-0.2829294285585163,2_32
1654,2_32_chr22_44023936_44024267_rc__2_31_chr22_44023811_44024452_fw,reverse,SNP,39,0.003536132015595249,30,0.0021180457497881953,L2R3TGE,L7TGE,L2R3TGE / L7TGE,0.7394383844699383,2_32
1655,2_32_chr22_44023936_44024267_rc__2_31_chr22_44023811_44024452_fw,reverse,noSNP,30,0.0027201015504578836,44,0.0031064670996893535,L2R3TGE,L7TGE,L2R3TGE / L7TGE,-0.1916142618125706,2_32
1656,2_33_chr5_132369336_132370461_fw__2_34_chr5_132369418_132370280_rc,forward,SNP,16,0.0014507208269108713,20,0.001412030499858797,L2R3TGE,L7TGE,L2R3TGE / L7TGE,0.03899866632884607,2_33
1657,2_33_chr5_132369336_132370461_fw__2_34_chr5_132369418_132370280_rc,forward,noSNP,23,0.0020854111886843777,22,0.0015532335498446767,L2R3TGE,L7TGE,L2R3TGE / L7TGE,0.425057098635924,2_33
1658,2_33_chr5_132369336_132370461_fw__2_34_chr5_132369418_132370280_rc,reverse,noSNP,6,0.0005440203100915768,17,0.0012002259248799774,L2R3TGE,L7TGE,L2R3TGE / L7TGE,-1.1415735793129747,2_33
1659,2_39_chr14_100375283_100375730_rc__2_35_chr14_100375283_100375730_rc,forward,SNP,107,0.009701695529966452,163,0.011508048573849195,L2R3TGE,L7TGE,L2R3TGE / L7TGE,-0.24633440661372216,2_39
1660,2_39_chr14_100375283_100375730_rc__2_35_chr14_100375283_100375730_rc,forward,noSNP,117,0.010608396046785746,154,0.010872634848912736,L2R3TGE,L7TGE,L2R3TGE / L7TGE,-0.035495059895288526,2_39
1661,2_39_chr14_100375283_100375730_rc__2_35_chr14_100375283_100375730_rc,reverse,SNP,36,0.0032641218605494607,85,0.006001129624399887,L2R3TGE,L7TGE,L2R3TGE / L7TGE,-0.8785391734791808,2_39
1662,2_39_chr14_100375283_100375730_rc__2_35_chr14_100375283_100375730_rc,reverse,noSNP,27,0.0024480913954120953,97,0.0068483479243151655,L2R3TGE,L7TGE,L2R3TGE / L7TGE,-1.4840985788074508,2_39
1663,2_3_chr10_71888998_71889183_rc,forward,SNP,7,0.0006346903617735063,20,0.001412030499858797,L2R3TGE,L7TGE,L2R3TGE / L7TGE,-1.1536464116135499,2_3
1664,2_40_chr2_27890876_27891263_rc__2_36_chr2_27890876_27891263_rc,forward,SNP,25,0.0022667512920482363,24,0.0016944365998305564,L2R3TGE,L7TGE,L2R3TGE / L7TGE,0.4198204502697767,2_40
1665,2_40_chr2_27890876_27891263_rc__2_36_chr2_27890876_27891263_rc,forward,noSNP,4,0.00036268020672771783,28,0.001976842699802316,L2R3TGE,L7TGE,L2R3TGE / L7TGE,-2.446428160841396,2_40
1666,2_40_chr2_27890876_27891263_rc__2_36_chr2_27890876_27891263_rc,reverse,SNP,29,0.0026294314987759543,36,0.0025416548997458347,L2R3TGE,L7TGE,L2R3TGE / L7TGE,0.04898275490146805,2_40
1667,2_40_chr2_27890876_27891263_rc__2_36_chr2_27890876_27891263_rc,reverse,noSNP,13,0.001178710671865083,16,0.0011296243998870376,L2R3TGE,L7TGE,L2R3TGE / L7TGE,0.06136647935730045,2_40
1668,2_41_chr2_29114692_29115684_fw__2_37_chr2_29114692_29115684_fw,forward,SNP,13,0.001178710671865083,45,0.003177068624682293,L2R3TGE,L7TGE,L2R3TGE / L7TGE,-1.4304866169723742,2_41
1669,2_41_chr2_29114692_29115684_fw__2_37_chr2_29114692_29115684_fw,forward,noSNP,3,0.0002720101550457884,32,0.0022592487997740753,L2R3TGE,L7TGE,L2R3TGE / L7TGE,-3.0541107380626356,2_41
1670,2_41_chr2_29114692_29115684_fw__2_37_chr2_29114692_29115684_fw,reverse,SNP,19,0.0017227309819566597,40,0.002824060999717594,L2R3TGE,L7TGE,L2R3TGE / L7TGE,-0.7130738202275687,2_41
1671,2_41_chr2_29114692_29115684_fw__2_37_chr2_29114692_29115684_fw,reverse,noSNP,10,0.0009067005168192946,27,0.0019062411748093759,L2R3TGE,L7TGE,L2R3TGE / L7TGE,-1.0720326460598977,2_41
1672,2_42_chr7_158818580_158818984_rc__2_38_chr7_158818580_158818984_rc,forward,SNP,49,0.004442832532414544,42,0.0029652640497034735,L2R3TGE,L7TGE,L2R3TGE / L7TGE,0.5833191825526564,2_42
1673,2_42_chr7_158818580_158818984_rc__2_38_chr7_158818580_158818984_rc,forward,noSNP,60,0.005440203100915767,48,0.003388873199661113,L2R3TGE,L7TGE,L2R3TGE / L7TGE,0.6828548561035706,2_42
1674,2_42_chr7_158818580_158818984_rc__2_38_chr7_158818580_158818984_rc,reverse,SNP,17,0.0015413908785928008,48,0.003388873199661113,L2R3TGE,L7TGE,L2R3TGE / L7TGE,-1.1365728982546084,2_42
1675,2_42_chr7_158818580_158818984_rc__2_38_chr7_158818580_158818984_rc,reverse,noSNP,9,0.0008160304651373652,56,0.003953685399604632,L2R3TGE,L7TGE,L2R3TGE / L7TGE,-2.2765031593990837,2_42
1676,2_5_chr12_2959230_2960351_fw,forward,SNP,6,0.0005440203100915768,23,0.0016238350748376165,L2R3TGE,L7TGE,L2R3TGE / L7TGE,-1.5776726941196484,2_5
1677,2_5_chr12_2959230_2960351_fw,forward,noSNP,1,9.067005168192946e-05,13,0.0009178198249082181,L2R3TGE,L7TGE,L2R3TGE / L7TGE,-3.339512956924884,2_5
1678,2_5_chr12_2959230_2960351_fw,reverse,SNP,10,0.0009067005168192946,14,0.000988421349901158,L2R3TGE,L7TGE,L2R3TGE / L7TGE,-0.12450006595403351,2_5
1679,2_5_chr12_2959230_2960351_fw,reverse,noSNP,1,9.067005168192946e-05,16,0.0011296243998870376,L2R3TGE,L7TGE,L2R3TGE / L7TGE,-3.6390732387837916,2_5
1680,2_6_chr12_57611320_57611561_fw,forward,noSNP,3,0.0002720101550457884,19,0.001341428974865857,L2R3TGE,L7TGE,L2R3TGE / L7TGE,-2.3020382515062208,2_6
1681,2_6_chr12_57611320_57611561_fw,reverse,noSNP,14,0.0012693807235470125,22,0.0015532335498446767,L2R3TGE,L7TGE,L2R3TGE / L7TGE,-0.2911499353634847,2_6
1682,2_7_chr14_75069209_75069609_rc,forward,noSNP,129,0.0116964366669689,21,0.0014826320248517368,L2R3TGE,L7TGE,L2R3TGE / L7TGE,2.979836593860702,2_7
1683,2_7_chr14_75069209_75069609_rc,reverse,noSNP,64,0.005802883307643485,17,0.0012002259248799774,L2R3TGE,L7TGE,L2R3TGE / L7TGE,2.273463919965869,2_7
1684,3,reverse,SNP,6,0.0005440203100915768,45,0.003177068624682293,L2R3TGE,L7TGE,L2R3TGE / L7TGE,-2.5459638343923103,3
1685,4,forward,any_SNP,40,0.0036268020672771783,585,0.041301892120869814,L2R3TGE,L7TGE,L2R3TGE / L7TGE,-3.5094379583671964,4
1686,4,reverse,any_SNP,164,0.01486988847583643,326,0.02301609714769839,L2R3TGE,L7TGE,L2R3TGE / L7TGE,-0.6302493883967856,4
1687,8,any_orientation,any_SNP,28,0.002538761447094025,172,0.012143462298785653,L2R3TGE,L7TGE,L2R3TGE / L7TGE,-2.2579830714282854,8
1688,9,any_orientation,any_SNP,11,0.000997370568501224,886,0.0625529511437447,L2R3TGE,L7TGE,L2R3TGE / L7TGE,-5.970804508701513,9
1689,CMV,any_orientation,any_SNP,90,0.008160304651373651,36,0.0025416548997458347,L2R3TGE,L7TGE,L2R3TGE / L7TGE,1.6828548561035708,CMV
1690,SV40,any_orientation,any_SNP,8,0.0007253604134554357,13,0.0009178198249082181,L2R3TGE,L7TGE,L2R3TGE / L7TGE,-0.3395129569248839,SV40
1691,1_11_chr11_65418158_65418613_bi,forward,noSNP,5,0.0004533502584096473,7,0.00025968244546668645,L2R3TGE,L8TGE,L2R3TGE / L8TGE,0.8038776161343112,1_11
1692,1_11_chr11_65418158_65418613_bi,reverse,noSNP,6,0.0005440203100915768,13,0.0004822673987238463,L2R3TGE,L8TGE,L2R3TGE / L8TGE,0.17382722588461674,1_11
1693,1_15_chr15_40098659_40099167_bi,forward,noSNP,14,0.0012693807235470125,5,0.00018548746104763317,L2R3TGE,L8TGE,L2R3TGE / L8TGE,2.7747312704747946,1_15
1694,1_15_chr15_40098659_40099167_bi,reverse,noSNP,21,0.0019040710853205187,7,0.00025968244546668645,L2R3TGE,L8TGE,L2R3TGE / L8TGE,2.874266944025709,1_15
1695,1_16_chr16_30805349_30805831_bi,forward,noSNP,280,0.025387614470940248,348,0.01290992728891527,L2R3TGE,L8TGE,L2R3TGE / L8TGE,0.9756439644007909,1_16
1696,1_16_chr16_30805349_30805831_bi,reverse,noSNP,153,0.013872517907335208,331,0.012279269921353317,L2R3TGE,L8TGE,L2R3TGE / L8TGE,0.17600487918998703,1_16
1697,1_17_chr16_73068918_73069480_bi,forward,noSNP,104,0.009429685374920664,83,0.003079091853390711,L2R3TGE,L8TGE,L2R3TGE / L8TGE,1.6147047300987203,1_17
1698,1_17_chr16_73068918_73069480_bi,reverse,noSNP,47,0.004261492429050684,50,0.0018548746104763319,L2R3TGE,L8TGE,L2R3TGE / L8TGE,1.2000371052074654,1_17
1699,1_18_chr16_74297506_74297928_bi,forward,noSNP,160,0.014507208269108713,179,0.006640451105505268,L2R3TGE,L8TGE,L2R3TGE / L8TGE,1.1274167609276589,1_18
1700,1_18_chr16_74297506_74297928_bi,reverse,noSNP,105,0.009520355426602593,178,0.006603353613295742,L2R3TGE,L8TGE,L2R3TGE / L8TGE,0.5278165300042776,1_18
1701,1_19_chr16_807619_808176_bi,forward,SNP,18,0.0016320609302747304,15,0.0005564623831428995,L2R3TGE,L8TGE,L2R3TGE / L8TGE,1.552338849138347,1_19
1702,1_19_chr16_807619_808176_bi,forward,noSNP,3,0.0002720101550457884,5,0.00018548746104763317,L2R3TGE,L8TGE,L2R3TGE / L8TGE,0.5523388491383469,1_19
1703,1_19_chr16_807619_808176_bi,reverse,SNP,15,0.0013600507752289418,15,0.0005564623831428995,L2R3TGE,L8TGE,L2R3TGE / L8TGE,1.2893044433045528,1_19
1704,1_19_chr16_807619_808176_bi,reverse,noSNP,48,0.004352162480732614,20,0.0007419498441905327,L2R3TGE,L8TGE,L2R3TGE / L8TGE,2.552338849138347,1_19
1705,1_1_chr1_156748909_156749379_bi,forward,noSNP,1,9.067005168192946e-05,74,0.0027452144235049713,L2R3TGE,L8TGE,L2R3TGE / L8TGE,-4.920148922324397,1_1
1706,1_20_chr16_87853532_87854041_bi,forward,SNP,5,0.0004533502584096473,15,0.0005564623831428995,L2R3TGE,L8TGE,L2R3TGE / L8TGE,-0.2956580574166032,1_20
1707,1_20_chr16_87853532_87854041_bi,forward,noSNP,2,0.00018134010336385892,8,0.0002967799376762131,L2R3TGE,L8TGE,L2R3TGE / L8TGE,-0.7106955566954472,1_20
1708,1_20_chr16_87853532_87854041_bi,reverse,SNP,19,0.0017227309819566597,18,0.0006677548597714795,L2R3TGE,L8TGE,L2R3TGE / L8TGE,1.367306955305826,1_20
1709,1_20_chr16_87853532_87854041_bi,reverse,noSNP,39,0.003536132015595249,21,0.0007790473364000593,L2R3TGE,L8TGE,L2R3TGE / L8TGE,2.182389239388041,1_20
1710,1_23_chr2_70142583_70143144_bi,forward,SNP,77,0.006981593979508568,41,0.001520997180590592,L2R3TGE,L8TGE,L2R3TGE / L8TGE,2.1985389793813708,1_23
1711,1_23_chr2_70142583_70143144_bi,forward,noSNP,656,0.05947955390334572,603,0.02236978780234456,L2R3TGE,L8TGE,L2R3TGE / L8TGE,1.4108422560225518,1_23
1712,1_23_chr2_70142583_70143144_bi,reverse,noSNP,87,0.007888294496327863,442,0.016397091556610774,L2R3TGE,L8TGE,L2R3TGE / L8TGE,-1.0556546202381505,1_23
1713,1_24_chr21_29002584_29003015_bi,forward,noSNP,78,0.007072264031190498,63,0.002337142009200178,L2R3TGE,L8TGE,L2R3TGE / L8TGE,1.597426738666885,1_24
1714,1_25_chr22_36465359_36465803_bi,forward,noSNP,98,0.008885665064829087,50,0.0018548746104763319,L2R3TGE,L8TGE,L2R3TGE / L8TGE,2.260158097645036,1_25
1715,1_25_chr22_36465359_36465803_bi,reverse,noSNP,38,0.0034454619639133193,95,0.0035242617599050303,L2R3TGE,L8TGE,L2R3TGE / L8TGE,-0.03262365158280937,1_25
1716,1_26_chr22_40651538_40652054_bi,forward,noSNP,57,0.005168192945869979,614,0.022777860216649355,L2R3TGE,L8TGE,L2R3TGE / L8TGE,-2.139900387900885,1_26
1717,1_26_chr22_40651538_40652054_bi,reverse,noSNP,203,0.01840602049143168,712,0.026413414453182966,L2R3TGE,L8TGE,L2R3TGE / L8TGE,-0.5210930704766689,1_26
1718,1_28_chr7_1532728_1533226_bi,forward,noSNP,13,0.001178710671865083,14,0.0005193648909333729,L2R3TGE,L8TGE,L2R3TGE / L8TGE,1.182389239388041,1_28
1719,1_28_chr7_1532728_1533226_bi,reverse,noSNP,7,0.0006346903617735063,13,0.0004822673987238463,L2R3TGE,L8TGE,L2R3TGE / L8TGE,0.39621964722106484,1_28
1720,1_30_chr9_126805681_126806202_bi,forward,noSNP,68,0.006165563514371203,149,0.005527526339219469,L2R3TGE,L8TGE,L2R3TGE / L8TGE,0.1575987640927308,1_30
1721,1_30_chr9_126805681_126806202_bi,reverse,noSNP,84,0.007616284341282075,127,0.004711381510609883,L2R3TGE,L8TGE,L2R3TGE / L8TGE,0.6929371793111474,1_30
1722,1_5_chr1_33127099_33127603_bi,forward,noSNP,76,0.006890923927826639,294,0.01090666270960083,L2R3TGE,L8TGE,L2R3TGE / L8TGE,-0.662440388088226,1_5
1723,1_5_chr1_33127099_33127603_bi,reverse,noSNP,188,0.017045969716202737,279,0.010350200326457932,L2R3TGE,L8TGE,L2R3TGE / L8TGE,0.7197719831530025,1_5
1724,1_7_chr10_110211049_110211924_bi,forward,noSNP,55,0.00498685284250612,146,0.005416233862590889,L2R3TGE,L8TGE,L2R3TGE / L8TGE,-0.1191604020508047,1_7
1725,1_7_chr10_110211049_110211924_bi,reverse,noSNP,53,0.004805512739142261,22,0.000816144828609586,L2R3TGE,L8TGE,L2R3TGE / L8TGE,2.557793279230455,1_7
1726,1_8_chr10_4663047_4663594_bi,forward,noSNP,745,0.06754918850303744,294,0.01090666270960083,L2R3TGE,L8TGE,L2R3TGE / L8TGE,2.6307287138177124,1_8
1727,1_8_chr10_4663047_4663594_bi,reverse,noSNP,1290,0.116964366669689,358,0.013280902211010536,L2R3TGE,L8TGE,L2R3TGE / L8TGE,3.138644016350913,1_8
1728,1_9_chr10_71860316_71860874_bi,forward,noSNP,24,0.002176081240366307,49,0.0018177771182668052,L2R3TGE,L8TGE,L2R3TGE / L8TGE,0.25955709991050085,1_9
1729,1_9_chr10_71860316_71860874_bi,reverse,noSNP,55,0.00498685284250612,26,0.0009645347974476926,L2R3TGE,L8TGE,L2R3TGE / L8TGE,2.3702244386881204,1_9
1730,22,any_orientation,any_SNP,246,0.022304832713754646,4363,0.16185635851016472,L2R3TGE,L8TGE,L2R3TGE / L8TGE,-2.859285809732707,22
1731,2_10_chr16_3305171_3305501_rc,forward,SNP,265,0.024027563695711306,215,0.007975960825048227,L2R3TGE,L8TGE,L2R3TGE / L8TGE,1.5909601431656542,2_10
1732,2_10_chr16_3305171_3305501_rc,forward,noSNP,299,0.02711034545289691,288,0.010684077756343672,L2R3TGE,L8TGE,L2R3TGE / L8TGE,1.3433811160603455,2_10
1733,2_10_chr16_3305171_3305501_rc,reverse,SNP,69,0.006256233566053132,173,0.006417866152248108,L2R3TGE,L8TGE,L2R3TGE / L8TGE,-0.03679932755400263,2_10
1734,2_10_chr16_3305171_3305501_rc,reverse,noSNP,113,0.010245715840058029,196,0.007271108473067221,L2R3TGE,L8TGE,L2R3TGE / L8TGE,0.4947735616045323,2_10
1735,2_12_chr17_58692543_58692822_fw,forward,noSNP,29,0.0026294314987759543,91,0.0033758717910669237,L2R3TGE,L8TGE,L2R3TGE / L8TGE,-0.36050920176657103,2_12
1736,2_12_chr17_58692543_58692822_fw,reverse,noSNP,22,0.001994741137002448,87,0.0032274818222288175,L2R3TGE,L8TGE,L2R3TGE / L8TGE,-0.6942074339068783,2_12
1737,2_13_chr19_41397182_41397493_rc,forward,SNP,17,0.0015413908785928008,25,0.0009274373052381659,L2R3TGE,L8TGE,L2R3TGE / L8TGE,0.7329110947801676,2_13
1738,2_13_chr19_41397182_41397493_rc,forward,noSNP,36,0.0032641218605494607,16,0.0005935598753524262,L2R3TGE,L8TGE,L2R3TGE / L8TGE,2.4592294447468652,2_13
1739,2_13_chr19_41397182_41397493_rc,reverse,noSNP,73,0.00661891377278085,35,0.0012984122273334323,L2R3TGE,L8TGE,L2R3TGE / L8TGE,2.3498459852396034,2_13
1740,2_15_chr3_122793601_122793905_rc,forward,SNP,26,0.002357421343730166,112,0.004154919127466983,L2R3TGE,L8TGE,L2R3TGE / L8TGE,-0.8176107606119588,2_15
1741,2_15_chr3_122793601_122793905_rc,forward,noSNP,29,0.0026294314987759543,106,0.003932334174209824,L2R3TGE,L8TGE,L2R3TGE / L8TGE,-0.5806350161310742,2_15
1742,2_15_chr3_122793601_122793905_rc,reverse,SNP,25,0.0022667512920482363,77,0.002856506900133551,L2R3TGE,L8TGE,L2R3TGE / L8TGE,-0.33362590761562394,2_15
1743,2_15_chr3_122793601_122793905_rc,reverse,noSNP,17,0.0015413908785928008,61,0.0022629470247811246,L2R3TGE,L8TGE,L2R3TGE / L8TGE,-0.5539700530079938,2_15
1744,2_16_chr6_108562603_108562763_rc,forward,SNP,161,0.014597878320790642,176,0.006529158628876688,L2R3TGE,L8TGE,L2R3TGE / L8TGE,1.1607897027818725,2_16
1745,2_16_chr6_108562603_108562763_rc,forward,noSNP,130,0.01178710671865083,166,0.006158183706781422,L2R3TGE,L8TGE,L2R3TGE / L8TGE,0.9366328249860827,2_16
1746,2_16_chr6_108562603_108562763_rc,reverse,SNP,68,0.006165563514371203,200,0.0074194984419053275,L2R3TGE,L8TGE,L2R3TGE / L8TGE,-0.2670889052198324,2_16
1747,2_16_chr6_108562603_108562763_rc,reverse,noSNP,98,0.008885665064829087,177,0.006566256121086214,L2R3TGE,L8TGE,L2R3TGE / L8TGE,0.4364087373367639,2_16
1748,2_17_chr7_149685_149919_fw,forward,SNP,3,0.0002720101550457884,81,0.0030048968689716576,L2R3TGE,L8TGE,L2R3TGE / L8TGE,-3.4655830588589156,2_17
1749,2_17_chr7_149685_149919_fw,forward,noSNP,6,0.0005440203100915768,70,0.0025968244546668647,L2R3TGE,L8TGE,L2R3TGE / L8TGE,-2.2550160729192577,2_17
1750,2_17_chr7_149685_149919_fw,reverse,SNP,23,0.0020854111886843777,79,0.0029307018845526043,L2R3TGE,L8TGE,L2R3TGE / L8TGE,-0.49091434881553714,2_17
1751,2_17_chr7_149685_149919_fw,reverse,noSNP,10,0.0009067005168192946,58,0.002151654548152545,L2R3TGE,L8TGE,L2R3TGE / L8TGE,-1.2467484569356568,2_17
1752,2_19_chr7_27168362_27168894_fw,forward,SNP,110,0.00997370568501224,16,0.0005935598753524262,L2R3TGE,L8TGE,L2R3TGE / L8TGE,4.070664156829213,2_19
1753,2_19_chr7_27168362_27168894_fw,forward,noSNP,58,0.005258862997551909,10,0.00037097492209526634,L2R3TGE,L8TGE,L2R3TGE / L8TGE,3.8253573435447628,2_19
1754,2_19_chr7_27168362_27168894_fw,reverse,SNP,185,0.01677395956115695,14,0.0005193648909333729,L2R3TGE,L8TGE,L2R3TGE / L8TGE,5.013330981763261,2_19
1755,2_19_chr7_27168362_27168894_fw,reverse,noSNP,165,0.014960558527518361,29,0.0010758272740762724,L2R3TGE,L8TGE,L2R3TGE / L8TGE,3.7976456624227968,2_19
1756,2_1_chr10_24208466_24209279_fw,forward,noSNP,19,0.0017227309819566597,66,0.002448434485828758,L2R3TGE,L8TGE,L2R3TGE / L8TGE,-0.5071621626103151,2_1
1757,2_1_chr10_24208466_24209279_fw,reverse,SNP,24,0.002176081240366307,6,0.00022258495325715982,L2R3TGE,L8TGE,L2R3TGE / L8TGE,3.2893044433045526,2_1
1758,2_1_chr10_24208466_24209279_fw,reverse,noSNP,19,0.0017227309819566597,128,0.0047484790028194095,L2R3TGE,L8TGE,L2R3TGE / L8TGE,-1.4627680432518617,2_1
1759,2_20_chr7_7566677_7567687_fw,forward,SNP,9,0.0008160304651373652,49,0.0018177771182668052,L2R3TGE,L8TGE,L2R3TGE / L8TGE,-1.155480399368343,2_20
1760,2_20_chr7_7566677_7567687_fw,forward,noSNP,7,0.0006346903617735063,46,0.0017064846416382253,L2R3TGE,L8TGE,L2R3TGE / L8TGE,-1.4269025906948558,2_20
1761,2_20_chr7_7566677_7567687_fw,reverse,SNP,12,0.0010880406201831535,41,0.001520997180590592,L2R3TGE,L8TGE,L2R3TGE / L8TGE,-0.48328506059237447,2_20
1762,2_20_chr7_7566677_7567687_fw,reverse,noSNP,23,0.0020854111886843777,97,0.0035984567443240836,L2R3TGE,L8TGE,L2R3TGE / L8TGE,-0.7870464428255619,2_20
1763,2_22_chr10_122375105_122375476_rc__2_21_chr10_122375073_122375541_fw,forward,SNP,2,0.00018134010336385892,88,0.003264579314438344,L2R3TGE,L8TGE,L2R3TGE / L8TGE,-4.170127175332745,2_22
1764,2_22_chr10_122375105_122375476_rc__2_21_chr10_122375073_122375541_fw,forward,noSNP,5,0.0004533502584096473,88,0.003264579314438344,L2R3TGE,L8TGE,L2R3TGE / L8TGE,-2.848199080445382,2_22
1765,2_22_chr10_122375105_122375476_rc__2_21_chr10_122375073_122375541_fw,reverse,SNP,7,0.0006346903617735063,35,0.0012984122273334323,L2R3TGE,L8TGE,L2R3TGE / L8TGE,-1.0326236515828093,2_22
1766,2_22_chr10_122375105_122375476_rc__2_21_chr10_122375073_122375541_fw,reverse,noSNP,9,0.0008160304651373652,51,0.0018919721026858585,L2R3TGE,L8TGE,L2R3TGE / L8TGE,-1.2131958972246304,2_22
1767,2_23_chr12_53046798_53047380_fw__2_24_chr12_53046888_53047426_rc,forward,SNP,9,0.0008160304651373652,40,0.0014838996883810654,L2R3TGE,L8TGE,L2R3TGE / L8TGE,-0.8626986501404968,2_23
1768,2_23_chr12_53046798_53047380_fw__2_24_chr12_53046888_53047426_rc,forward,noSNP,4,0.00036268020672771783,59,0.0021887520403620717,L2R3TGE,L8TGE,L2R3TGE / L8TGE,-2.5933386060572885,2_23
1769,2_23_chr12_53046798_53047380_fw__2_24_chr12_53046888_53047426_rc,reverse,SNP,8,0.0007253604134554357,68,0.0025226294702478114,L2R3TGE,L8TGE,L2R3TGE / L8TGE,-1.7981583979457865,2_23
1770,2_23_chr12_53046798_53047380_fw__2_24_chr12_53046888_53047426_rc,reverse,noSNP,4,0.00036268020672771783,62,0.0023000445169906515,L2R3TGE,L8TGE,L2R3TGE / L8TGE,-2.6648918670823223,2_23
1771,2_32_chr22_44023936_44024267_rc__2_31_chr22_44023811_44024452_fw,forward,SNP,19,0.0017227309819566597,71,0.002633921946876391,L2R3TGE,L8TGE,L2R3TGE / L8TGE,-0.6125151627565436,2_32
1772,2_32_chr22_44023936_44024267_rc__2_31_chr22_44023811_44024452_fw,forward,noSNP,16,0.0014507208269108713,52,0.0019290695948953852,L2R3TGE,L8TGE,L2R3TGE / L8TGE,-0.41113527483653933,2_32
1773,2_32_chr22_44023936_44024267_rc__2_31_chr22_44023811_44024452_fw,reverse,SNP,39,0.003536132015595249,50,0.0018548746104763319,L2R3TGE,L8TGE,L2R3TGE / L8TGE,0.9308504723920765,2_32
1774,2_32_chr22_44023936_44024267_rc__2_31_chr22_44023811_44024452_fw,reverse,noSNP,30,0.0027201015504578836,52,0.0019290695948953852,L2R3TGE,L8TGE,L2R3TGE / L8TGE,0.4957553207719791,2_32
1775,2_33_chr5_132369336_132370461_fw__2_34_chr5_132369418_132370280_rc,forward,noSNP,23,0.0020854111886843777,6,0.00022258495325715982,L2R3TGE,L8TGE,L2R3TGE / L8TGE,3.2279038986404096,2_33
1776,2_39_chr14_100375283_100375730_rc__2_35_chr14_100375283_100375730_rc,forward,SNP,107,0.009701695529966452,277,0.010276005342038878,L2R3TGE,L8TGE,L2R3TGE / L8TGE,-0.08297073634348834,2_39
1777,2_39_chr14_100375283_100375730_rc__2_35_chr14_100375283_100375730_rc,forward,noSNP,117,0.010608396046785746,302,0.011203442647277044,L2R3TGE,L8TGE,L2R3TGE / L8TGE,-0.0787355764371215,2_39
1778,2_39_chr14_100375283_100375730_rc__2_35_chr14_100375283_100375730_rc,reverse,SNP,36,0.0032641218605494607,149,0.005527526339219469,L2R3TGE,L8TGE,L2R3TGE / L8TGE,-0.7599390757152963,2_39
1779,2_39_chr14_100375283_100375730_rc__2_35_chr14_100375283_100375730_rc,reverse,noSNP,27,0.0024480913954120953,200,0.0074194984419053275,L2R3TGE,L8TGE,L2R3TGE / L8TGE,-1.5996642443067033,2_39
1780,2_3_chr10_71888998_71889183_rc,forward,SNP,7,0.0006346903617735063,24,0.0008903398130286393,L2R3TGE,L8TGE,L2R3TGE / L8TGE,-0.48830313535899916,2_3
1781,2_3_chr10_71888998_71889183_rc,forward,noSNP,7,0.0006346903617735063,17,0.0006306573675619528,L2R3TGE,L8TGE,L2R3TGE / L8TGE,0.009196524111817702,2_3
1782,2_3_chr10_71888998_71889183_rc,reverse,SNP,1,9.067005168192946e-05,7,0.00025968244546668645,L2R3TGE,L8TGE,L2R3TGE / L8TGE,-1.518050478753051,2_3
1783,2_40_chr2_27890876_27891263_rc__2_36_chr2_27890876_27891263_rc,forward,SNP,25,0.0022667512920482363,70,0.0025968244546668647,L2R3TGE,L8TGE,L2R3TGE / L8TGE,-0.19612238386568911,2_40
1784,2_40_chr2_27890876_27891263_rc__2_36_chr2_27890876_27891263_rc,forward,noSNP,4,0.00036268020672771783,40,0.0014838996883810654,L2R3TGE,L8TGE,L2R3TGE / L8TGE,-2.0326236515828096,2_40
1785,2_40_chr2_27890876_27891263_rc__2_36_chr2_27890876_27891263_rc,reverse,SNP,29,0.0026294314987759543,61,0.0022629470247811246,L2R3TGE,L8TGE,L2R3TGE / L8TGE,0.21654810086923898,2_40
1786,2_40_chr2_27890876_27891263_rc__2_36_chr2_27890876_27891263_rc,reverse,noSNP,13,0.001178710671865083,32,0.0011871197507048524,L2R3TGE,L8TGE,L2R3TGE / L8TGE,-0.010255838554354984,2_40
1787,2_41_chr2_29114692_29115684_fw__2_37_chr2_29114692_29115684_fw,forward,SNP,13,0.001178710671865083,103,0.0038210416975812435,L2R3TGE,L8TGE,L2R3TGE / L8TGE,-1.6967563657375733,2_41
1788,2_41_chr2_29114692_29115684_fw__2_37_chr2_29114692_29115684_fw,forward,noSNP,3,0.0002720101550457884,47,0.001743582133847752,L2R3TGE,L8TGE,L2R3TGE / L8TGE,-2.6803219076519285,2_41
1789,2_41_chr2_29114692_29115684_fw__2_37_chr2_29114692_29115684_fw,reverse,SNP,19,0.0017227309819566597,97,0.0035984567443240836,L2R3TGE,L8TGE,L2R3TGE / L8TGE,-1.0626808854389893,2_41
1790,2_41_chr2_29114692_29115684_fw__2_37_chr2_29114692_29115684_fw,reverse,noSNP,10,0.0009067005168192946,43,0.0015951921650096453,L2R3TGE,L8TGE,L2R3TGE / L8TGE,-0.8150322165101828,2_41
1791,2_42_chr7_158818580_158818984_rc__2_38_chr7_158818580_158818984_rc,forward,SNP,49,0.004442832532414544,219,0.008124350793886334,L2R3TGE,L8TGE,L2R3TGE / L8TGE,-0.8707727721814125,2_42
1792,2_42_chr7_158818580_158818984_rc__2_38_chr7_158818580_158818984_rc,forward,noSNP,60,0.005440203100915767,210,0.007790473364000594,L2R3TGE,L8TGE,L2R3TGE / L8TGE,-0.5180504787530513,2_42
1793,2_42_chr7_158818580_158818984_rc__2_38_chr7_158818580_158818984_rc,reverse,SNP,17,0.0015413908785928008,217,0.00805015580946728,L2R3TGE,L8TGE,L2R3TGE / L8TGE,-2.384783947889587,2_42
1794,2_42_chr7_158818580_158818984_rc__2_38_chr7_158818580_158818984_rc,reverse,noSNP,9,0.0008160304651373652,255,0.009459860513429293,L2R3TGE,L8TGE,L2R3TGE / L8TGE,-3.5351239921119926,2_42
1795,2_5_chr12_2959230_2960351_fw,forward,SNP,6,0.0005440203100915768,46,0.0017064846416382253,L2R3TGE,L8TGE,L2R3TGE / L8TGE,-1.649295012031304,2_5
1796,2_5_chr12_2959230_2960351_fw,forward,noSNP,1,9.067005168192946e-05,45,0.0016693871494286986,L2R3TGE,L8TGE,L2R3TGE / L8TGE,-4.202548653025122,2_5
1797,2_5_chr12_2959230_2960351_fw,reverse,SNP,10,0.0009067005168192946,34,0.0012613147351239057,L2R3TGE,L8TGE,L2R3TGE / L8TGE,-0.4762303030584242,2_5
1798,2_5_chr12_2959230_2960351_fw,reverse,noSNP,1,9.067005168192946e-05,32,0.0011871197507048524,L2R3TGE,L8TGE,L2R3TGE / L8TGE,-3.7106955566954474,2_5
1799,2_6_chr12_57611320_57611561_fw,forward,noSNP,3,0.0002720101550457884,66,0.002448434485828758,L2R3TGE,L8TGE,L2R3TGE / L8TGE,-3.1701271753327442,2_6
1800,2_6_chr12_57611320_57611561_fw,reverse,noSNP,14,0.0012693807235470125,42,0.0015580946728001187,L2R3TGE,L8TGE,L2R3TGE / L8TGE,-0.29565805741660306,2_6
1801,2_7_chr14_75069209_75069609_rc,forward,noSNP,129,0.0116964366669689,34,0.0012613147351239057,L2R3TGE,L8TGE,L2R3TGE / L8TGE,3.2130688574774675,2_7
1802,2_7_chr14_75069209_75069609_rc,reverse,noSNP,64,0.005802883307643485,37,0.0013726072117524856,L2R3TGE,L8TGE,L2R3TGE / L8TGE,2.079851077675603,2_7
1803,3,reverse,SNP,6,0.0005440203100915768,44,0.001632289657219172,L2R3TGE,L8TGE,L2R3TGE / L8TGE,-1.5851646746115882,3
1804,4,forward,any_SNP,40,0.0036268020672771783,954,0.03539100756788841,L2R3TGE,L8TGE,L2R3TGE / L8TGE,-3.2866129178135965,4
1805,4,reverse,any_SNP,164,0.01486988847583643,587,0.021776227926992135,L2R3TGE,L8TGE,L2R3TGE / L8TGE,-0.5503602451874156,4
1806,8,any_orientation,any_SNP,28,0.002538761447094025,311,0.011537320077162783,L2R3TGE,L8TGE,L2R3TGE / L8TGE,-2.1841114047684456,8
1807,9,any_orientation,any_SNP,11,0.000997370568501224,1607,0.0596156699807093,L2R3TGE,L8TGE,L2R3TGE / L8TGE,-5.901418151733243,9
1808,CMV,any_orientation,any_SNP,90,0.008160304651373651,73,0.0027081169312954444,L2R3TGE,L8TGE,L2R3TGE / L8TGE,1.5913329807542103,CMV
1809,SV40,any_orientation,any_SNP,8,0.0007253604134554357,24,0.0008903398130286393,L2R3TGE,L8TGE,L2R3TGE / L8TGE,-0.2956580574166032,SV40
1810,1_11_chr11_65418158_65418613_bi,forward,noSNP,5,0.0004533502584096473,5,0.00015832805573147562,L2R3TGE,LTGE,L2R3TGE / LTGE,1.5177091835728915,1_11
1811,1_11_chr11_65418158_65418613_bi,reverse,noSNP,6,0.0005440203100915768,20,0.0006333122229259025,L2R3TGE,LTGE,L2R3TGE / LTGE,-0.2192564105933148,1_11
1812,1_15_chr15_40098659_40099167_bi,forward,noSNP,14,0.0012693807235470125,10,0.00031665611146295124,L2R3TGE,LTGE,L2R3TGE / LTGE,2.0031360107431335,1_15
1813,1_15_chr15_40098659_40099167_bi,reverse,noSNP,21,0.0019040710853205187,14,0.00044331855604813175,L2R3TGE,LTGE,L2R3TGE / LTGE,2.1026716842940476,1_15
1814,1_16_chr16_30805349_30805831_bi,forward,noSNP,280,0.025387614470940248,473,0.014977834072197594,L2R3TGE,LTGE,L2R3TGE / LTGE,0.7612958271784627,1_16
1815,1_16_chr16_30805349_30805831_bi,reverse,noSNP,153,0.013872517907335208,415,0.013141228625712476,L2R3TGE,LTGE,L2R3TGE / LTGE,0.07812950003125617,1_16
1816,1_17_chr16_73068918_73069480_bi,forward,noSNP,104,0.009429685374920664,82,0.0025965801139962003,L2R3TGE,LTGE,L2R3TGE / LTGE,1.8605968970959,1_17
1817,1_17_chr16_73068918_73069480_bi,reverse,noSNP,47,0.004261492429050684,37,0.0011716276124129196,L2R3TGE,LTGE,L2R3TGE / LTGE,1.862844669621579,1_17
1818,1_18_chr16_74297506_74297928_bi,forward,noSNP,160,0.014507208269108713,247,0.007821405953134896,L2R3TGE,LTGE,L2R3TGE / LTGE,0.8912700468755761,1_18
1819,1_18_chr16_74297506_74297928_bi,reverse,noSNP,105,0.009520355426602593,10,0.00031665611146295124,L2R3TGE,LTGE,L2R3TGE / LTGE,4.910026606351652,1_18
1820,1_19_chr16_807619_808176_bi,forward,SNP,18,0.0016320609302747304,15,0.00047498416719442683,L2R3TGE,LTGE,L2R3TGE / LTGE,1.7807435894066854,1_19
1821,1_19_chr16_807619_808176_bi,forward,noSNP,3,0.0002720101550457884,7,0.00022165927802406587,L2R3TGE,LTGE,L2R3TGE / LTGE,0.2953167622364435,1_19
1822,1_19_chr16_807619_808176_bi,reverse,SNP,15,0.0013600507752289418,22,0.0006966434452184928,L2R3TGE,LTGE,L2R3TGE / LTGE,0.9651681605441126,1_19
1823,1_19_chr16_807619_808176_bi,reverse,noSNP,48,0.004352162480732614,33,0.001044965167827739,L2R3TGE,LTGE,L2R3TGE / LTGE,2.058277564935594,1_19
1824,1_1_chr1_156748909_156749379_bi,forward,noSNP,1,9.067005168192946e-05,67,0.0021215959468017733,L2R3TGE,LTGE,L2R3TGE / LTGE,-4.548380006884881,1_1
1825,1_20_chr16_87853532_87854041_bi,forward,SNP,5,0.0004533502584096473,16,0.000506649778340722,L2R3TGE,LTGE,L2R3TGE / LTGE,-0.1603627215397464,1_20
1826,1_20_chr16_87853532_87854041_bi,forward,noSNP,2,0.00018134010336385892,11,0.0003483217226092464,L2R3TGE,LTGE,L2R3TGE / LTGE,-0.941722435064406,1_20
1827,1_20_chr16_87853532_87854041_bi,reverse,SNP,19,0.0017227309819566597,34,0.0010766307789740342,L2R3TGE,LTGE,L2R3TGE / LTGE,0.6781738557661375,1_20
1828,1_20_chr16_87853532_87854041_bi,reverse,noSNP,39,0.003536132015595249,24,0.0007599746675110829,L2R3TGE,LTGE,L2R3TGE / LTGE,2.2181489017139837,1_20
1829,1_23_chr2_70142583_70143144_bi,forward,SNP,77,0.006981593979508568,40,0.001266624445851805,L2R3TGE,LTGE,L2R3TGE / LTGE,2.4625676293804304,1_23
1830,1_23_chr2_70142583_70143144_bi,forward,noSNP,656,0.05947955390334572,714,0.022609246358454717,L2R3TGE,LTGE,L2R3TGE / LTGE,1.3954809241618755,1_23
1831,1_23_chr2_70142583_70143144_bi,reverse,SNP,4,0.00036268020672771783,13,0.0004116529449018366,L2R3TGE,LTGE,L2R3TGE / LTGE,-0.18273053456820063,1_23
1832,1_23_chr2_70142583_70143144_bi,reverse,noSNP,87,0.007888294496327863,524,0.016592780240658644,L2R3TGE,LTGE,L2R3TGE / LTGE,-1.0727703221158305,1_23
1833,1_24_chr21_29002584_29003015_bi,forward,noSNP,78,0.007072264031190498,120,0.0037998733375554147,L2R3TGE,LTGE,L2R3TGE / LTGE,0.8962208068266214,1_24
1834,1_24_chr21_29002584_29003015_bi,reverse,noSNP,30,0.0027201015504578836,82,0.0025965801139962003,L2R3TGE,LTGE,L2R3TGE / LTGE,0.06704777456332625,1_24
1835,1_25_chr22_36465359_36465803_bi,forward,noSNP,98,0.008885665064829087,69,0.0021849271690943636,L2R3TGE,LTGE,L2R3TGE / LTGE,2.0238945709099307,1_25
1836,1_25_chr22_36465359_36465803_bi,reverse,noSNP,38,0.0034454619639133193,99,0.0031348955034832173,L2R3TGE,LTGE,L2R3TGE / LTGE,0.13628007693686722,1_25
1837,1_26_chr22_40651538_40652054_bi,forward,noSNP,57,0.005168192945869979,512,0.016212792906903105,L2R3TGE,LTGE,L2R3TGE / LTGE,-1.6494008022623672,1_26
1838,1_26_chr22_40651538_40652054_bi,reverse,noSNP,203,0.01840602049143168,673,0.02131095630145662,L2R3TGE,LTGE,L2R3TGE / LTGE,-0.21141759385224962,1_26
1839,1_28_chr7_1532728_1533226_bi,forward,noSNP,13,0.001178710671865083,13,0.0004116529449018366,L2R3TGE,LTGE,L2R3TGE / LTGE,1.5177091835728915,1_28
1840,1_28_chr7_1532728_1533226_bi,reverse,noSNP,7,0.0006346903617735063,11,0.0003483217226092464,L2R3TGE,LTGE,L2R3TGE / LTGE,0.8656324869931983,1_28
1841,1_30_chr9_126805681_126806202_bi,forward,noSNP,68,0.006165563514371203,156,0.004939835338822039,L2R3TGE,LTGE,L2R3TGE / LTGE,0.31976980596098253,1_30
1842,1_30_chr9_126805681_126806202_bi,reverse,noSNP,84,0.007616284341282075,198,0.006269791006966435,L2R3TGE,LTGE,L2R3TGE / LTGE,0.28066998627204215,1_30
1843,1_5_chr1_33127099_33127603_bi,forward,noSNP,76,0.006890923927826639,259,0.008201393286890436,L2R3TGE,LTGE,L2R3TGE / LTGE,-0.25117159067007694,1_5
1844,1_5_chr1_33127099_33127603_bi,reverse,noSNP,188,0.017045969716202737,316,0.010006333122229259,L2R3TGE,LTGE,L2R3TGE / LTGE,0.7685172870734258,1_5
1845,1_7_chr10_110211049_110211924_bi,forward,noSNP,55,0.00498685284250612,192,0.0060797973400886635,L2R3TGE,LTGE,L2R3TGE / LTGE,-0.28589360362360494,1_7
1846,1_7_chr10_110211049_110211924_bi,reverse,noSNP,53,0.004805512739142261,28,0.0008866371120962635,L2R3TGE,LTGE,L2R3TGE / LTGE,2.438274716078486,1_7
1847,1_8_chr10_4663047_4663594_bi,forward,noSNP,745,0.06754918850303744,350,0.011082963901203294,L2R3TGE,LTGE,L2R3TGE / LTGE,2.6075946870900863,1_8
1848,1_8_chr10_4663047_4663594_bi,reverse,noSNP,1290,0.116964366669689,431,0.013647878404053198,L2R3TGE,LTGE,L2R3TGE / LTGE,3.09932047479441,1_8
1849,1_9_chr10_71860316_71860874_bi,forward,noSNP,24,0.002176081240366307,60,0.0018999366687777073,L2R3TGE,LTGE,L2R3TGE / LTGE,0.1957810886855291,1_9
1850,1_9_chr10_71860316_71860874_bi,reverse,noSNP,55,0.00498685284250612,37,0.0011716276124129196,L2R3TGE,LTGE,L2R3TGE / LTGE,2.0896155314686014,1_9
1851,22,any_orientation,any_SNP,246,0.022304832713754646,4721,0.14949335022165927,L2R3TGE,LTGE,L2R3TGE / LTGE,-2.744653078691862,22
1852,2_10_chr16_3305171_3305501_rc,forward,SNP,265,0.024027563695711306,276,0.008739708676377455,L2R3TGE,LTGE,L2R3TGE / LTGE,1.4590332762452838,2_10
1853,2_10_chr16_3305171_3305501_rc,forward,noSNP,299,0.02711034545289691,329,0.010417986067131096,L2R3TGE,LTGE,L2R3TGE / LTGE,1.3797670840357548,2_10
1854,2_10_chr16_3305171_3305501_rc,reverse,SNP,69,0.006256233566053132,213,0.006744775174160862,L2R3TGE,LTGE,L2R3TGE / LTGE,-0.10847597987477783,2_10
1855,2_10_chr16_3305171_3305501_rc,reverse,noSNP,113,0.010245715840058029,248,0.007853071564281191,L2R3TGE,LTGE,L2R3TGE / LTGE,0.3836918356012039,2_10
1856,2_11_chr16_4538333_4538583_rc,reverse,SNP,1,9.067005168192946e-05,17,0.0005383153894870171,L2R3TGE,LTGE,L2R3TGE / LTGE,-2.569753657677448,2_11
1857,2_12_chr17_58692543_58692822_fw,forward,noSNP,29,0.0026294314987759543,102,0.0032298923369221025,L2R3TGE,LTGE,L2R3TGE / LTGE,-0.29673516327103194,2_12
1858,2_12_chr17_58692543_58692822_fw,reverse,noSNP,22,0.001994741137002448,106,0.0033565547815072832,L2R3TGE,LTGE,L2R3TGE / LTGE,-0.7507796523530106,2_12
1859,2_13_chr19_41397182_41397493_rc,forward,SNP,17,0.0015413908785928008,279,0.00883470550981634,L2R3TGE,LTGE,L2R3TGE / LTGE,-2.518949287005957,2_13
1860,2_13_chr19_41397182_41397493_rc,forward,noSNP,36,0.0032641218605494607,325,0.010291323622545916,L2R3TGE,LTGE,L2R3TGE / LTGE,-1.656661722900613,2_13
1861,2_13_chr19_41397182_41397493_rc,reverse,SNP,43,0.0038988122223229667,217,0.006871437618746042,L2R3TGE,LTGE,L2R3TGE / LTGE,-0.8175772941694898,2_13
1862,2_13_chr19_41397182_41397493_rc,reverse,noSNP,73,0.00661891377278085,316,0.010006333122229259,L2R3TGE,LTGE,L2R3TGE / LTGE,-0.5962470057241943,2_13
1863,2_15_chr3_122793601_122793905_rc,forward,SNP,26,0.002357421343730166,125,0.003958201393286891,L2R3TGE,LTGE,L2R3TGE / LTGE,-0.7476353829481034,2_15
1864,2_15_chr3_122793601_122793905_rc,forward,noSNP,29,0.0026294314987759543,135,0.004274857504749842,L2R3TGE,LTGE,L2R3TGE / LTGE,-0.7011254183503672,2_15
1865,2_15_chr3_122793601_122793905_rc,reverse,SNP,25,0.0022667512920482363,87,0.002754908169727676,L2R3TGE,LTGE,L2R3TGE / LTGE,-0.2813781225011123,2_15
1866,2_15_chr3_122793601_122793905_rc,reverse,noSNP,17,0.0015413908785928008,56,0.001773274224192527,L2R3TGE,LTGE,L2R3TGE / LTGE,-0.2021828972343733,2_15
1867,2_16_chr6_108562603_108562763_rc,forward,noSNP,130,0.01178710671865083,337,0.010671310956301456,L2R3TGE,LTGE,L2R3TGE / LTGE,0.14347221541948774,2_16
1868,2_16_chr6_108562603_108562763_rc,reverse,noSNP,98,0.008885665064829087,330,0.01044965167827739,L2R3TGE,LTGE,L2R3TGE / LTGE,-0.2339031865577159,2_16
1869,2_17_chr7_149685_149919_fw,forward,SNP,3,0.0002720101550457884,96,0.0030398986700443317,L2R3TGE,LTGE,L2R3TGE / LTGE,-3.4822908164271085,2_17
1870,2_17_chr7_149685_149919_fw,forward,noSNP,6,0.0005440203100915768,83,0.002628245725142495,L2R3TGE,LTGE,L2R3TGE / LTGE,-2.272367747052877,2_17
1871,2_17_chr7_149685_149919_fw,reverse,SNP,23,0.0020854111886843777,80,0.00253324889170361,L2R3TGE,LTGE,L2R3TGE / LTGE,-0.280656955257458,2_17
1872,2_17_chr7_149685_149919_fw,reverse,noSNP,10,0.0009067005168192946,70,0.002216592780240659,L2R3TGE,LTGE,L2R3TGE / LTGE,-1.2896457384847126,2_17
1873,2_19_chr7_27168362_27168894_fw,forward,SNP,110,0.00997370568501224,261,0.008264724509183027,L2R3TGE,LTGE,L2R3TGE / LTGE,0.27116290052766684,2_19
1874,2_19_chr7_27168362_27168894_fw,forward,noSNP,58,0.005258862997551909,146,0.004623179227359088,L2R3TGE,LTGE,L2R3TGE / LTGE,0.18586561982044633,2_19
1875,2_19_chr7_27168362_27168894_fw,reverse,SNP,185,0.01677395956115695,313,0.009911336288790373,L2R3TGE,LTGE,L2R3TGE / LTGE,0.7590717971565851,2_19
1876,2_19_chr7_27168362_27168894_fw,reverse,noSNP,165,0.014960558527518361,264,0.008359721342621912,L2R3TGE,LTGE,L2R3TGE / LTGE,0.8396372784602539,2_19
1877,2_1_chr10_24208466_24209279_fw,forward,SNP,23,0.0020854111886843777,37,0.0011716276124129196,L2R3TGE,LTGE,L2R3TGE / LTGE,0.8318177740009547,2_1
1878,2_1_chr10_24208466_24209279_fw,forward,noSNP,19,0.0017227309819566597,47,0.0014882837238758709,L2R3TGE,LTGE,L2R3TGE / LTGE,0.2110478453388395,2_1
1879,2_1_chr10_24208466_24209279_fw,reverse,SNP,24,0.002176081240366307,84,0.0026599113362887903,L2R3TGE,LTGE,L2R3TGE / LTGE,-0.28964573848471253,2_1
1880,2_1_chr10_24208466_24209279_fw,reverse,noSNP,19,0.0017227309819566597,52,0.0016466117796073464,L2R3TGE,LTGE,L2R3TGE / LTGE,0.06519697887538486,2_1
1881,2_20_chr7_7566677_7567687_fw,forward,SNP,9,0.0008160304651373652,59,0.0018682710576314124,L2R3TGE,LTGE,L2R3TGE / LTGE,-1.1950088643466374,2_20
1882,2_20_chr7_7566677_7567687_fw,forward,noSNP,7,0.0006346903617735063,37,0.0011716276124129196,L2R3TGE,LTGE,L2R3TGE / LTGE,-0.8843892599984541,2_20
1883,2_20_chr7_7566677_7567687_fw,reverse,SNP,12,0.0010880406201831535,65,0.002058264724509183,L2R3TGE,LTGE,L2R3TGE / LTGE,-0.9196961287344068,2_20
1884,2_20_chr7_7566677_7567687_fw,reverse,noSNP,23,0.0020854111886843777,118,0.0037365421152628247,L2R3TGE,LTGE,L2R3TGE / LTGE,-0.8413719097319369,2_20
1885,2_22_chr10_122375105_122375476_rc__2_21_chr10_122375073_122375541_fw,forward,SNP,2,0.00018134010336385892,88,0.002786573780873971,L2R3TGE,LTGE,L2R3TGE / LTGE,-3.941722435064406,2_22
1886,2_22_chr10_122375105_122375476_rc__2_21_chr10_122375073_122375541_fw,forward,noSNP,5,0.0004533502584096473,86,0.0027232425585813807,L2R3TGE,LTGE,L2R3TGE / LTGE,-2.586627476241844,2_22
1887,2_22_chr10_122375105_122375476_rc__2_21_chr10_122375073_122375541_fw,reverse,SNP,7,0.0006346903617735063,36,0.0011399620012666244,L2R3TGE,LTGE,L2R3TGE / LTGE,-0.8448608958118168,2_22
1888,2_22_chr10_122375105_122375476_rc__2_21_chr10_122375073_122375541_fw,reverse,noSNP,9,0.0008160304651373652,53,0.0016782773907536416,L2R3TGE,LTGE,L2R3TGE / LTGE,-1.0402862695479953,2_22
1889,2_23_chr12_53046798_53047380_fw__2_24_chr12_53046888_53047426_rc,forward,SNP,9,0.0008160304651373652,52,0.0016466117796073464,L2R3TGE,LTGE,L2R3TGE / LTGE,-1.0128055331258883,2_23
1890,2_23_chr12_53046798_53047380_fw__2_24_chr12_53046888_53047426_rc,forward,noSNP,4,0.00036268020672771783,60,0.0018999366687777073,L2R3TGE,LTGE,L2R3TGE / LTGE,-2.3891814120356267,2_23
1891,2_23_chr12_53046798_53047380_fw__2_24_chr12_53046888_53047426_rc,reverse,SNP,8,0.0007253604134554357,52,0.0016466117796073464,L2R3TGE,LTGE,L2R3TGE / LTGE,-1.1827305345682007,2_23
1892,2_23_chr12_53046798_53047380_fw__2_24_chr12_53046888_53047426_rc,reverse,noSNP,4,0.00036268020672771783,71,0.0022482583913869536,L2R3TGE,LTGE,L2R3TGE / LTGE,-2.6320379359317907,2_23
1893,2_32_chr22_44023936_44024267_rc__2_31_chr22_44023811_44024452_fw,forward,SNP,19,0.0017227309819566597,110,0.0034832172260924636,L2R3TGE,LTGE,L2R3TGE / LTGE,-1.0157230165081828,2_32
1894,2_32_chr22_44023936_44024267_rc__2_31_chr22_44023811_44024452_fw,forward,noSNP,16,0.0014507208269108713,54,0.0017099430018999366,L2R3TGE,LTGE,L2R3TGE / LTGE,-0.2371783185905771,2_32
1895,2_32_chr22_44023936_44024267_rc__2_31_chr22_44023811_44024452_fw,reverse,SNP,39,0.003536132015595249,54,0.0017099430018999366,L2R3TGE,LTGE,L2R3TGE / LTGE,1.0482239002716713,2_32
1896,2_32_chr22_44023936_44024267_rc__2_31_chr22_44023811_44024452_fw,reverse,noSNP,30,0.0027201015504578836,66,0.002089930335655478,L2R3TGE,LTGE,L2R3TGE / LTGE,0.3802056598229566,2_32
1897,2_33_chr5_132369336_132370461_fw__2_34_chr5_132369418_132370280_rc,forward,SNP,16,0.0014507208269108713,31,0.0009816339455351489,L2R3TGE,LTGE,L2R3TGE / LTGE,0.5635128731860162,2_33
1898,2_33_chr5_132369336_132370461_fw__2_34_chr5_132369418_132370280_rc,forward,noSNP,23,0.0020854111886843777,36,0.0011399620012666244,L2R3TGE,LTGE,L2R3TGE / LTGE,0.8713461381875922,2_33
1899,2_33_chr5_132369336_132370461_fw__2_34_chr5_132369418_132370280_rc,reverse,noSNP,6,0.0005440203100915768,34,0.0010766307789740342,L2R3TGE,LTGE,L2R3TGE / LTGE,-0.9847911569562918,2_33
1900,2_39_chr14_100375283_100375730_rc__2_35_chr14_100375283_100375730_rc,forward,SNP,107,0.009701695529966452,330,0.01044965167827739,L2R3TGE,LTGE,L2R3TGE / LTGE,-0.10714604427177729,2_39
1901,2_39_chr14_100375283_100375730_rc__2_35_chr14_100375283_100375730_rc,forward,noSNP,117,0.010608396046785746,369,0.0116846105129829,L2R3TGE,LTGE,L2R3TGE / LTGE,-0.13940310290410016,2_39
1902,2_39_chr14_100375283_100375730_rc__2_35_chr14_100375283_100375730_rc,reverse,SNP,36,0.0032641218605494607,214,0.006776440785307156,L2R3TGE,LTGE,L2R3TGE / LTGE,-1.053832801385943,2_39
1903,2_3_chr10_71888998_71889183_rc,forward,SNP,7,0.0006346903617735063,32,0.001013299556681444,L2R3TGE,LTGE,L2R3TGE / LTGE,-0.6749358943695044,2_3
1904,2_3_chr10_71888998_71889183_rc,forward,noSNP,7,0.0006346903617735063,18,0.0005699810006333122,L2R3TGE,LTGE,L2R3TGE / LTGE,0.15513910418818325,2_3
1905,2_40_chr2_27890876_27891263_rc__2_36_chr2_27890876_27891263_rc,forward,SNP,25,0.0022667512920482363,52,0.0016466117796073464,L2R3TGE,LTGE,L2R3TGE / LTGE,0.4611256552065238,2_40
1906,2_40_chr2_27890876_27891263_rc__2_36_chr2_27890876_27891263_rc,forward,noSNP,4,0.00036268020672771783,41,0.0012982900569981002,L2R3TGE,LTGE,L2R3TGE / LTGE,-1.8398428210451923,2_40
1907,2_40_chr2_27890876_27891263_rc__2_36_chr2_27890876_27891263_rc,reverse,SNP,29,0.0026294314987759543,59,0.0018682710576314124,L2R3TGE,LTGE,L2R3TGE / LTGE,0.4930471293386224,2_40
1908,2_40_chr2_27890876_27891263_rc__2_36_chr2_27890876_27891263_rc,reverse,noSNP,13,0.001178710671865083,40,0.001266624445851805,L2R3TGE,LTGE,L2R3TGE / LTGE,-0.10377919317337872,2_40
1909,2_41_chr2_29114692_29115684_fw__2_37_chr2_29114692_29115684_fw,forward,SNP,13,0.001178710671865083,122,0.003863204559848005,L2R3TGE,LTGE,L2R3TGE / LTGE,-1.7125884358489025,2_41
1910,2_41_chr2_29114692_29115684_fw__2_37_chr2_29114692_29115684_fw,forward,noSNP,3,0.0002720101550457884,43,0.0013616212792906903,L2R3TGE,LTGE,L2R3TGE / LTGE,-2.3235930704080503,2_41
1911,2_41_chr2_29114692_29115684_fw__2_37_chr2_29114692_29115684_fw,reverse,SNP,19,0.0017227309819566597,104,0.003293223559214693,L2R3TGE,LTGE,L2R3TGE / LTGE,-0.9348030211246151,2_41
1912,2_41_chr2_29114692_29115684_fw__2_37_chr2_29114692_29115684_fw,reverse,noSNP,10,0.0009067005168192946,38,0.0012032932235592148,L2R3TGE,LTGE,L2R3TGE / LTGE,-0.4082902349833317,2_41
1913,2_42_chr7_158818580_158818984_rc__2_38_chr7_158818580_158818984_rc,forward,SNP,49,0.004442832532414544,258,0.008169727675744141,L2R3TGE,LTGE,L2R3TGE / LTGE,-0.8788082277351542,2_42
1914,2_42_chr7_158818580_158818984_rc__2_38_chr7_158818580_158818984_rc,forward,noSNP,60,0.005440203100915767,263,0.008328055731475617,L2R3TGE,LTGE,L2R3TGE / LTGE,-0.6143192101108924,2_42
1915,2_42_chr7_158818580_158818984_rc__2_38_chr7_158818580_158818984_rc,reverse,SNP,17,0.0015413908785928008,222,0.0070297656744775176,L2R3TGE,LTGE,L2R3TGE / LTGE,-2.189243841526875,2_42
1916,2_42_chr7_158818580_158818984_rc__2_38_chr7_158818580_158818984_rc,reverse,noSNP,9,0.0008160304651373652,281,0.00889803673210893,L2R3TGE,LTGE,L2R3TGE / LTGE,-3.4467921352057225,2_42
1917,2_5_chr12_2959230_2960351_fw,forward,SNP,6,0.0005440203100915768,48,0.0015199493350221659,L2R3TGE,LTGE,L2R3TGE / LTGE,-1.4822908164271085,2_5
1918,2_5_chr12_2959230_2960351_fw,forward,noSNP,1,9.067005168192946e-05,47,0.0014882837238758709,L2R3TGE,LTGE,L2R3TGE / LTGE,-4.036879668104746,2_5
1919,2_5_chr12_2959230_2960351_fw,reverse,SNP,10,0.0009067005168192946,29,0.0009183027232425586,L2R3TGE,LTGE,L2R3TGE / LTGE,-0.018343716667318377,2_5
1920,2_5_chr12_2959230_2960351_fw,reverse,noSNP,1,9.067005168192946e-05,37,0.0011716276124129196,L2R3TGE,LTGE,L2R3TGE / LTGE,-3.691744182056058,2_5
1921,2_6_chr12_57611320_57611561_fw,forward,noSNP,3,0.0002720101550457884,28,0.0008866371120962635,L2R3TGE,LTGE,L2R3TGE / LTGE,-1.7046832377635566,2_6
1922,2_6_chr12_57611320_57611561_fw,reverse,noSNP,14,0.0012693807235470125,15,0.00047498416719442683,L2R3TGE,LTGE,L2R3TGE / LTGE,1.4181735100219772,2_6
1923,2_7_chr14_75069209_75069609_rc,forward,noSNP,129,0.0116964366669689,32,0.001013299556681444,L2R3TGE,LTGE,L2R3TGE / LTGE,3.5289364389961455,2_7
1924,2_7_chr14_75069209_75069609_rc,reverse,noSNP,64,0.005802883307643485,34,0.0010766307789740342,L2R3TGE,LTGE,L2R3TGE / LTGE,2.430246342322552,2_7
1925,3,reverse,SNP,6,0.0005440203100915768,75,0.0023749208359721344,L2R3TGE,LTGE,L2R3TGE / LTGE,-2.1261470062018333,3
1926,4,reverse,any_SNP,164,0.01486988847583643,871,0.027580747308423054,L2R3TGE,LTGE,L2R3TGE / LTGE,-0.8912677204078896,4
1927,8,any_orientation,any_SNP,28,0.002538761447094025,392,0.012412919569347688,L2R3TGE,LTGE,L2R3TGE / LTGE,-2.2896457384847126,8
1928,9,any_orientation,any_SNP,11,0.000997370568501224,1928,0.061051298290056996,L2R3TGE,LTGE,L2R3TGE / LTGE,-5.9357485340197735,9
1929,CMV,any_orientation,any_SNP,90,0.008160304651373651,90,0.002849905003166561,L2R3TGE,LTGE,L2R3TGE / LTGE,1.5177091835728915,CMV
1930,SV40,any_orientation,any_SNP,8,0.0007253604134554357,26,0.0008233058898036732,L2R3TGE,LTGE,L2R3TGE / LTGE,-0.18273053456820063,SV40
1931,1_11_chr11_65418158_65418613_bi,forward,noSNP,7,0.0005990073592332706,10,0.00027867573291717756,L2RTGE,L2TGE,L2RTGE / L2TGE,1.1039863496348459,1_11
1932,1_11_chr11_65418158_65418613_bi,reverse,noSNP,10,0.0008557247989046722,11,0.0003065433062088953,L2RTGE,L2TGE,L2RTGE / L2TGE,1.4810559987146692,1_11
1933,1_14_chr14_60655620_60656040_bi,reverse,noSNP,4,0.0003422899195618689,7,0.0001950730130420243,L2RTGE,L2TGE,L2RTGE / L2TGE,0.8112046004069999,1_14
1934,1_15_chr15_40098659_40099167_bi,forward,noSNP,6,0.0005134348793428033,11,0.0003065433062088953,L2RTGE,L2TGE,L2RTGE / L2TGE,0.744090404548463,1_15
1935,1_15_chr15_40098659_40099167_bi,reverse,noSNP,3,0.00025671743967140166,19,0.0005294838925426374,L2RTGE,L2TGE,L2RTGE / L2TGE,-1.0444054902578253,1_15
1936,1_16_chr16_30805349_30805831_bi,forward,noSNP,335,0.02866678076330652,472,0.013153494593690782,L2RTGE,L2TGE,L2RTGE / L2TGE,1.1239337584478977,1_16
1937,1_16_chr16_30805349_30805831_bi,reverse,noSNP,215,0.018398083176450454,452,0.012596143127856426,L2RTGE,L2TGE,L2RTGE / L2TGE,0.5465734096388767,1_16
1938,1_17_chr16_73068918_73069480_bi,forward,noSNP,78,0.0066746534314564435,93,0.0025916843161297516,L2RTGE,L2TGE,L2RTGE / L2TGE,1.364802930218821,1_17
1939,1_17_chr16_73068918_73069480_bi,reverse,noSNP,24,0.0020537395173712133,59,0.0016441868242113478,L2RTGE,L2TGE,L2RTGE / L2TGE,0.32087897382391894,1_17
1940,1_18_chr16_74297506_74297928_bi,forward,noSNP,167,0.014290604141708027,262,0.0073013042024300525,L2RTGE,L2TGE,L2RTGE / L2TGE,0.9688408134012061,1_18
1941,1_18_chr16_74297506_74297928_bi,reverse,noSNP,118,0.010097552627075132,254,0.00707836361609631,L2RTGE,L2TGE,L2RTGE / L2TGE,0.5125178850542794,1_18
1942,1_19_chr16_807619_808176_bi,forward,SNP,13,0.001112442238576074,20,0.0005573514658343551,L2RTGE,L2TGE,L2RTGE / L2TGE,0.997071145718334,1_19
1943,1_19_chr16_807619_808176_bi,forward,noSNP,10,0.0008557247989046722,8,0.00022294058633374206,L2RTGE,L2TGE,L2RTGE / L2TGE,1.9404876173519663,1_19
1944,1_19_chr16_807619_808176_bi,reverse,SNP,18,0.00154030463802841,17,0.00047374874595920187,L2RTGE,L2TGE,L2RTGE / L2TGE,1.701021682656577,1_19
1945,1_19_chr16_807619_808176_bi,reverse,noSNP,42,0.0035940441553996235,29,0.0008081596254598149,L2RTGE,L2TGE,L2RTGE / L2TGE,2.1528959501157923,1_19
1946,1_1_chr1_156748909_156749379_bi,forward,noSNP,2,0.00017114495978093444,91,0.002535949169546316,L2RTGE,L2TGE,L2RTGE / L2TGE,-3.889235117734092,1_1
1947,1_20_chr16_87853532_87854041_bi,forward,SNP,5,0.0004278623994523361,19,0.0005294838925426374,L2RTGE,L2TGE,L2RTGE / L2TGE,-0.3074398960916191,1_20
1948,1_20_chr16_87853532_87854041_bi,forward,noSNP,7,0.0005990073592332706,6,0.00016720543975030653,L2RTGE,L2TGE,L2RTGE / L2TGE,1.8409519438010522,1_20
1949,1_20_chr16_87853532_87854041_bi,reverse,SNP,31,0.002652746876604484,30,0.0008360271987515327,L2RTGE,L2TGE,L2RTGE / L2TGE,1.6658652372429608,1_20
1950,1_20_chr16_87853532_87854041_bi,reverse,noSNP,54,0.00462091391408523,22,0.0006130866124177906,L2RTGE,L2TGE,L2RTGE / L2TGE,2.9140154059907752,1_20
1951,1_23_chr2_70142583_70143144_bi,forward,SNP,84,0.007188088310799247,50,0.0013933786645858879,L2RTGE,L2TGE,L2RTGE / L2TGE,2.3670207554686398,1_23
1952,1_23_chr2_70142583_70143144_bi,forward,noSNP,3,0.00025671743967140166,829,0.02310221825883402,L2RTGE,L2TGE,L2RTGE / L2TGE,-6.49170626830999,1_23
1953,1_23_chr2_70142583_70143144_bi,reverse,SNP,5,0.0004278623994523361,13,0.00036227845279233087,L2RTGE,L2TGE,L2RTGE / L2TGE,0.24004789921087402,1_23
1954,1_23_chr2_70142583_70143144_bi,reverse,noSNP,100,0.008557247989046722,628,0.017500836027198752,L2RTGE,L2TGE,L2RTGE / L2TGE,-1.0322050366522983,1_23
1955,1_24_chr21_29002584_29003015_bi,forward,noSNP,95,0.008129385589594387,89,0.0024802140229628804,L2RTGE,L2TGE,L2RTGE / L2TGE,1.7126816998291543,1_24
1956,1_24_chr21_29002584_29003015_bi,reverse,noSNP,43,0.0036796166352900906,108,0.0030096979155055177,L2RTGE,L2TGE,L2RTGE / L2TGE,0.28993677500323345,1_24
1957,1_25_chr22_36465359_36465803_bi,forward,noSNP,36,0.00308060927605682,31,0.0008638947720432504,L2RTGE,L2TGE,L2RTGE / L2TGE,1.8342882135200413,1_25
1958,1_25_chr22_36465359_36465803_bi,reverse,noSNP,22,0.0018825945575902789,29,0.0008081596254598149,L2RTGE,L2TGE,L2RTGE / L2TGE,1.2200101459743293,1_25
1959,1_26_chr22_40651538_40652054_bi,forward,noSNP,57,0.004877631353756632,595,0.016581206108572066,L2RTGE,L2TGE,L2RTGE / L2TGE,-1.7652963215659598,1_26
1960,1_26_chr22_40651538_40652054_bi,reverse,noSNP,176,0.015060756460722231,736,0.02051053394270427,L2RTGE,L2TGE,L2RTGE / L2TGE,-0.44557081495511164,1_26
1961,1_28_chr7_1532728_1533226_bi,forward,noSNP,17,0.0014547321581379429,25,0.0006966893322929439,L2RTGE,L2TGE,L2RTGE / L2TGE,1.0621661739402188,1_28
1962,1_28_chr7_1532728_1533226_bi,reverse,noSNP,12,0.0010268697586856067,13,0.00036227845279233087,L2RTGE,L2TGE,L2RTGE / L2TGE,1.503082305044668,1_28
1963,1_29_chr7_25856979_25857429_bi,forward,SNP,25,0.0021393119972616804,39,0.0010868353583769925,L2RTGE,L2TGE,L2RTGE / L2TGE,0.9770134933770803,1_29
1964,1_29_chr7_25856979_25857429_bi,reverse,SNP,39,0.0033373267157282217,62,0.0017277895440865009,L2RTGE,L2TGE,L2RTGE / L2TGE,0.9497654309399772,1_29
1965,1_30_chr9_126805681_126806202_bi,forward,noSNP,34,0.0029094643162758858,191,0.005322706498718092,L2RTGE,L2TGE,L2RTGE / L2TGE,-0.8714064643208052,1_30
1966,1_30_chr9_126805681_126806202_bi,reverse,noSNP,72,0.00616121855211364,204,0.005684984951510422,L2RTGE,L2TGE,L2RTGE / L2TGE,0.11605918193542086,1_30
1967,1_5_chr1_33127099_33127603_bi,forward,noSNP,86,0.007359233270580181,395,0.011007691450228514,L2RTGE,L2TGE,L2RTGE / L2TGE,-0.5808845658977634,1_5
1968,1_5_chr1_33127099_33127603_bi,reverse,noSNP,227,0.01942495293513606,378,0.010533942704269312,L2RTGE,L2TGE,L2RTGE / L2TGE,0.8828655855344465,1_5
1969,1_7_chr10_110211049_110211924_bi,forward,noSNP,45,0.0038507615950710253,206,0.005740720098093858,L2RTGE,L2TGE,L2RTGE / L2TGE,-0.5760879083889395,1_7
1970,1_7_chr10_110211049_110211924_bi,reverse,noSNP,59,0.005048776313537566,29,0.0008081596254598149,L2RTGE,L2TGE,L2RTGE / L2TGE,2.643221576698873,1_7
1971,1_8_chr10_4663047_4663594_bi,forward,noSNP,674,0.05767585144617491,81,0.0022572734366291384,L2RTGE,L2TGE,L2RTGE / L2TGE,4.675314300761838,1_8
1972,1_8_chr10_4663047_4663594_bi,reverse,noSNP,1595,0.13648810542529521,48,0.0013376435180024523,L2RTGE,L2TGE,L2RTGE / L2TGE,6.67293773039568,1_8
1973,1_9_chr10_71860316_71860874_bi,forward,noSNP,26,0.002224884477152148,54,0.0015048489577527589,L2RTGE,L2TGE,L2RTGE / L2TGE,0.5641117384422278,1_9
1974,1_9_chr10_71860316_71860874_bi,reverse,noSNP,69,0.005904501112442238,48,0.0013376435180024523,L2RTGE,L2TGE,L2RTGE / L2TGE,2.142121478521617,1_9
1975,22,any_orientation,any_SNP,231,0.019767242854697928,5351,0.14911938468398173,L2RTGE,L2TGE,L2RTGE / L2TGE,-2.9152842497207008,22
1976,2_10_chr16_3305171_3305501_rc,forward,SNP,279,0.023874721889440356,320,0.008917623453349682,L2RTGE,L2TGE,L2RTGE / L2TGE,1.4207527394064294,2_10
1977,2_10_chr16_3305171_3305501_rc,forward,noSNP,344,0.029436933082320725,372,0.010366737264519007,L2RTGE,L2TGE,L2RTGE / L2TGE,1.5056654660586706,2_10
1978,2_10_chr16_3305171_3305501_rc,reverse,SNP,1,8.557247989046722e-05,219,0.006102998550886189,L2RTGE,L2TGE,L2RTGE / L2TGE,-6.156227537136569,2_10
1979,2_10_chr16_3305171_3305501_rc,reverse,noSNP,130,0.01112442238576074,265,0.007384906922305205,L2RTGE,L2TGE,L2RTGE / L2TGE,0.5910787860424971,2_10
1980,2_12_chr17_58692543_58692822_fw,forward,noSNP,31,0.002652746876604484,148,0.004124400847174228,L2RTGE,L2TGE,L2RTGE / L2TGE,-0.6366975327774704,2_12
1981,2_12_chr17_58692543_58692822_fw,reverse,noSNP,29,0.0024816019168235498,121,0.0033719763682978484,L2RTGE,L2TGE,L2RTGE / L2TGE,-0.442322719682418,2_12
1982,2_13_chr19_41397182_41397493_rc,forward,SNP,18,0.00154030463802841,327,0.009112696466391706,L2RTGE,L2TGE,L2RTGE / L2TGE,-2.564662301591166,2_13
1983,2_13_chr19_41397182_41397493_rc,reverse,SNP,1,8.557247989046722e-05,332,0.009252034332850295,L2RTGE,L2TGE,L2RTGE / L2TGE,-6.756479908882321,2_13
1984,2_15_chr3_122793601_122793905_rc,forward,SNP,35,0.002995036796166353,149,0.004152268420465946,L2RTGE,L2TGE,L2RTGE / L2TGE,-0.47132598105259105,2_15
1985,2_15_chr3_122793601_122793905_rc,forward,noSNP,30,0.002567174396714017,170,0.004737487459592018,L2RTGE,L2TGE,L2RTGE / L2TGE,-0.8839408180645788,2_15
1986,2_15_chr3_122793601_122793905_rc,reverse,SNP,39,0.0033373267157282217,89,0.0024802140229628804,L2RTGE,L2TGE,L2RTGE / L2TGE,0.42822831036045456,2_15
1987,2_15_chr3_122793601_122793905_rc,reverse,noSNP,24,0.0020537395173712133,66,0.0018392598372533719,L2RTGE,L2TGE,L2RTGE / L2TGE,0.15912790382730685,2_15
1988,2_16_chr6_108562603_108562763_rc,forward,SNP,130,0.01112442238576074,254,0.00707836361609631,L2RTGE,L2TGE,L2RTGE / L2TGE,0.6522426487208929,2_16
1989,2_16_chr6_108562603_108562763_rc,forward,noSNP,119,0.010183125106965599,208,0.005796455244677294,L2RTGE,L2TGE,L2RTGE / L2TGE,0.8129375676314552,2_16
1990,2_16_chr6_108562603_108562763_rc,reverse,SNP,109,0.009327400308060927,205,0.00571285252480214,L2RTGE,L2TGE,L2RTGE / L2TGE,0.7072637477360844,2_16
1991,2_16_chr6_108562603_108562763_rc,reverse,noSNP,86,0.007359233270580181,185,0.005155501058967785,L2RTGE,L2TGE,L2RTGE / L2TGE,0.5134428166503898,2_16
1992,2_17_chr7_149685_149919_fw,forward,SNP,6,0.0005134348793428033,104,0.002898227622338647,L2RTGE,L2TGE,L2RTGE / L2TGE,-2.496917694955332,2_17
1993,2_17_chr7_149685_149919_fw,forward,noSNP,6,0.0005134348793428033,104,0.002898227622338647,L2RTGE,L2TGE,L2RTGE / L2TGE,-2.496917694955332,2_17
1994,2_17_chr7_149685_149919_fw,reverse,SNP,12,0.0010268697586856067,102,0.002842492475755211,L2RTGE,L2TGE,L2RTGE / L2TGE,-1.4689033187857352,2_17
1995,2_17_chr7_149685_149919_fw,reverse,noSNP,16,0.0013691596782474755,85,0.002368743729796009,L2RTGE,L2TGE,L2RTGE / L2TGE,-0.7908314136730976,2_17
1996,2_19_chr7_27168362_27168894_fw,forward,SNP,110,0.009412972787951395,245,0.006827555456470851,L2RTGE,L2TGE,L2RTGE / L2TGE,0.4632812969866933,2_19
1997,2_19_chr7_27168362_27168894_fw,forward,noSNP,74,0.006332363511894575,204,0.005684984951510422,L2RTGE,L2TGE,L2RTGE / L2TGE,0.15558754612205838,2_19
1998,2_19_chr7_27168362_27168894_fw,reverse,SNP,177,0.0151463289406127,316,0.008806153160182812,L2RTGE,L2TGE,L2RTGE / L2TGE,0.7823843243704987,2_19
1999,2_19_chr7_27168362_27168894_fw,reverse,noSNP,137,0.01172342974499401,233,0.006493144576970237,L2RTGE,L2TGE,L2RTGE / L2TGE,0.8524054607708507,2_19
2000,2_1_chr10_24208466_24209279_fw,forward,SNP,12,0.0010268697586856067,142,0.003957195407423921,L2RTGE,L2TGE,L2RTGE / L2TGE,-1.9462250963189216,2_1
2001,2_1_chr10_24208466_24209279_fw,forward,noSNP,14,0.001198014718466541,81,0.0022572734366291384,L2RTGE,L2TGE,L2RTGE / L2TGE,-0.9139355583624165,2_1
2002,2_1_chr10_24208466_24209279_fw,reverse,SNP,1,8.557247989046722e-05,202,0.005629249804926987,L2RTGE,L2TGE,L2RTGE / L2TGE,-6.03965196028719,2_1
2003,2_20_chr7_7566677_7567687_fw,forward,SNP,4,0.0003422899195618689,39,0.0010868353583769925,L2RTGE,L2TGE,L2RTGE / L2TGE,-1.6668426963976442,2_20
2004,2_20_chr7_7566677_7567687_fw,forward,noSNP,4,0.0003422899195618689,103,0.002870360049046929,L2RTGE,L2TGE,L2RTGE / L2TGE,-3.067941004718614,2_20
2005,2_20_chr7_7566677_7567687_fw,reverse,noSNP,30,0.002567174396714017,187,0.00521123620555122,L2RTGE,L2TGE,L2RTGE / L2TGE,-1.021444341814514,2_20
2006,2_22_chr10_122375105_122375476_rc__2_21_chr10_122375073_122375541_fw,forward,SNP,6,0.0005134348793428033,80,0.0022294058633374205,L2RTGE,L2TGE,L2RTGE / L2TGE,-2.1184060717016022,2_22
2007,2_22_chr10_122375105_122375476_rc__2_21_chr10_122375073_122375541_fw,forward,noSNP,6,0.0005134348793428033,94,0.002619551889421469,L2RTGE,L2TGE,L2RTGE / L2TGE,-2.351066828491877,2_22
2008,2_22_chr10_122375105_122375476_rc__2_21_chr10_122375073_122375541_fw,reverse,SNP,12,0.0010268697586856067,44,0.0012261732248355812,L2RTGE,L2TGE,L2RTGE / L2TGE,-0.25590959545153696,2_22
2009,2_22_chr10_122375105_122375476_rc__2_21_chr10_122375073_122375541_fw,reverse,noSNP,10,0.0008557247989046722,74,0.002062200423587114,L2RTGE,L2TGE,L2RTGE / L2TGE,-1.2689657482769834,2_22
2010,2_23_chr12_53046798_53047380_fw__2_24_chr12_53046888_53047426_rc,forward,SNP,1,8.557247989046722e-05,61,0.0016999219707947832,L2RTGE,L2TGE,L2RTGE / L2TGE,-4.312177815098282,2_23
2011,2_23_chr12_53046798_53047380_fw__2_24_chr12_53046888_53047426_rc,forward,noSNP,8,0.0006845798391237378,71,0.0019785977037119606,L2RTGE,L2TGE,L2RTGE / L2TGE,-1.531187597040078,2_23
2012,2_23_chr12_53046798_53047380_fw__2_24_chr12_53046888_53047426_rc,reverse,SNP,12,0.0010268697586856067,63,0.0017556571173782188,L2RTGE,L2TGE,L2RTGE / L2TGE,-0.7737579003141561,2_23
2013,2_23_chr12_53046798_53047380_fw__2_24_chr12_53046888_53047426_rc,reverse,noSNP,12,0.0010268697586856067,86,0.002396611303087727,L2RTGE,L2TGE,L2RTGE / L2TGE,-1.2227427315163377,2_23
2014,2_32_chr22_44023936_44024267_rc__2_31_chr22_44023811_44024452_fw,forward,SNP,33,0.0028238918363854186,96,0.0026752870360049045,L2RTGE,L2TGE,L2RTGE / L2TGE,0.07799114110190171,2_32
2015,2_32_chr22_44023936_44024267_rc__2_31_chr22_44023811_44024452_fw,forward,noSNP,21,0.0017970220776998118,67,0.0018671274105450898,L2RTGE,L2TGE,L2RTGE / L2TGE,-0.05521224521440801,2_32
2016,2_32_chr22_44023936_44024267_rc__2_31_chr22_44023811_44024452_fw,reverse,SNP,35,0.002995036796166353,75,0.002090067996878832,L2RTGE,L2TGE,L2RTGE / L2TGE,0.5190238489136897,2_32
2017,2_32_chr22_44023936_44024267_rc__2_31_chr22_44023811_44024452_fw,reverse,noSNP,1,8.557247989046722e-05,80,0.0022294058633374205,L2RTGE,L2TGE,L2RTGE / L2TGE,-4.703368572422758,2_32
2018,2_33_chr5_132369336_132370461_fw__2_34_chr5_132369418_132370280_rc,forward,SNP,7,0.0005990073592332706,29,0.0008081596254598149,L2RTGE,L2TGE,L2RTGE / L2TGE,-0.43206655060536403,2_33
2019,2_33_chr5_132369336_132370461_fw__2_34_chr5_132369418_132370280_rc,forward,noSNP,22,0.0018825945575902789,54,0.0015048489577527589,L2RTGE,L2TGE,L2RTGE / L2TGE,0.3231036389384329,2_33
2020,2_33_chr5_132369336_132370461_fw__2_34_chr5_132369418_132370280_rc,reverse,SNP,1,8.557247989046722e-05,34,0.0009474974919184037,L2RTGE,L2TGE,L2RTGE / L2TGE,-3.468903318785735,2_33
2021,2_33_chr5_132369336_132370461_fw__2_34_chr5_132369418_132370280_rc,reverse,noSNP,5,0.0004278623994523361,43,0.0011983056515438636,L2RTGE,L2TGE,L2RTGE / L2TGE,-1.4857771373501316,2_33
2022,2_39_chr14_100375283_100375730_rc__2_35_chr14_100375283_100375730_rc,forward,SNP,93,0.007958240629813451,410,0.01142570504960428,L2RTGE,L2TGE,L2RTGE / L2TGE,-0.5217617659328107,2_39
2023,2_39_chr14_100375283_100375730_rc__2_35_chr14_100375283_100375730_rc,forward,noSNP,122,0.010439842546637,407,0.011342102329729127,L2RTGE,L2TGE,L2RTGE / L2TGE,-0.1195881242387567,2_39
2024,2_3_chr10_71888998_71889183_rc,forward,SNP,4,0.0003422899195618689,38,0.0010589677850852749,L2RTGE,L2TGE,L2RTGE / L2TGE,-1.6293679909789816,2_3
2025,2_3_chr10_71888998_71889183_rc,forward,noSNP,5,0.0004278623994523361,19,0.0005294838925426374,L2RTGE,L2TGE,L2RTGE / L2TGE,-0.3074398960916191,2_3
2026,2_40_chr2_27890876_27891263_rc__2_36_chr2_27890876_27891263_rc,forward,SNP,28,0.002396029436933082,62,0.0017277895440865009,L2RTGE,L2TGE,L2RTGE / L2TGE,0.4717181341353329,2_40
2027,2_40_chr2_27890876_27891263_rc__2_36_chr2_27890876_27891263_rc,forward,noSNP,17,0.0014547321581379429,54,0.0015048489577527589,L2RTGE,L2TGE,L2RTGE / L2TGE,-0.048865138448525,2_40
2028,2_40_chr2_27890876_27891263_rc__2_36_chr2_27890876_27891263_rc,reverse,SNP,23,0.001968167037480746,68,0.0018949949838368075,L2RTGE,L2TGE,L2RTGE / L2TGE,0.054658637271277524,2_40
2029,2_40_chr2_27890876_27891263_rc__2_36_chr2_27890876_27891263_rc,reverse,noSNP,11,0.0009412972787951394,53,0.0014769813844610412,L2RTGE,L2TGE,L2RTGE / L2TGE,-0.649929313461298,2_40
2030,2_41_chr2_29114692_29115684_fw__2_37_chr2_29114692_29115684_fw,forward,SNP,18,0.00154030463802841,144,0.004012930554007357,L2RTGE,L2TGE,L2RTGE / L2TGE,-1.381440477535396,2_41
2031,2_41_chr2_29114692_29115684_fw__2_37_chr2_29114692_29115684_fw,forward,noSNP,5,0.0004278623994523361,46,0.0012819083714190169,L2RTGE,L2TGE,L2RTGE / L2TGE,-1.5830743387050463,2_41
2032,2_41_chr2_29114692_29115684_fw__2_37_chr2_29114692_29115684_fw,reverse,SNP,23,0.001968167037480746,115,0.0032047709285475423,L2RTGE,L2TGE,L2RTGE / L2TGE,-0.7033685724227582,2_41
2033,2_41_chr2_29114692_29115684_fw__2_37_chr2_29114692_29115684_fw,reverse,noSNP,11,0.0009412972787951394,53,0.0014769813844610412,L2RTGE,L2TGE,L2RTGE / L2TGE,-0.649929313461298,2_41
2034,2_42_chr7_158818580_158818984_rc__2_38_chr7_158818580_158818984_rc,forward,SNP,34,0.0029094643162758858,263,0.0073291717757217704,L2RTGE,L2TGE,L2RTGE / L2TGE,-1.3328966255773589,2_42
2035,2_42_chr7_158818580_158818984_rc__2_38_chr7_158818580_158818984_rc,forward,noSNP,67,0.005733356152661304,359,0.010004458811726675,L2RTGE,L2TGE,L2RTGE / L2TGE,-0.8031913209006747,2_42
2036,2_42_chr7_158818580_158818984_rc__2_38_chr7_158818580_158818984_rc,reverse,SNP,25,0.0021393119972616804,313,0.008722550440307657,L2RTGE,L2TGE,L2RTGE / L2TGE,-2.0276031346932895,2_42
2037,2_42_chr7_158818580_158818984_rc__2_38_chr7_158818580_158818984_rc,reverse,noSNP,8,0.0006845798391237378,330,0.00919629918626686,L2RTGE,L2TGE,L2RTGE / L2TGE,-3.7477626917812117,2_42
2038,2_5_chr12_2959230_2960351_fw,forward,SNP,3,0.00025671743967140166,46,0.0012819083714190169,L2RTGE,L2TGE,L2RTGE / L2TGE,-2.3200399328712527,2_5
2039,2_5_chr12_2959230_2960351_fw,forward,noSNP,4,0.0003422899195618689,51,0.0014212462378776056,L2RTGE,L2TGE,L2RTGE / L2TGE,-2.0538658195068917,2_5
2040,2_5_chr12_2959230_2960351_fw,reverse,SNP,2,0.00017114495978093444,38,0.0010589677850852749,L2RTGE,L2TGE,L2RTGE / L2TGE,-2.6293679909789818,2_5
2041,2_5_chr12_2959230_2960351_fw,reverse,noSNP,4,0.0003422899195618689,48,0.0013376435180024523,L2RTGE,L2TGE,L2RTGE / L2TGE,-1.966402978256552,2_5
2042,2_6_chr12_57611320_57611561_fw,forward,SNP,3,0.00025671743967140166,52,0.0014491138111693235,L2RTGE,L2TGE,L2RTGE / L2TGE,-2.496917694955332,2_6
2043,2_6_chr12_57611320_57611561_fw,forward,noSNP,4,0.0003422899195618689,35,0.0009753650652101215,L2RTGE,L2TGE,L2RTGE / L2TGE,-1.5107234944803625,2_6
2044,2_6_chr12_57611320_57611561_fw,reverse,SNP,7,0.0005990073592332706,25,0.0006966893322929439,L2RTGE,L2TGE,L2RTGE / L2TGE,-0.21794174525251656,2_6
2045,2_6_chr12_57611320_57611561_fw,reverse,noSNP,11,0.0009412972787951394,29,0.0008081596254598149,L2RTGE,L2TGE,L2RTGE / L2TGE,0.22001014597432933,2_6
2046,2_7_chr14_75069209_75069609_rc,forward,SNP,142,0.012151292144446347,382,0.010645412997436184,L2RTGE,L2TGE,L2RTGE / L2TGE,0.19087781393353745,2_7
2047,2_7_chr14_75069209_75069609_rc,forward,noSNP,11,0.0009412972787951394,42,0.0011704380782521459,L2RTGE,L2TGE,L2RTGE / L2TGE,-0.314326281676859,2_7
2048,2_7_chr14_75069209_75069609_rc,reverse,SNP,52,0.004449768954304296,317,0.008834020733474529,L2RTGE,L2TGE,L2RTGE / L2TGE,-0.9893397895337108,2_7
2049,2_7_chr14_75069209_75069609_rc,reverse,noSNP,7,0.0005990073592332706,44,0.0012261732248355812,L2RTGE,L2TGE,L2RTGE / L2TGE,-1.033517174115089,2_7
2050,3,reverse,SNP,3,0.00025671743967140166,82,0.002285141009920856,L2RTGE,L2TGE,L2RTGE / L2TGE,-3.1540299814323234,3
2051,4,forward,any_SNP,34,0.0029094643162758858,1331,0.037091740051276335,L2RTGE,L2TGE,L2RTGE / L2TGE,-3.672272492196948,4
2052,4,reverse,any_SNP,141,0.012065719664555878,881,0.024551332070003345,L2RTGE,L2TGE,L2RTGE / L2TGE,-1.0248873340570162,4
2053,8,any_orientation,any_SNP,41,0.0035084716755091564,442,0.012317467394939248,L2RTGE,L2TGE,L2RTGE / L2TGE,-1.8117910323087436,8
2054,9,any_orientation,any_SNP,21,0.0017970220776998118,2120,0.05907925537844164,L2RTGE,L2TGE,L2RTGE / L2TGE,-5.038971604207197,9
2055,CMV,any_orientation,any_SNP,128,0.010953277425979804,107,0.0029818303422138,L2RTGE,L2TGE,L2RTGE / L2TGE,1.8770925360634574,CMV
2056,SV40,any_orientation,any_SNP,16,0.0013691596782474755,30,0.0008360271987515327,L2RTGE,L2TGE,L2RTGE / L2TGE,0.7116689268560854,SV40
2057,1_11_chr11_65418158_65418613_bi,forward,noSNP,7,0.0005990073592332706,9,0.0003413487066676781,L2RTGE,L3TGE,L2RTGE / L3TGE,0.8113274419847278,1_11
2058,1_11_chr11_65418158_65418613_bi,reverse,noSNP,10,0.0008557247989046722,11,0.00041720397481605096,L2RTGE,L3TGE,L2RTGE / L3TGE,1.0363939976195014,1_11
2059,1_14_chr14_60655620_60656040_bi,reverse,noSNP,4,0.0003422899195618689,11,0.00041720397481605096,L2RTGE,L3TGE,L2RTGE / L3TGE,-0.285534097267861,1_14
2060,1_15_chr15_40098659_40099167_bi,forward,noSNP,6,0.0005134348793428033,8,0.0003034210725934916,L2RTGE,L3TGE,L2RTGE / L3TGE,0.7588600220905924,1_15
2061,1_15_chr15_40098659_40099167_bi,reverse,noSNP,3,0.00025671743967140166,19,0.0007206250474095426,L2RTGE,L3TGE,L2RTGE / L3TGE,-1.489067491352993,1_15
2062,1_16_chr16_30805349_30805831_bi,forward,noSNP,335,0.02866678076330652,376,0.014260790411894106,L2RTGE,L3TGE,L2RTGE / L3TGE,1.0073259550369338,1_16
2063,1_16_chr16_30805349_30805831_bi,reverse,noSNP,215,0.018398083176450454,312,0.011833421831146173,L2RTGE,L3TGE,L2RTGE / L3TGE,0.6366881520966483,1_16
2064,1_17_chr16_73068918_73069480_bi,forward,noSNP,78,0.0066746534314564435,84,0.003185921262231662,L2RTGE,L3TGE,L2RTGE / L3TGE,1.066982317452924,1_17
2065,1_17_chr16_73068918_73069480_bi,reverse,noSNP,24,0.0020537395173712133,44,0.0016688158992642038,L2RTGE,L3TGE,L2RTGE / L3TGE,0.29942840345329524,1_17
2066,1_18_chr16_74297506_74297928_bi,forward,noSNP,167,0.014290604141708027,176,0.006675263597056815,L2RTGE,L3TGE,L2RTGE / L3TGE,1.0981701952061915,1_18
2067,1_18_chr16_74297506_74297928_bi,reverse,noSNP,118,0.010097552627075132,192,0.007282105742243799,L2RTGE,L3TGE,L2RTGE / L3TGE,0.47157807001012125,1_18
2068,1_19_chr16_807619_808176_bi,forward,SNP,13,0.001112442238576074,20,0.000758552681483729,L2RTGE,L3TGE,L2RTGE / L3TGE,0.552409144623166,1_19
2069,1_19_chr16_807619_808176_bi,forward,noSNP,10,0.0008557247989046722,9,0.0003413487066676781,L2RTGE,L3TGE,L2RTGE / L3TGE,1.325900614814486,1_19
2070,1_19_chr16_807619_808176_bi,reverse,SNP,18,0.00154030463802841,13,0.0004930592429644239,L2RTGE,L3TGE,L2RTGE / L3TGE,1.6433828046706564,1_19
2071,1_19_chr16_807619_808176_bi,reverse,noSNP,42,0.0035940441553996235,19,0.0007206250474095426,L2RTGE,L3TGE,L2RTGE / L3TGE,2.3182874307046113,1_19
2072,1_1_chr1_156748909_156749379_bi,forward,noSNP,2,0.00017114495978093444,66,0.002503223848896306,L2RTGE,L3TGE,L2RTGE / L3TGE,-3.870496597989017,1_1
2073,1_20_chr16_87853532_87854041_bi,forward,SNP,5,0.0004278623994523361,11,0.00041720397481605096,L2RTGE,L3TGE,L2RTGE / L3TGE,0.036393997619501295,1_20
2074,1_20_chr16_87853532_87854041_bi,forward,noSNP,7,0.0005990073592332706,5,0.00018963817037093226,L2RTGE,L3TGE,L2RTGE / L3TGE,1.659324348539678,1_20
2075,1_20_chr16_87853532_87854041_bi,reverse,SNP,31,0.002652746876604484,21,0.0007964803155579155,L2RTGE,L3TGE,L2RTGE / L3TGE,1.7357764089775511,1_20
2076,1_20_chr16_87853532_87854041_bi,reverse,noSNP,54,0.00462091391408523,28,0.0010619737540772207,L2RTGE,L3TGE,L2RTGE / L3TGE,2.1214301014753008,1_20
2077,1_23_chr2_70142583_70143144_bi,forward,noSNP,3,0.00025671743967140166,667,0.025297731927482362,L2RTGE,L3TGE,L2RTGE / L3TGE,-6.622682929093992,1_23
2078,1_23_chr2_70142583_70143144_bi,reverse,noSNP,100,0.008557247989046722,528,0.020025790791170447,L2RTGE,L3TGE,L2RTGE / L3TGE,-1.2266404082142925,1_23
2079,1_24_chr21_29002584_29003015_bi,forward,noSNP,95,0.008129385589594387,98,0.0037169081392702725,L2RTGE,L3TGE,L2RTGE / L3TGE,1.129043285585176,1_24
2080,1_24_chr21_29002584_29003015_bi,reverse,noSNP,43,0.0036796166352900906,77,0.0029204278237123567,L2RTGE,L3TGE,L2RTGE / L3TGE,0.33337573537663284,1_24
2081,1_25_chr22_36465359_36465803_bi,forward,noSNP,36,0.00308060927605682,58,0.0021998027763028144,L2RTGE,L3TGE,L2RTGE / L3TGE,0.48584152768417643,1_25
2082,1_25_chr22_36465359_36465803_bi,reverse,noSNP,22,0.0018825945575902789,67,0.0025411514829704923,L2RTGE,L3TGE,L2RTGE / L3TGE,-0.43276005045103894,1_25
2083,1_26_chr22_40651538_40652054_bi,forward,noSNP,57,0.004877631353756632,453,0.017181218235606463,L2RTGE,L3TGE,L2RTGE / L3TGE,-1.816579704512057,1_26
2084,1_26_chr22_40651538_40652054_bi,reverse,noSNP,176,0.015060756460722231,530,0.020101646059318818,L2RTGE,L3TGE,L2RTGE / L3TGE,-0.416519409443828,1_26
2085,1_28_chr7_1532728_1533226_bi,forward,noSNP,17,0.0014547321581379429,18,0.0006826974133353562,L2RTGE,L3TGE,L2RTGE / L3TGE,1.0914353611774632,1_28
2086,1_28_chr7_1532728_1533226_bi,reverse,noSNP,12,0.0010268697586856067,12,0.00045513160889023744,L2RTGE,L3TGE,L2RTGE / L3TGE,1.173897521369436,1_28
2087,1_29_chr7_25856979_25857429_bi,forward,SNP,25,0.0021393119972616804,33,0.001251611924448153,L2RTGE,L3TGE,L2RTGE / L3TGE,0.7733595917857075,1_29
2088,1_29_chr7_25856979_25857429_bi,reverse,SNP,39,0.0033373267157282217,43,0.0016308882651900173,L2RTGE,L3TGE,L2RTGE / L3TGE,1.0330349855295866,1_29
2089,1_30_chr9_126805681_126806202_bi,forward,noSNP,34,0.0029094643162758858,147,0.005575362208905408,L2RTGE,L3TGE,L2RTGE / L3TGE,-0.9383119822165887,1_30
2090,1_30_chr9_126805681_126806202_bi,reverse,noSNP,72,0.00616121855211364,149,0.005651217477053781,L2RTGE,L3TGE,L2RTGE / L3TGE,0.12465400234958701,1_30
2091,1_5_chr1_33127099_33127603_bi,forward,noSNP,86,0.007359233270580181,261,0.009899112493362665,L2RTGE,L3TGE,L2RTGE / L3TGE,-0.42774372049835035,1_5
2092,1_5_chr1_33127099_33127603_bi,reverse,noSNP,227,0.01942495293513606,246,0.009330197982249867,L2RTGE,L3TGE,L2RTGE / L3TGE,1.0579315033211116,1_5
2093,1_7_chr10_110211049_110211924_bi,forward,noSNP,45,0.0038507615950710253,162,0.006144276720018205,L2RTGE,L3TGE,L2RTGE / L3TGE,-0.6740993851855136,1_7
2094,1_7_chr10_110211049_110211924_bi,reverse,noSNP,59,0.005048776313537566,18,0.0006826974133353562,L2RTGE,L3TGE,L2RTGE / L3TGE,2.8866155692889652,1_7
2095,1_8_chr10_4663047_4663594_bi,forward,noSNP,674,0.05767585144617491,275,0.010430099370401274,L2RTGE,L3TGE,L2RTGE / L3TGE,2.467214494139273,1_8
2096,1_8_chr10_4663047_4663594_bi,reverse,noSNP,1595,0.13648810542529521,344,0.013047106121520139,L2RTGE,L3TGE,L2RTGE / L3TGE,3.38697347531957,1_8
2097,1_9_chr10_71860316_71860874_bi,forward,noSNP,26,0.002224884477152148,46,0.0017446711674125768,L2RTGE,L3TGE,L2RTGE / L3TGE,0.3507752834535158,1_9
2098,1_9_chr10_71860316_71860874_bi,reverse,noSNP,69,0.005904501112442238,26,0.0009861184859288477,L2RTGE,L3TGE,L2RTGE / L3TGE,2.581982260006513,1_9
2099,22,any_orientation,any_SNP,231,0.019767242854697928,3778,0.1432906015322764,L2RTGE,L3TGE,L2RTGE / L3TGE,-2.857760423602876,22
2100,2_10_chr16_3305171_3305501_rc,forward,SNP,279,0.023874721889440356,221,0.008382007130395205,L2RTGE,L3TGE,L2RTGE / L3TGE,1.5101162738071925,2_10
2101,2_10_chr16_3305171_3305501_rc,forward,noSNP,344,0.029436933082320725,235,0.008912994007433816,L2RTGE,L3TGE,L2RTGE / L3TGE,1.7236453295065346,2_10
2102,2_10_chr16_3305171_3305501_rc,reverse,SNP,1,8.557247989046722e-05,152,0.0057650003792763405,L2RTGE,L3TGE,L2RTGE / L3TGE,-6.074029992074149,2_10
2103,2_10_chr16_3305171_3305501_rc,reverse,noSNP,130,0.01112442238576074,178,0.006751118865205188,L2RTGE,L3TGE,L2RTGE / L3TGE,0.7205319034314931,2_10
2104,2_12_chr17_58692543_58692822_fw,forward,noSNP,31,0.002652746876604484,85,0.0032238488963058486,L2RTGE,L3TGE,L2RTGE / L3TGE,-0.2812971043813903,2_12
2105,2_12_chr17_58692543_58692822_fw,reverse,noSNP,29,0.0024816019168235498,88,0.0033376317985284077,L2RTGE,L3TGE,L2RTGE / L3TGE,-0.4275531021402887,2_12
2106,2_13_chr19_41397182_41397493_rc,forward,SNP,18,0.00154030463802841,196,0.007433816278540545,L2RTGE,L3TGE,L2RTGE / L3TGE,-2.27088732130346,2_13
2107,2_13_chr19_41397182_41397493_rc,forward,noSNP,27,0.002310456957042615,297,0.011264507320033377,L2RTGE,L3TGE,L2RTGE / L3TGE,-2.285534097267861,2_13
2108,2_13_chr19_41397182_41397493_rc,reverse,SNP,1,8.557247989046722e-05,192,0.007282105742243799,L2RTGE,L3TGE,L2RTGE / L3TGE,-6.41106497935172,2_13
2109,2_13_chr19_41397182_41397493_rc,reverse,noSNP,101,0.00864282046893719,254,0.009633619054843359,L2RTGE,L3TGE,L2RTGE / L3TGE,-0.15657568265093477,2_13
2110,2_15_chr3_122793601_122793905_rc,forward,SNP,35,0.002995036796166353,133,0.005044375331866798,L2RTGE,L3TGE,L2RTGE / L3TGE,-0.7521018971867868,2_15
2111,2_15_chr3_122793601_122793905_rc,forward,noSNP,30,0.002567174396714017,114,0.004323750284457256,L2RTGE,L3TGE,L2RTGE / L3TGE,-0.752101897186787,2_15
2112,2_15_chr3_122793601_122793905_rc,reverse,SNP,39,0.0033373267157282217,72,0.0027307896533414248,L2RTGE,L3TGE,L2RTGE / L3TGE,0.2893747387893721,2_15
2113,2_15_chr3_122793601_122793905_rc,reverse,noSNP,24,0.0020537395173712133,50,0.0018963817037093225,L2RTGE,L3TGE,L2RTGE / L3TGE,0.11500383231586782,2_15
2114,2_16_chr6_108562603_108562763_rc,forward,noSNP,119,0.010183125106965599,8,0.0003034210725934916,L2RTGE,L3TGE,L2RTGE / L3TGE,5.0687152846773795,2_16
2115,2_16_chr6_108562603_108562763_rc,reverse,noSNP,86,0.007359233270580181,8,0.0003034210725934916,L2RTGE,L3TGE,L2RTGE / L3TGE,4.600162276071535,2_16
2116,2_17_chr7_149685_149919_fw,forward,SNP,6,0.0005134348793428033,77,0.0029204278237123567,L2RTGE,L3TGE,L2RTGE / L3TGE,-2.507926518604309,2_17
2117,2_17_chr7_149685_149919_fw,forward,noSNP,6,0.0005134348793428033,70,0.002654934385193052,L2RTGE,L3TGE,L2RTGE / L3TGE,-2.370422994854374,2_17
2118,2_17_chr7_149685_149919_fw,reverse,SNP,12,0.0010268697586856067,69,0.0026170067511188653,L2RTGE,L3TGE,L2RTGE / L3TGE,-1.3496644346875768,2_17
2119,2_17_chr7_149685_149919_fw,reverse,noSNP,16,0.0013691596782474755,58,0.0021998027763028144,L2RTGE,L3TGE,L2RTGE / L3TGE,-0.684083473758136,2_17
2120,2_19_chr7_27168362_27168894_fw,forward,SNP,110,0.009412972787951395,158,0.0059925661837214594,L2RTGE,L3TGE,L2RTGE / L3TGE,0.651476486716993,2_19
2121,2_19_chr7_27168362_27168894_fw,forward,noSNP,74,0.006332363511894575,143,0.005423651672608663,L2RTGE,L3TGE,L2RTGE / L3TGE,0.22347955021999663,2_19
2122,2_19_chr7_27168362_27168894_fw,reverse,SNP,177,0.0151463289406127,179,0.006789046499279375,L2RTGE,L3TGE,L2RTGE / L3TGE,1.1576872941881773,2_19
2123,2_19_chr7_27168362_27168894_fw,reverse,noSNP,137,0.01172342974499401,179,0.006789046499279375,L2RTGE,L3TGE,L2RTGE / L3TGE,0.7881138270657065,2_19
2124,2_1_chr10_24208466_24209279_fw,reverse,SNP,1,8.557247989046722e-05,6,0.00022756580444511872,L2RTGE,L3TGE,L2RTGE / L3TGE,-1.41106497935172,2_1
2125,2_20_chr7_7566677_7567687_fw,forward,SNP,4,0.0003422899195618689,5,0.00018963817037093226,L2RTGE,L3TGE,L2RTGE / L3TGE,0.8519694264820739,2_20
2126,2_20_chr7_7566677_7567687_fw,forward,noSNP,4,0.0003422899195618689,7,0.0002654934385193052,L2RTGE,L3TGE,L2RTGE / L3TGE,0.3665425993118321,2_20
2127,2_20_chr7_7566677_7567687_fw,reverse,SNP,2,0.00017114495978093444,51,0.001934309337783509,L2RTGE,L3TGE,L2RTGE / L3TGE,-3.4985278206020594,2_20
2128,2_20_chr7_7566677_7567687_fw,reverse,noSNP,30,0.002567174396714017,94,0.0035651976029735266,L2RTGE,L3TGE,L2RTGE / L3TGE,-0.47380073469968254,2_20
2129,2_22_chr10_122375105_122375476_rc__2_21_chr10_122375073_122375541_fw,forward,SNP,6,0.0005134348793428033,81,0.0030721383600091027,L2RTGE,L3TGE,L2RTGE / L3TGE,-2.5809899807940324,2_22
2130,2_22_chr10_122375105_122375476_rc__2_21_chr10_122375073_122375541_fw,forward,noSNP,6,0.0005134348793428033,54,0.0020480922400060685,L2RTGE,L3TGE,L2RTGE / L3TGE,-1.9960274800728763,2_22
2131,2_22_chr10_122375105_122375476_rc__2_21_chr10_122375073_122375541_fw,reverse,SNP,12,0.0010268697586856067,33,0.001251611924448153,L2RTGE,L3TGE,L2RTGE / L3TGE,-0.285534097267861,2_22
2132,2_22_chr10_122375105_122375476_rc__2_21_chr10_122375073_122375541_fw,reverse,noSNP,10,0.0008557247989046722,53,0.002010164605931882,L2RTGE,L3TGE,L2RTGE / L3TGE,-1.2320948383064005,2_22
2133,2_23_chr12_53046798_53047380_fw__2_24_chr12_53046888_53047426_rc,forward,SNP,1,8.557247989046722e-05,48,0.0018205264355609498,L2RTGE,L3TGE,L2RTGE / L3TGE,-4.41106497935172,2_23
2134,2_32_chr22_44023936_44024267_rc__2_31_chr22_44023811_44024452_fw,forward,SNP,33,0.0028238918363854186,75,0.0028445725555639838,L2RTGE,L3TGE,L2RTGE / L3TGE,-0.010527049767990949,2_32
2135,2_32_chr22_44023936_44024267_rc__2_31_chr22_44023811_44024452_fw,forward,noSNP,21,0.0017970220776998118,43,0.0016308882651900173,L2RTGE,L3TGE,L2RTGE / L3TGE,0.13995018944609866,2_32
2136,2_32_chr22_44023936_44024267_rc__2_31_chr22_44023811_44024452_fw,reverse,SNP,35,0.002995036796166353,63,0.0023894409466737464,L2RTGE,L3TGE,L2RTGE / L3TGE,0.32590061481448634,2_32
2137,2_32_chr22_44023936_44024267_rc__2_31_chr22_44023811_44024452_fw,reverse,noSNP,1,8.557247989046722e-05,56,0.0021239475081544414,L2RTGE,L3TGE,L2RTGE / L3TGE,-4.633457400688168,2_32
2138,2_33_chr5_132369336_132370461_fw__2_34_chr5_132369418_132370280_rc,forward,SNP,7,0.0005990073592332706,29,0.0010999013881514072,L2RTGE,L3TGE,L2RTGE / L3TGE,-0.8767285517005319,2_33
2139,2_33_chr5_132369336_132370461_fw__2_34_chr5_132369418_132370280_rc,forward,noSNP,22,0.0018825945575902789,36,0.0013653948266707124,L2RTGE,L3TGE,L2RTGE / L3TGE,0.46340413856442103,2_33
2140,2_33_chr5_132369336_132370461_fw__2_34_chr5_132369418_132370280_rc,reverse,SNP,1,8.557247989046722e-05,31,0.00117575665629978,L2RTGE,L3TGE,L2RTGE / L3TGE,-3.780298789017439,2_33
2141,2_33_chr5_132369336_132370461_fw__2_34_chr5_132369418_132370280_rc,reverse,noSNP,5,0.0004278623994523361,39,0.0014791777288932716,L2RTGE,L3TGE,L2RTGE / L3TGE,-1.7895766026054498,2_33
2142,2_39_chr14_100375283_100375730_rc__2_35_chr14_100375283_100375730_rc,forward,SNP,93,0.007958240629813451,280,0.010619737540772207,L2RTGE,L3TGE,L2RTGE / L3TGE,-0.416226684467499,2_39
2143,2_39_chr14_100375283_100375730_rc__2_35_chr14_100375283_100375730_rc,forward,noSNP,122,0.010439842546637,281,0.010657665174846393,L2RTGE,L3TGE,L2RTGE / L3TGE,-0.029791461288603605,2_39
2144,2_39_chr14_100375283_100375730_rc__2_35_chr14_100375283_100375730_rc,reverse,SNP,33,0.0028238918363854186,160,0.006068421451869832,L2RTGE,L3TGE,L2RTGE / L3TGE,-1.1036364541594725,2_39
2145,2_3_chr10_71888998_71889183_rc,forward,SNP,4,0.0003422899195618689,36,0.0013653948266707124,L2RTGE,L3TGE,L2RTGE / L3TGE,-1.9960274800728763,2_3
2146,2_3_chr10_71888998_71889183_rc,forward,noSNP,5,0.0004278623994523361,11,0.00041720397481605096,L2RTGE,L3TGE,L2RTGE / L3TGE,0.036393997619501295,2_3
2147,2_40_chr2_27890876_27891263_rc__2_36_chr2_27890876_27891263_rc,forward,SNP,28,0.002396029436933082,43,0.0016308882651900173,L2RTGE,L3TGE,L2RTGE / L3TGE,0.5549876887249424,2_40
2148,2_40_chr2_27890876_27891263_rc__2_36_chr2_27890876_27891263_rc,forward,noSNP,17,0.0014547321581379429,38,0.0014412500948190851,L2RTGE,L3TGE,L2RTGE / L3TGE,0.013432849176190382,2_40
2149,2_40_chr2_27890876_27891263_rc__2_36_chr2_27890876_27891263_rc,reverse,SNP,23,0.001968167037480746,44,0.0016688158992642038,L2RTGE,L3TGE,L2RTGE / L3TGE,0.23802785878915184,2_40
2150,2_40_chr2_27890876_27891263_rc__2_36_chr2_27890876_27891263_rc,reverse,noSNP,11,0.0009412972787951394,41,0.0015550329970416446,L2RTGE,L3TGE,L2RTGE / L3TGE,-0.7242228646113502,2_40
2151,2_41_chr2_29114692_29115684_fw__2_37_chr2_29114692_29115684_fw,forward,SNP,18,0.00154030463802841,87,0.003299704164454221,L2RTGE,L3TGE,L2RTGE / L3TGE,-1.0991209730369798,2_41
2152,2_41_chr2_29114692_29115684_fw__2_37_chr2_29114692_29115684_fw,forward,noSNP,5,0.0004278623994523361,42,0.001592960631115831,L2RTGE,L3TGE,L2RTGE / L3TGE,-1.896491806521962,2_41
2153,2_41_chr2_29114692_29115684_fw__2_37_chr2_29114692_29115684_fw,reverse,SNP,23,0.001968167037480746,76,0.0028825001896381703,L2RTGE,L3TGE,L2RTGE / L3TGE,-0.5504680360171363,2_41
2154,2_41_chr2_29114692_29115684_fw__2_37_chr2_29114692_29115684_fw,reverse,noSNP,11,0.0009412972787951394,45,0.0017067435333383903,L2RTGE,L3TGE,L2RTGE / L3TGE,-0.8585239563229412,2_41
2155,2_42_chr7_158818580_158818984_rc__2_38_chr7_158818580_158818984_rc,forward,noSNP,67,0.005733356152661304,264,0.010012895395585223,L2RTGE,L3TGE,L2RTGE / L3TGE,-0.8044074075312447,2_42
2156,2_42_chr7_158818580_158818984_rc__2_38_chr7_158818580_158818984_rc,reverse,SNP,25,0.0021393119972616804,259,0.009823257225214292,L2RTGE,L3TGE,L2RTGE / L3TGE,-2.1990545765423932,2_42
2157,2_42_chr7_158818580_158818984_rc__2_38_chr7_158818580_158818984_rc,reverse,noSNP,8,0.0006845798391237378,236,0.008950921641508004,L2RTGE,L3TGE,L2RTGE / L3TGE,-3.7087455279924053,2_42
2158,2_5_chr12_2959230_2960351_fw,forward,SNP,3,0.00025671743967140166,30,0.0011378290222255935,L2RTGE,L3TGE,L2RTGE / L3TGE,-2.148030573517926,2_5
2159,2_5_chr12_2959230_2960351_fw,forward,noSNP,4,0.0003422899195618689,28,0.0010619737540772207,L2RTGE,L3TGE,L2RTGE / L3TGE,-1.633457400688168,2_5
2160,2_5_chr12_2959230_2960351_fw,reverse,SNP,2,0.00017114495978093444,31,0.00117575665629978,L2RTGE,L3TGE,L2RTGE / L3TGE,-2.780298789017439,2_5
2161,2_5_chr12_2959230_2960351_fw,reverse,noSNP,4,0.0003422899195618689,36,0.0013653948266707124,L2RTGE,L3TGE,L2RTGE / L3TGE,-1.9960274800728763,2_5
2162,2_6_chr12_57611320_57611561_fw,forward,SNP,3,0.00025671743967140166,43,0.0016308882651900173,L2RTGE,L3TGE,L2RTGE / L3TGE,-2.6674047326115056,2_6
2163,2_6_chr12_57611320_57611561_fw,forward,noSNP,4,0.0003422899195618689,21,0.0007964803155579155,L2RTGE,L3TGE,L2RTGE / L3TGE,-1.2184199014093242,2_6
2164,2_6_chr12_57611320_57611561_fw,reverse,SNP,7,0.0005990073592332706,16,0.0006068421451869832,L2RTGE,L3TGE,L2RTGE / L3TGE,-0.018747556572959612,2_6
2165,2_6_chr12_57611320_57611561_fw,reverse,noSNP,11,0.0009412972787951394,14,0.0005309868770386104,L2RTGE,L3TGE,L2RTGE / L3TGE,0.8259742179491293,2_6
2166,2_7_chr14_75069209_75069609_rc,forward,SNP,142,0.012151292144446347,275,0.010430099370401274,L2RTGE,L3TGE,L2RTGE / L3TGE,0.22035683246209664,2_7
2167,2_7_chr14_75069209_75069609_rc,forward,noSNP,11,0.0009412972787951394,27,0.0010240461200030342,L2RTGE,L3TGE,L2RTGE / L3TGE,-0.12155836215673511,2_7
2168,2_7_chr14_75069209_75069609_rc,reverse,SNP,52,0.004449768954304296,210,0.007964803155579155,L2RTGE,L3TGE,L2RTGE / L3TGE,-0.839908278155594,2_7
2169,2_7_chr14_75069209_75069609_rc,reverse,noSNP,7,0.0005990073592332706,22,0.0008344079496321019,L2RTGE,L3TGE,L2RTGE / L3TGE,-0.478179175210257,2_7
2170,3,reverse,SNP,3,0.00025671743967140166,41,0.0015550329970416446,L2RTGE,L3TGE,L2RTGE / L3TGE,-2.5986919825274915,3
2171,4,forward,any_SNP,34,0.0029094643162758858,915,0.03470378517788061,L2RTGE,L3TGE,L2RTGE / L3TGE,-3.576267570551629,4
2172,4,reverse,any_SNP,141,0.012065719664555878,591,0.022415231737844193,L2RTGE,L3TGE,L2RTGE / L3TGE,-0.8935654464093028,4
2173,8,any_orientation,any_SNP,41,0.0035084716755091564,291,0.011036941515588258,L2RTGE,L3TGE,L2RTGE / L3TGE,-1.6534258169207638,8
2174,9,any_orientation,any_SNP,21,0.0017970220776998118,1565,0.0593567473261018,L2RTGE,L3TGE,L2RTGE / L3TGE,-5.045731997671784,9
2175,CMV,any_orientation,any_SNP,128,0.010953277425979804,75,0.0028445725555639838,L2RTGE,L3TGE,L2RTGE / L3TGE,1.9450788308735554,CMV
2176,SV40,any_orientation,any_SNP,16,0.0013691596782474755,22,0.0008344079496321019,L2RTGE,L3TGE,L2RTGE / L3TGE,0.714465902732139,SV40
2177,1_11_chr11_65418158_65418613_bi,forward,noSNP,7,0.0005990073592332706,6,0.00022471068499307141,L2RTGE,L4TGE,L2RTGE / L4TGE,1.4145050013639802,1_11
2178,1_11_chr11_65418158_65418613_bi,reverse,noSNP,10,0.0008557247989046722,15,0.0005617767124826786,L2RTGE,L4TGE,L2RTGE / L4TGE,0.6071500793063759,1_11
2179,1_14_chr14_60655620_60656040_bi,reverse,noSNP,4,0.0003422899195618689,6,0.00022471068499307141,L2RTGE,L4TGE,L2RTGE / L4TGE,0.6071500793063761,1_14
2180,1_15_chr15_40098659_40099167_bi,forward,noSNP,6,0.0005134348793428033,6,0.00022471068499307141,L2RTGE,L4TGE,L2RTGE / L4TGE,1.1921125800275323,1_15
2181,1_15_chr15_40098659_40099167_bi,reverse,noSNP,3,0.00025671743967140166,12,0.00044942136998614283,L2RTGE,L4TGE,L2RTGE / L4TGE,-0.8078874199724677,1_15
2182,1_16_chr16_30805349_30805831_bi,forward,noSNP,335,0.02866678076330652,391,0.01464364630538182,L2RTGE,L4TGE,L2RTGE / L4TGE,0.9691050680653149,1_16
2183,1_16_chr16_30805349_30805831_bi,reverse,noSNP,215,0.018398083176450454,352,0.013183026852926856,L2RTGE,L4TGE,L2RTGE / L4TGE,0.4808738109796955,1_16
2184,1_17_chr16_73068918_73069480_bi,forward,noSNP,78,0.0066746534314564435,66,0.0024718175349237857,L2RTGE,L4TGE,L2RTGE / L4TGE,1.4331206795313272,1_17
2185,1_17_chr16_73068918_73069480_bi,reverse,noSNP,24,0.0020537395173712133,47,0.0017602336991123927,L2RTGE,L4TGE,L2RTGE / L4TGE,0.22248622907105126,1_17
2186,1_18_chr16_74297506_74297928_bi,forward,noSNP,167,0.014290604141708027,206,0.007715066851428786,L2RTGE,L4TGE,L2RTGE / L4TGE,0.8893163453183662,1_18
2187,1_18_chr16_74297506_74297928_bi,reverse,noSNP,118,0.010097552627075132,211,0.007902325755589678,L2RTGE,L4TGE,L2RTGE / L4TGE,0.3536564406821885,1_18
2188,1_19_chr16_807619_808176_bi,forward,SNP,13,0.001112442238576074,15,0.0005617767124826786,L2RTGE,L4TGE,L2RTGE / L4TGE,0.9856617025601059,1_19
2189,1_19_chr16_807619_808176_bi,forward,noSNP,10,0.0008557247989046722,8,0.00029961424665742855,L2RTGE,L4TGE,L2RTGE / L4TGE,1.5140406749148945,1_19
2190,1_19_chr16_807619_808176_bi,reverse,SNP,18,0.00154030463802841,7,0.00026216246582525,L2RTGE,L4TGE,L2RTGE / L4TGE,2.5546826594122405,1_19
2191,1_19_chr16_807619_808176_bi,reverse,noSNP,42,0.0035940441553996235,22,0.0008239391783079285,L2RTGE,L4TGE,L2RTGE / L4TGE,2.1249983841689954,1_19
2192,1_1_chr1_156748909_156749379_bi,forward,noSNP,2,0.00017114495978093444,68,0.002546721096588143,L2RTGE,L4TGE,L2RTGE / L4TGE,-3.8953502612228075,1_1
2193,1_20_chr16_87853532_87854041_bi,forward,SNP,5,0.0004278623994523361,14,0.0005243249316505,L2RTGE,L4TGE,L2RTGE / L4TGE,-0.2933142471427095,1_20
2194,1_20_chr16_87853532_87854041_bi,forward,noSNP,7,0.0005990073592332706,5,0.00018725890416089285,L2RTGE,L4TGE,L2RTGE / L4TGE,1.677539407197774,1_20
2195,1_20_chr16_87853532_87854041_bi,reverse,SNP,31,0.002652746876604484,20,0.0007490356166435714,L2RTGE,L4TGE,L2RTGE / L4TGE,1.8243807955270452,1_20
2196,1_20_chr16_87853532_87854041_bi,reverse,noSNP,54,0.00462091391408523,25,0.0009362945208044643,L2RTGE,L4TGE,L2RTGE / L4TGE,2.303143892416276,1_20
2197,1_23_chr2_70142583_70143144_bi,forward,SNP,84,0.007188088310799247,54,0.0020223961649376426,L2RTGE,L4TGE,L2RTGE / L4TGE,1.8295425006428243,1_23
2198,1_23_chr2_70142583_70143144_bi,forward,noSNP,3,0.00025671743967140166,649,0.024306205760083893,L2RTGE,L4TGE,L2RTGE / L4TGE,-6.56499958725045,1_23
2199,1_23_chr2_70142583_70143144_bi,reverse,SNP,5,0.0004278623994523361,13,0.0004868731508183214,L2RTGE,L4TGE,L2RTGE / L4TGE,-0.1863990432261975,1_23
2200,1_23_chr2_70142583_70143144_bi,reverse,noSNP,100,0.008557247989046722,469,0.017564885210291748,L2RTGE,L4TGE,L2RTGE / L4TGE,-1.0374753427131196,1_23
2201,1_24_chr21_29002584_29003015_bi,forward,noSNP,95,0.008129385589594387,84,0.003145949589903,L2RTGE,L4TGE,L2RTGE / L4TGE,1.3696507655797199,1_24
2202,1_24_chr21_29002584_29003015_bi,reverse,noSNP,43,0.0036796166352900906,76,0.0028463353432455715,L2RTGE,L4TGE,L2RTGE / L4TGE,0.37044982128604464,1_24
2203,1_25_chr22_36465359_36465803_bi,forward,noSNP,36,0.00308060927605682,52,0.0019474926032732856,L2RTGE,L4TGE,L2RTGE / L4TGE,0.6615978633287525,1_25
2204,1_25_chr22_36465359_36465803_bi,reverse,noSNP,22,0.0018825945575902789,101,0.0037826298640500355,L2RTGE,L4TGE,L2RTGE / L4TGE,-1.0066672840869653,1_25
2205,1_26_chr22_40651538_40652054_bi,forward,noSNP,57,0.004877631353756632,458,0.017152915621137785,L2RTGE,L4TGE,L2RTGE / L4TGE,-1.81420119390467,1_26
2206,1_26_chr22_40651538_40652054_bi,reverse,noSNP,176,0.015060756460722231,508,0.019025504662746714,L2RTGE,L4TGE,L2RTGE / L4TGE,-0.33714048810733643,1_26
2207,1_28_chr7_1532728_1533226_bi,forward,noSNP,17,0.0014547321581379429,17,0.0006366802741470357,L2RTGE,L4TGE,L2RTGE / L4TGE,1.1921125800275323,1_28
2208,1_28_chr7_1532728_1533226_bi,reverse,noSNP,12,0.0010268697586856067,5,0.00018725890416089285,L2RTGE,L4TGE,L2RTGE / L4TGE,2.455146985861326,1_28
2209,1_29_chr7_25856979_25857429_bi,forward,SNP,25,0.0021393119972616804,20,0.0007490356166435714,L2RTGE,L4TGE,L2RTGE / L4TGE,1.5140406749148945,1_29
2210,1_29_chr7_25856979_25857429_bi,reverse,SNP,39,0.0033373267157282217,46,0.0017227819182802143,L2RTGE,L4TGE,L2RTGE / L4TGE,0.9539528428327676,1_29
2211,1_30_chr9_126805681_126806202_bi,forward,noSNP,34,0.0029094643162758858,110,0.004119695891539643,L2RTGE,L4TGE,L2RTGE / L4TGE,-0.501784292246788,1_30
2212,1_30_chr9_126805681_126806202_bi,reverse,noSNP,72,0.00616121855211364,130,0.0048687315081832145,L2RTGE,L4TGE,L2RTGE / L4TGE,0.33966976844138996,1_30
2213,1_5_chr1_33127099_33127603_bi,forward,noSNP,86,0.007359233270580181,264,0.009887270139695143,L2RTGE,L4TGE,L2RTGE / L4TGE,-0.42601678462882314,1_5
2214,1_5_chr1_33127099_33127603_bi,reverse,noSNP,227,0.01942495293513606,280,0.010486498633009999,L2RTGE,L4TGE,L2RTGE / L4TGE,0.889378050373481,1_5
2215,1_7_chr10_110211049_110211924_bi,forward,noSNP,45,0.0038507615950710253,162,0.006067188494812929,L2RTGE,L4TGE,L2RTGE / L4TGE,-0.6558843265274177,1_7
2216,1_7_chr10_110211049_110211924_bi,reverse,noSNP,59,0.005048776313537566,21,0.00078648739747575,L2RTGE,L4TGE,L2RTGE / L4TGE,2.682438206610613,1_7
2217,1_8_chr10_4663047_4663594_bi,forward,noSNP,674,0.05767585144617491,280,0.010486498633009999,L2RTGE,L4TGE,L2RTGE / L4TGE,2.4594343442644244,1_8
2218,1_8_chr10_4663047_4663594_bi,reverse,noSNP,1595,0.13648810542529521,355,0.013295382195423392,L2RTGE,L4TGE,L2RTGE / L4TGE,3.3597780742877195,1_8
2219,1_9_chr10_71860316_71860874_bi,forward,noSNP,26,0.002224884477152148,43,0.0016104265757836784,L2RTGE,L4TGE,L2RTGE / L4TGE,0.46628754346652673,1_9
2220,1_9_chr10_71860316_71860874_bi,reverse,noSNP,69,0.005904501112442238,35,0.0013108123291262499,L2RTGE,L4TGE,L2RTGE / L4TGE,2.171354019860735,1_9
2221,22,any_orientation,any_SNP,231,0.019767242854697928,3904,0.14621175236882514,L2RTGE,L4TGE,L2RTGE / L4TGE,-2.8868757161192966,22
2222,2_10_chr16_3305171_3305501_rc,forward,SNP,279,0.023874721889440356,179,0.006703868768959964,L2RTGE,L4TGE,L2RTGE / L4TGE,1.8324181145924634,2_10
2223,2_10_chr16_3305171_3305501_rc,forward,noSNP,344,0.029436933082320725,209,0.00782742219392532,L2RTGE,L4TGE,L2RTGE / L4TGE,1.9110182026487477,2_10
2224,2_10_chr16_3305171_3305501_rc,reverse,SNP,1,8.557247989046722e-05,153,0.005730122467323321,L2RTGE,L4TGE,L2RTGE / L4TGE,-6.06527526266512,2_10
2225,2_10_chr16_3305171_3305501_rc,reverse,noSNP,130,0.01112442238576074,157,0.005879929590652036,L2RTGE,L4TGE,L2RTGE / L4TGE,0.9198596441643597,2_10
2226,2_12_chr17_58692543_58692822_fw,forward,noSNP,31,0.002652746876604484,72,0.002696528219916857,L2RTGE,L4TGE,L2RTGE / L4TGE,-0.023616111027904854,2_12
2227,2_12_chr17_58692543_58692822_fw,reverse,noSNP,29,0.0024816019168235498,88,0.003295756713231714,L2RTGE,L4TGE,L2RTGE / L4TGE,-0.4093380434821926,2_12
2228,2_13_chr19_41397182_41397493_rc,forward,SNP,18,0.00154030463802841,260,0.009737463016366429,L2RTGE,L4TGE,L2RTGE / L4TGE,-2.66033023155861,2_13
2229,2_13_chr19_41397182_41397493_rc,forward,noSNP,27,0.002310456957042615,297,0.011123178907157036,L2RTGE,L4TGE,L2RTGE / L4TGE,-2.2673190386097652,2_13
2230,2_13_chr19_41397182_41397493_rc,reverse,SNP,1,8.557247989046722e-05,217,0.00812703644058275,L2RTGE,L4TGE,L2RTGE / L4TGE,-6.569438652416947,2_13
2231,2_13_chr19_41397182_41397493_rc,reverse,noSNP,101,0.00864282046893719,265,0.00992472192052732,L2RTGE,L4TGE,L2RTGE / L4TGE,-0.19952448667123424,2_13
2232,2_15_chr3_122793601_122793905_rc,forward,SNP,35,0.002995036796166353,102,0.003820081644882214,L2RTGE,L4TGE,L2RTGE / L4TGE,-0.3510297449989967,2_15
2233,2_15_chr3_122793601_122793905_rc,forward,noSNP,30,0.002567174396714017,90,0.0033706602748960713,L2RTGE,L4TGE,L2RTGE / L4TGE,-0.3928499206936239,2_15
2234,2_15_chr3_122793601_122793905_rc,reverse,SNP,39,0.0033373267157282217,74,0.0027714317815812142,L2RTGE,L4TGE,L2RTGE / L4TGE,0.26806143326083093,2_15
2235,2_15_chr3_122793601_122793905_rc,reverse,noSNP,24,0.0020537395173712133,54,0.0020223961649376426,L2RTGE,L4TGE,L2RTGE / L4TGE,0.022187578585219938,2_15
2236,2_16_chr6_108562603_108562763_rc,forward,noSNP,119,0.010183125106965599,401,0.015018164113703606,L2RTGE,L4TGE,L2RTGE / L4TGE,-0.5605280831194446,2_16
2237,2_16_chr6_108562603_108562763_rc,reverse,noSNP,86,0.007359233270580181,370,0.013857158907906071,L2RTGE,L4TGE,L2RTGE / L4TGE,-0.9130041257866818,2_16
2238,2_17_chr7_149685_149919_fw,forward,SNP,6,0.0005134348793428033,72,0.002696528219916857,L2RTGE,L4TGE,L2RTGE / L4TGE,-2.392849920693624,2_17
2239,2_17_chr7_149685_149919_fw,forward,noSNP,6,0.0005134348793428033,61,0.0022845586307628928,L2RTGE,L4TGE,L2RTGE / L4TGE,-2.1536622568141977,2_17
2240,2_17_chr7_149685_149919_fw,reverse,SNP,12,0.0010268697586856067,73,0.002733980000749036,L2RTGE,L4TGE,L2RTGE / L4TGE,-1.412749478131329,2_17
2241,2_17_chr7_149685_149919_fw,reverse,noSNP,16,0.0013691596782474755,36,0.0013482641099584285,L2RTGE,L4TGE,L2RTGE / L4TGE,0.022187578585219938,2_17
2242,2_19_chr7_27168362_27168894_fw,forward,SNP,110,0.009412972787951395,230,0.008613909591401072,L2RTGE,L4TGE,L2RTGE / L4TGE,0.12798224260781674,2_19
2243,2_19_chr7_27168362_27168894_fw,forward,noSNP,74,0.006332363511894575,141,0.005280701097337179,L2RTGE,L4TGE,L2RTGE / L4TGE,0.2620145932576885,2_19
2244,2_19_chr7_27168362_27168894_fw,reverse,noSNP,137,0.01172342974499401,227,0.008501554248904536,L2RTGE,L4TGE,L2RTGE / L4TGE,0.463596175697144,2_19
2245,2_1_chr10_24208466_24209279_fw,reverse,SNP,1,8.557247989046722e-05,12,0.00044942136998614283,L2RTGE,L4TGE,L2RTGE / L4TGE,-2.392849920693624,2_1
2246,2_20_chr7_7566677_7567687_fw,forward,SNP,4,0.0003422899195618689,31,0.0011610052057975356,L2RTGE,L4TGE,L2RTGE / L4TGE,-1.7620837303593428,2_20
2247,2_20_chr7_7566677_7567687_fw,forward,noSNP,4,0.0003422899195618689,68,0.002546721096588143,L2RTGE,L4TGE,L2RTGE / L4TGE,-2.8953502612228075,2_20
2248,2_20_chr7_7566677_7567687_fw,reverse,noSNP,30,0.002567174396714017,155,0.005805026028987678,L2RTGE,L4TGE,L2RTGE / L4TGE,-1.1771212296381866,2_20
2249,2_22_chr10_122375105_122375476_rc__2_21_chr10_122375073_122375541_fw,forward,SNP,6,0.0005134348793428033,73,0.002733980000749036,L2RTGE,L4TGE,L2RTGE / L4TGE,-2.412749478131329,2_22
2250,2_22_chr10_122375105_122375476_rc__2_21_chr10_122375073_122375541_fw,forward,noSNP,6,0.0005134348793428033,70,0.0026216246582524997,L2RTGE,L4TGE,L2RTGE / L4TGE,-2.352207936196278,2_22
2251,2_22_chr10_122375105_122375476_rc__2_21_chr10_122375073_122375541_fw,reverse,SNP,12,0.0010268697586856067,44,0.001647878356615857,L2RTGE,L4TGE,L2RTGE / L4TGE,-0.682356537888609,2_22
2252,2_22_chr10_122375105_122375476_rc__2_21_chr10_122375073_122375541_fw,reverse,noSNP,10,0.0008557247989046722,42,0.0015729747949515,L2RTGE,L4TGE,L2RTGE / L4TGE,-0.8782767478638658,2_22
2253,2_23_chr12_53046798_53047380_fw__2_24_chr12_53046888_53047426_rc,forward,SNP,1,8.557247989046722e-05,47,0.0017602336991123927,L2RTGE,L4TGE,L2RTGE / L4TGE,-4.362476271650105,2_23
2254,2_23_chr12_53046798_53047380_fw__2_24_chr12_53046888_53047426_rc,forward,noSNP,8,0.0006845798391237378,49,0.00183513726077675,L2RTGE,L4TGE,L2RTGE / L4TGE,-1.422597264087676,2_23
2255,2_23_chr12_53046798_53047380_fw__2_24_chr12_53046888_53047426_rc,reverse,SNP,12,0.0010268697586856067,54,0.0020223961649376426,L2RTGE,L4TGE,L2RTGE / L4TGE,-0.9778124214147801,2_23
2256,2_23_chr12_53046798_53047380_fw__2_24_chr12_53046888_53047426_rc,reverse,noSNP,12,0.0010268697586856067,59,0.0022096550690985355,L2RTGE,L4TGE,L2RTGE / L4TGE,-1.1055679686131528,2_23
2257,2_32_chr22_44023936_44024267_rc__2_31_chr22_44023811_44024452_fw,forward,SNP,33,0.0028238918363854186,77,0.00288378712407775,L2RTGE,L4TGE,L2RTGE / L4TGE,-0.030279841308915555,2_32
2258,2_32_chr22_44023936_44024267_rc__2_31_chr22_44023811_44024452_fw,forward,noSNP,21,0.0017970220776998118,49,0.00183513726077675,L2RTGE,L4TGE,L2RTGE / L4TGE,-0.030279841308915555,2_32
2259,2_32_chr22_44023936_44024267_rc__2_31_chr22_44023811_44024452_fw,reverse,SNP,35,0.002995036796166353,62,0.002322010411595071,L2RTGE,L4TGE,L2RTGE / L4TGE,0.3671992865856237,2_32
2260,2_32_chr22_44023936_44024267_rc__2_31_chr22_44023811_44024452_fw,reverse,noSNP,1,8.557247989046722e-05,67,0.002509269315755964,L2RTGE,L4TGE,L2RTGE / L4TGE,-4.87397661043024,2_32
2261,2_33_chr5_132369336_132370461_fw__2_34_chr5_132369418_132370280_rc,forward,SNP,7,0.0005990073592332706,29,0.0010861016441331786,L2RTGE,L4TGE,L2RTGE / L4TGE,-0.8585134930424357,2_33
2262,2_33_chr5_132369336_132370461_fw__2_34_chr5_132369418_132370280_rc,forward,noSNP,22,0.0018825945575902789,40,0.0014980712332871428,L2RTGE,L4TGE,L2RTGE / L4TGE,0.32961610377746725,2_33
2263,2_33_chr5_132369336_132370461_fw__2_34_chr5_132369418_132370280_rc,reverse,SNP,1,8.557247989046722e-05,30,0.0011235534249653572,L2RTGE,L4TGE,L2RTGE / L4TGE,-3.714778015580986,2_33
2264,2_33_chr5_132369336_132370461_fw__2_34_chr5_132369418_132370280_rc,reverse,noSNP,5,0.0004278623994523361,48,0.0017976854799445713,L2RTGE,L4TGE,L2RTGE / L4TGE,-2.0709218258062614,2_33
2265,2_39_chr14_100375283_100375730_rc__2_35_chr14_100375283_100375730_rc,forward,SNP,93,0.007958240629813451,287,0.01074866109883525,L2RTGE,L4TGE,L2RTGE / L4TGE,-0.43363553554012424,2_39
2266,2_39_chr14_100375283_100375730_rc__2_35_chr14_100375283_100375730_rc,forward,noSNP,122,0.010439842546637,279,0.010449046852177821,L2RTGE,L4TGE,L2RTGE / L4TGE,-0.0012713942387691027,2_39
2267,2_39_chr14_100375283_100375730_rc__2_35_chr14_100375283_100375730_rc,reverse,SNP,33,0.0028238918363854186,179,0.006703868768959964,L2RTGE,L4TGE,L2RTGE / L4TGE,-1.2473090778782705,2_39
2268,2_39_chr14_100375283_100375730_rc__2_35_chr14_100375283_100375730_rc,reverse,noSNP,45,0.0038507615950710253,237,0.008876072057226321,L2RTGE,L4TGE,L2RTGE / L4TGE,-1.204777572541052,2_39
2269,2_3_chr10_71888998_71889183_rc,forward,SNP,4,0.0003422899195618689,27,0.0010111980824688213,L2RTGE,L4TGE,L2RTGE / L4TGE,-1.5627749221359362,2_3
2270,2_3_chr10_71888998_71889183_rc,forward,noSNP,5,0.0004278623994523361,12,0.00044942136998614283,L2RTGE,L4TGE,L2RTGE / L4TGE,-0.07092182580626154,2_3
2271,2_40_chr2_27890876_27891263_rc__2_36_chr2_27890876_27891263_rc,forward,SNP,28,0.002396029436933082,45,0.0016853301374480357,L2RTGE,L4TGE,L2RTGE / L4TGE,0.5076144057554616,2_40
2272,2_40_chr2_27890876_27891263_rc__2_36_chr2_27890876_27891263_rc,forward,noSNP,17,0.0014547321581379429,33,0.0012359087674618928,L2RTGE,L4TGE,L2RTGE / L4TGE,0.23518130191941822,2_40
2273,2_40_chr2_27890876_27891263_rc__2_36_chr2_27890876_27891263_rc,reverse,SNP,23,0.001968167037480746,64,0.0023969139732594284,L2RTGE,L4TGE,L2RTGE / L4TGE,-0.28432546391545477,2_40
2274,2_40_chr2_27890876_27891263_rc__2_36_chr2_27890876_27891263_rc,reverse,noSNP,11,0.0009412972787951394,30,0.0011235534249653572,L2RTGE,L4TGE,L2RTGE / L4TGE,-0.25534639694368905,2_40
2275,2_41_chr2_29114692_29115684_fw__2_37_chr2_29114692_29115684_fw,forward,SNP,18,0.00154030463802841,102,0.003820081644882214,L2RTGE,L4TGE,L2RTGE / L4TGE,-1.310387760501651,2_41
2276,2_41_chr2_29114692_29115684_fw__2_37_chr2_29114692_29115684_fw,forward,noSNP,5,0.0004278623994523361,34,0.0012733605482940715,L2RTGE,L4TGE,L2RTGE / L4TGE,-1.5734221663354448,2_41
2277,2_41_chr2_29114692_29115684_fw__2_37_chr2_29114692_29115684_fw,reverse,SNP,23,0.001968167037480746,90,0.0033706602748960713,L2RTGE,L4TGE,L2RTGE / L4TGE,-0.7761785602451297,2_41
2278,2_41_chr2_29114692_29115684_fw__2_37_chr2_29114692_29115684_fw,reverse,noSNP,11,0.0009412972787951394,34,0.0012733605482940715,L2RTGE,L4TGE,L2RTGE / L4TGE,-0.43591864258551,2_41
2279,2_42_chr7_158818580_158818984_rc__2_38_chr7_158818580_158818984_rc,forward,SNP,34,0.0029094643162758858,93,0.003483015617392607,L2RTGE,L4TGE,L2RTGE / L4TGE,-0.25958338983015955,2_42
2280,2_42_chr7_158818580_158818984_rc__2_38_chr7_158818580_158818984_rc,forward,noSNP,67,0.005733356152661304,115,0.004306954795700536,L2RTGE,L4TGE,L2RTGE / L4TGE,0.4127117195409295,2_42
2281,2_42_chr7_158818580_158818984_rc__2_38_chr7_158818580_158818984_rc,reverse,SNP,25,0.0021393119972616804,75,0.0028088835624133926,L2RTGE,L4TGE,L2RTGE / L4TGE,-0.3928499206936239,2_42
2282,2_42_chr7_158818580_158818984_rc__2_38_chr7_158818580_158818984_rc,reverse,noSNP,8,0.0006845798391237378,96,0.0035953709598891426,L2RTGE,L4TGE,L2RTGE / L4TGE,-2.392849920693624,2_42
2283,2_5_chr12_2959230_2960351_fw,forward,SNP,3,0.00025671743967140166,30,0.0011235534249653572,L2RTGE,L4TGE,L2RTGE / L4TGE,-2.12981551485983,2_5
2284,2_5_chr12_2959230_2960351_fw,forward,noSNP,4,0.0003422899195618689,30,0.0011235534249653572,L2RTGE,L4TGE,L2RTGE / L4TGE,-1.7147780155809862,2_5
2285,2_5_chr12_2959230_2960351_fw,reverse,SNP,2,0.00017114495978093444,27,0.0010111980824688213,L2RTGE,L4TGE,L2RTGE / L4TGE,-2.562774922135936,2_5
2286,2_5_chr12_2959230_2960351_fw,reverse,noSNP,4,0.0003422899195618689,31,0.0011610052057975356,L2RTGE,L4TGE,L2RTGE / L4TGE,-1.7620837303593428,2_5
2287,2_6_chr12_57611320_57611561_fw,forward,SNP,3,0.00025671743967140166,39,0.0014606194524549641,L2RTGE,L4TGE,L2RTGE / L4TGE,-2.5083271381135597,2_6
2288,2_6_chr12_57611320_57611561_fw,forward,noSNP,4,0.0003422899195618689,27,0.0010111980824688213,L2RTGE,L4TGE,L2RTGE / L4TGE,-1.5627749221359362,2_6
2289,2_6_chr12_57611320_57611561_fw,reverse,SNP,7,0.0005990073592332706,23,0.0008613909591401071,L2RTGE,L4TGE,L2RTGE / L4TGE,-0.5240944539718767,2_6
2290,2_6_chr12_57611320_57611561_fw,reverse,noSNP,11,0.0009412972787951394,19,0.0007115838358113929,L2RTGE,L4TGE,L2RTGE / L4TGE,0.403616685221244,2_6
2291,2_7_chr14_75069209_75069609_rc,forward,SNP,142,0.012151292144446347,251,0.00940039698887682,L2RTGE,L4TGE,L2RTGE / L4TGE,0.3703161455814424,2_7
2292,2_7_chr14_75069209_75069609_rc,forward,noSNP,11,0.0009412972787951394,37,0.0013857158907906071,L2RTGE,L4TGE,L2RTGE / L4TGE,-0.5579091669641203,2_7
2293,2_7_chr14_75069209_75069609_rc,reverse,SNP,52,0.004449768954304296,215,0.008052132878918393,L2RTGE,L4TGE,L2RTGE / L4TGE,-0.8556405514208358,2_7
2294,2_7_chr14_75069209_75069609_rc,reverse,noSNP,7,0.0005990073592332706,34,0.0012733605482940715,L2RTGE,L4TGE,L2RTGE / L4TGE,-1.0879953391652033,2_7
2295,3,reverse,SNP,3,0.00025671743967140166,61,0.0022845586307628928,L2RTGE,L4TGE,L2RTGE / L4TGE,-3.1536622568141977,3
2296,4,forward,any_SNP,34,0.0029094643162758858,1020,0.038200816448822145,L2RTGE,L4TGE,L2RTGE / L4TGE,-3.714778015580986,4
2297,4,reverse,any_SNP,141,0.012065719664555878,722,0.02704018576083293,L2RTGE,L4TGE,L2RTGE / L4TGE,-1.1641910944608453,4
2298,8,any_orientation,any_SNP,41,0.0035084716755091564,311,0.011647503838807536,L2RTGE,L4TGE,L2RTGE / L4TGE,-1.7311061854849865,8
2299,9,any_orientation,any_SNP,21,0.0017970220776998118,1569,0.058761844125688176,L2RTGE,L4TGE,L2RTGE / L4TGE,-5.031199634161805,9
2300,CMV,any_orientation,any_SNP,128,0.010953277425979804,70,0.0026216246582524997,L2RTGE,L4TGE,L2RTGE / L4TGE,2.0628295630825657,CMV
2301,SV40,any_orientation,any_SNP,16,0.0013691596782474755,23,0.0008613909591401071,L2RTGE,L4TGE,L2RTGE / L4TGE,0.6685506239705193,SV40
2302,1_11_chr11_65418158_65418613_bi,forward,noSNP,7,0.0005990073592332706,9,0.0003250388240817653,L2RTGE,L5TGE,L2RTGE / L5TGE,0.8819616773209941,1_11
2303,1_11_chr11_65418158_65418613_bi,reverse,noSNP,10,0.0008557247989046722,8,0.0002889233991837914,L2RTGE,L5TGE,L2RTGE / L5TGE,1.5664598515930648,1_11
2304,1_15_chr15_40098659_40099167_bi,reverse,noSNP,3,0.00025671743967140166,11,0.0003972696738777132,L2RTGE,L5TGE,L2RTGE / L5TGE,-0.6299373612104389,1_15
2305,1_16_chr16_30805349_30805831_bi,forward,noSNP,335,0.02866678076330652,412,0.014879555057965257,L2RTGE,L5TGE,L2RTGE / L5TGE,0.9460485148676189,1_16
2306,1_16_chr16_30805349_30805831_bi,reverse,noSNP,215,0.018398083176450454,350,0.012640398714290874,L2RTGE,L5TGE,L2RTGE / L5TGE,0.5415134944628339,1_16
2307,1_17_chr16_73068918_73069480_bi,forward,noSNP,78,0.0066746534314564435,75,0.0027086568673480443,L2RTGE,L5TGE,L2RTGE / L5TGE,1.30111528507207,1_17
2308,1_17_chr16_73068918_73069480_bi,reverse,noSNP,24,0.0020537395173712133,52,0.001878002094694644,L2RTGE,L5TGE,L2RTGE / L5TGE,0.1290545392857664,1_17
2309,1_18_chr16_74297506_74297928_bi,forward,noSNP,167,0.014290604141708027,182,0.0065730073314312545,L2RTGE,L5TGE,L2RTGE / L5TGE,1.1204414089810584,1_18
2310,1_18_chr16_74297506_74297928_bi,reverse,noSNP,118,0.010097552627075132,190,0.0068619307306150455,L2RTGE,L5TGE,L2RTGE / L5TGE,0.5573191977365958,1_18
2311,1_19_chr16_807619_808176_bi,forward,SNP,13,0.001112442238576074,15,0.0005417313734696089,L2RTGE,L5TGE,L2RTGE / L5TGE,1.038080879238276,1_19
2312,1_19_chr16_807619_808176_bi,forward,noSNP,10,0.0008557247989046722,10,0.00036115424897973926,L2RTGE,L5TGE,L2RTGE / L5TGE,1.2445317567057024,1_19
2313,1_19_chr16_807619_808176_bi,reverse,SNP,18,0.00154030463802841,23,0.0008306547726534003,L2RTGE,L5TGE,L2RTGE / L5TGE,0.8908948020910019,1_19
2314,1_19_chr16_807619_808176_bi,reverse,noSNP,42,0.0035940441553996235,26,0.000939001047347322,L2RTGE,L5TGE,L2RTGE / L5TGE,1.9364094613433707,1_19
2315,1_1_chr1_156748909_156749379_bi,forward,noSNP,2,0.00017114495978093444,44,0.0015890786955108527,L2RTGE,L5TGE,L2RTGE / L5TGE,-3.214899861931595,1_1
2316,1_20_chr16_87853532_87854041_bi,forward,SNP,5,0.0004278623994523361,10,0.00036115424897973926,L2RTGE,L5TGE,L2RTGE / L5TGE,0.24453175670570232,1_20
2317,1_20_chr16_87853532_87854041_bi,reverse,SNP,31,0.002652746876604484,24,0.0008667701975513742,L2RTGE,L5TGE,L2RTGE / L5TGE,1.6137655663714214,1_20
2318,1_20_chr16_87853532_87854041_bi,reverse,noSNP,54,0.00462091391408523,24,0.0008667701975513742,L2RTGE,L5TGE,L2RTGE / L5TGE,2.4144567581480145,1_20
2319,1_23_chr2_70142583_70143144_bi,forward,SNP,84,0.007188088310799247,46,0.0016613095453068005,L2RTGE,L5TGE,L2RTGE / L5TGE,2.11328722342745,1_23
2320,1_23_chr2_70142583_70143144_bi,forward,noSNP,3,0.00025671743967140166,671,0.024233450106540502,L2RTGE,L5TGE,L2RTGE / L5TGE,-6.560674698773325,1_23
2321,1_23_chr2_70142583_70143144_bi,reverse,SNP,5,0.0004278623994523361,7,0.00025280797428581746,L2RTGE,L5TGE,L2RTGE / L5TGE,0.7591049295354607,1_23
2322,1_23_chr2_70142583_70143144_bi,reverse,noSNP,100,0.008557247989046722,525,0.01896059807143631,L2RTGE,L5TGE,L2RTGE / L5TGE,-1.1477856660730579,1_23
2323,1_24_chr21_29002584_29003015_bi,forward,noSNP,95,0.008129385589594387,80,0.002889233991837914,L2RTGE,L5TGE,L2RTGE / L5TGE,1.492459270149288,1_24
2324,1_24_chr21_29002584_29003015_bi,reverse,noSNP,43,0.0036796166352900906,70,0.0025280797428581746,L2RTGE,L5TGE,L2RTGE / L5TGE,0.5415134944628339,1_24
2325,1_25_chr22_36465359_36465803_bi,forward,noSNP,36,0.00308060927605682,53,0.001914117519592618,L2RTGE,L5TGE,L2RTGE / L5TGE,0.6865363035848157,1_25
2326,1_25_chr22_36465359_36465803_bi,reverse,noSNP,22,0.0018825945575902789,65,0.002347502618368305,L2RTGE,L5TGE,L2RTGE / L5TGE,-0.31840443768545473,1_25
2327,1_26_chr22_40651538_40652054_bi,forward,noSNP,57,0.004877631353756632,544,0.019646791144497817,L2RTGE,L5TGE,L2RTGE / L5TGE,-2.0100410703798954,1_26
2328,1_26_chr22_40651538_40652054_bi,reverse,noSNP,176,0.015060756460722231,655,0.023655603308172922,L2RTGE,L5TGE,L2RTGE / L5TGE,-0.651387721081813,1_26
2329,1_28_chr7_1532728_1533226_bi,forward,noSNP,17,0.0014547321581379429,7,0.00025280797428581746,L2RTGE,L5TGE,L2RTGE / L5TGE,2.5246396758984377,1_28
2330,1_28_chr7_1532728_1533226_bi,reverse,noSNP,12,0.0010268697586856067,10,0.00036115424897973926,L2RTGE,L5TGE,L2RTGE / L5TGE,1.5075661625394963,1_28
2331,1_29_chr7_25856979_25857429_bi,forward,SNP,25,0.0021393119972616804,23,0.0008306547726534003,L2RTGE,L5TGE,L2RTGE / L5TGE,1.3648259904234141,1_29
2332,1_29_chr7_25856979_25857429_bi,reverse,SNP,39,0.0033373267157282217,45,0.0016251941204088265,L2RTGE,L5TGE,L2RTGE / L5TGE,1.038080879238276,1_29
2333,1_30_chr9_126805681_126806202_bi,forward,noSNP,34,0.0029094643162758858,126,0.004550543537144715,L2RTGE,L5TGE,L2RTGE / L5TGE,-0.6452853255438747,1_30
2334,1_30_chr9_126805681_126806202_bi,reverse,noSNP,72,0.00616121855211364,157,0.005670121708981906,L2RTGE,L5TGE,L2RTGE / L5TGE,0.11983600925638756,1_30
2335,1_5_chr1_33127099_33127603_bi,forward,noSNP,86,0.007359233270580181,272,0.009823395572248908,L2RTGE,L5TGE,L2RTGE / L5TGE,-0.4166663298425391,1_5
2336,1_5_chr1_33127099_33127603_bi,reverse,noSNP,227,0.01942495293513606,271,0.009787280147350934,L2RTGE,L5TGE,L2RTGE / L5TGE,0.9889312026427459,1_5
2337,1_7_chr10_110211049_110211924_bi,forward,noSNP,45,0.0038507615950710253,161,0.005814583408573802,L2RTGE,L5TGE,L2RTGE / L5TGE,-0.59453202507924,1_7
2338,1_7_chr10_110211049_110211924_bi,reverse,noSNP,59,0.005048776313537566,26,0.000939001047347322,L2RTGE,L5TGE,L2RTGE / L5TGE,2.4267350879264518,1_7
2339,1_8_chr10_4663047_4663594_bi,forward,noSNP,674,0.05767585144617491,282,0.010184549821228647,L2RTGE,L5TGE,L2RTGE / L5TGE,2.5015851854887674,1_8
2340,1_8_chr10_4663047_4663594_bi,reverse,noSNP,1595,0.13648810542529521,367,0.01325436093755643,L2RTGE,L5TGE,L2RTGE / L5TGE,3.3642362125147214,1_8
2341,1_9_chr10_71860316_71860874_bi,forward,noSNP,26,0.002224884477152148,35,0.0012640398714290873,L2RTGE,L5TGE,L2RTGE / L5TGE,0.8156884579018284,1_9
2342,1_9_chr10_71860316_71860874_bi,reverse,noSNP,69,0.005904501112442238,44,0.0015890786955108527,L2RTGE,L5TGE,L2RTGE / L5TGE,1.8936245948465742,1_9
2343,22,any_orientation,any_SNP,231,0.019767242854697928,4173,0.1507096680992452,L2RTGE,L5TGE,L2RTGE / L5TGE,-2.9305884071416353,22
2344,2_10_chr16_3305171_3305501_rc,forward,noSNP,344,0.029436933082320725,300,0.010834627469392177,L2RTGE,L5TGE,L2RTGE / L5TGE,1.4419778209119194,2_10
2345,2_10_chr16_3305171_3305501_rc,reverse,SNP,1,8.557247989046722e-05,173,0.006247968507349489,L2RTGE,L5TGE,L2RTGE / L5TGE,-6.190096470931023,2_10
2346,2_10_chr16_3305171_3305501_rc,reverse,noSNP,130,0.01112442238576074,191,0.00689804615551302,L2RTGE,L5TGE,L2RTGE / L5TGE,0.6894707416984083,2_10
2347,2_12_chr17_58692543_58692822_fw,forward,noSNP,31,0.002652746876604484,77,0.0027808877171439923,L2RTGE,L5TGE,L2RTGE / L5TGE,-0.06805847360232369,2_12
2348,2_12_chr17_58692543_58692822_fw,reverse,noSNP,29,0.0024816019168235498,72,0.0026003105926541226,L2RTGE,L5TGE,L2RTGE / L5TGE,-0.06741224960903766,2_12
2349,2_13_chr19_41397182_41397493_rc,forward,SNP,18,0.00154030463802841,191,0.00689804615551302,L2RTGE,L5TGE,L2RTGE / L5TGE,-2.1629720698877337,2_13
2350,2_13_chr19_41397182_41397493_rc,forward,noSNP,27,0.002310456957042615,283,0.010220665246126621,L2RTGE,L5TGE,L2RTGE / L5TGE,-2.1452389839627113,2_13
2351,2_13_chr19_41397182_41397493_rc,reverse,SNP,1,8.557247989046722e-05,168,0.006067391382859619,L2RTGE,L5TGE,L2RTGE / L5TGE,-6.147785666073058,2_13
2352,2_13_chr19_41397182_41397493_rc,reverse,noSNP,101,0.00864282046893719,248,0.008956625374697533,L2RTGE,L5TGE,L2RTGE / L5TGE,-0.05145307092937792,2_13
2353,2_15_chr3_122793601_122793905_rc,forward,SNP,35,0.002995036796166353,116,0.004189389288164975,L2RTGE,L5TGE,L2RTGE / L5TGE,-0.48416622147690314,2_15
2354,2_15_chr3_122793601_122793905_rc,forward,noSNP,30,0.002567174396714017,104,0.003756004189389288,L2RTGE,L5TGE,L2RTGE / L5TGE,-0.5490173658268711,2_15
2355,2_15_chr3_122793601_122793905_rc,reverse,SNP,39,0.0033373267157282217,83,0.002997580266531836,L2RTGE,L5TGE,L2RTGE / L5TGE,0.15489454422102594,2_15
2356,2_15_chr3_122793601_122793905_rc,reverse,noSNP,24,0.0020537395173712133,60,0.0021669254938784356,L2RTGE,L5TGE,L2RTGE / L5TGE,-0.07739633818166008,2_15
2357,2_16_chr6_108562603_108562763_rc,forward,noSNP,119,0.010183125106965599,10,0.00036115424897973926,L2RTGE,L5TGE,L2RTGE / L5TGE,4.817421425126284,2_16
2358,2_16_chr6_108562603_108562763_rc,reverse,noSNP,86,0.007359233270580181,9,0.0003250388240817653,L2RTGE,L5TGE,L2RTGE / L5TGE,4.500871509965488,2_16
2359,2_17_chr7_149685_149919_fw,forward,SNP,6,0.0005134348793428033,77,0.0027808877171439923,L2RTGE,L5TGE,L2RTGE / L5TGE,-2.4372922832680426,2_17
2360,2_17_chr7_149685_149919_fw,forward,noSNP,6,0.0005134348793428033,71,0.002564195167756149,L2RTGE,L5TGE,L2RTGE / L5TGE,-2.3202528620778233,2_17
2361,2_17_chr7_149685_149919_fw,reverse,SNP,12,0.0010268697586856067,75,0.0027086568673480443,L2RTGE,L5TGE,L2RTGE / L5TGE,-1.3993244330690224,2_17
2362,2_17_chr7_149685_149919_fw,reverse,noSNP,16,0.0013691596782474755,56,0.0020224637942865397,L2RTGE,L5TGE,L2RTGE / L5TGE,-0.5628231653519016,2_17
2363,2_19_chr7_27168362_27168894_fw,forward,SNP,110,0.009412972787951395,157,0.005670121708981906,L2RTGE,L5TGE,L2RTGE / L5TGE,0.731270721338735,2_19
2364,2_19_chr7_27168362_27168894_fw,forward,noSNP,74,0.006332363511894575,135,0.00487558236122648,L2RTGE,L5TGE,L2RTGE / L5TGE,0.3771695252838215,2_19
2365,2_19_chr7_27168362_27168894_fw,reverse,SNP,177,0.0151463289406127,206,0.007439777528982628,L2RTGE,L5TGE,L2RTGE / L5TGE,1.0256367796054817,2_19
2366,2_19_chr7_27168362_27168894_fw,reverse,noSNP,137,0.01172342974499401,181,0.00653689190653328,L2RTGE,L5TGE,L2RTGE / L5TGE,0.8427179525830237,2_19
2367,2_1_chr10_24208466_24209279_fw,forward,SNP,12,0.0010268697586856067,107,0.00386435046408321,L2RTGE,L5TGE,L2RTGE / L5TGE,-1.9119727289742885,2_1
2368,2_1_chr10_24208466_24209279_fw,forward,noSNP,14,0.001198014718466541,78,0.002817003142041966,L2RTGE,L5TGE,L2RTGE / L5TGE,-1.2335155400989417,2_1
2369,2_1_chr10_24208466_24209279_fw,reverse,SNP,1,8.557247989046722e-05,166,0.005995160533063672,L2RTGE,L5TGE,L2RTGE / L5TGE,-6.130507674641223,2_1
2370,2_20_chr7_7566677_7567687_fw,forward,SNP,4,0.0003422899195618689,34,0.0012279244465311135,L2RTGE,L5TGE,L2RTGE / L5TGE,-1.8429310845446372,2_20
2371,2_20_chr7_7566677_7567687_fw,forward,noSNP,4,0.0003422899195618689,11,0.0003972696738777132,L2RTGE,L5TGE,L2RTGE / L5TGE,-0.21489986193159488,2_20
2372,2_20_chr7_7566677_7567687_fw,reverse,noSNP,30,0.002567174396714017,158,0.00570623713387988,L2RTGE,L5TGE,L2RTGE / L5TGE,-1.1523583958628818,2_20
2373,2_22_chr10_122375105_122375476_rc__2_21_chr10_122375073_122375541_fw,forward,SNP,6,0.0005134348793428033,80,0.002889233991837914,L2RTGE,L5TGE,L2RTGE / L5TGE,-2.4924338374605037,2_22
2374,2_22_chr10_122375105_122375476_rc__2_21_chr10_122375073_122375541_fw,forward,noSNP,6,0.0005134348793428033,70,0.0025280797428581746,L2RTGE,L5TGE,L2RTGE / L5TGE,-2.299788759518108,2_22
2375,2_22_chr10_122375105_122375476_rc__2_21_chr10_122375073_122375541_fw,reverse,SNP,12,0.0010268697586856067,39,0.001408501571020983,L2RTGE,L5TGE,L2RTGE / L5TGE,-0.4559079614353897,2_22
2376,2_22_chr10_122375105_122375476_rc__2_21_chr10_122375073_122375541_fw,reverse,noSNP,10,0.0008557247989046722,52,0.001878002094694644,L2RTGE,L5TGE,L2RTGE / L5TGE,-1.1339798665480274,2_22
2377,2_23_chr12_53046798_53047380_fw__2_24_chr12_53046888_53047426_rc,forward,SNP,1,8.557247989046722e-05,41,0.001480732420816931,L2RTGE,L5TGE,L2RTGE / L5TGE,-4.113020247912382,2_23
2378,2_23_chr12_53046798_53047380_fw__2_24_chr12_53046888_53047426_rc,forward,noSNP,8,0.0006845798391237378,54,0.001950232944490592,L2RTGE,L5TGE,L2RTGE / L5TGE,-1.510355745457766,2_23
2379,2_23_chr12_53046798_53047380_fw__2_24_chr12_53046888_53047426_rc,reverse,SNP,12,0.0010268697586856067,48,0.0017335403951027485,L2RTGE,L5TGE,L2RTGE / L5TGE,-0.7554682432942976,2_23
2380,2_23_chr12_53046798_53047380_fw__2_24_chr12_53046888_53047426_rc,reverse,noSNP,12,0.0010268697586856067,51,0.0018418866697966702,L2RTGE,L5TGE,L2RTGE / L5TGE,-0.8429310845446369,2_23
2381,2_32_chr22_44023936_44024267_rc__2_31_chr22_44023811_44024452_fw,forward,SNP,33,0.0028238918363854186,68,0.002455848893062227,L2RTGE,L5TGE,L2RTGE / L5TGE,0.20146303481381642,2_32
2382,2_32_chr22_44023936_44024267_rc__2_31_chr22_44023811_44024452_fw,forward,noSNP,21,0.0017970220776998118,50,0.0018057712448986962,L2RTGE,L5TGE,L2RTGE / L5TGE,-0.007007010290261997,2_32
2383,2_32_chr22_44023936_44024267_rc__2_31_chr22_44023811_44024452_fw,reverse,SNP,35,0.002995036796166353,62,0.002239156343674383,L2RTGE,L5TGE,L2RTGE / L5TGE,0.41961846326379376,2_32
2384,2_32_chr22_44023936_44024267_rc__2_31_chr22_44023811_44024452_fw,reverse,noSNP,1,8.557247989046722e-05,76,0.002744772292246018,L2RTGE,L5TGE,L2RTGE / L5TGE,-5.003395756737883,2_32
2385,2_33_chr5_132369336_132370461_fw__2_34_chr5_132369418_132370280_rc,forward,SNP,7,0.0005990073592332706,24,0.0008667701975513742,L2RTGE,L5TGE,L2RTGE / L5TGE,-0.5330758219578499,2_33
2386,2_33_chr5_132369336_132370461_fw__2_34_chr5_132369418_132370280_rc,forward,noSNP,22,0.0018825945575902789,37,0.0013362707212250353,L2RTGE,L5TGE,L2RTGE / L5TGE,0.49451000971404974,2_33
2387,2_33_chr5_132369336_132370461_fw__2_34_chr5_132369418_132370280_rc,reverse,SNP,1,8.557247989046722e-05,23,0.0008306547726534003,L2RTGE,L5TGE,L2RTGE / L5TGE,-3.2790301993513102,2_33
2388,2_33_chr5_132369336_132370461_fw__2_34_chr5_132369418_132370280_rc,reverse,noSNP,5,0.0004278623994523361,34,0.0012279244465311135,L2RTGE,L5TGE,L2RTGE / L5TGE,-1.5210029896572748,2_33
2389,2_39_chr14_100375283_100375730_rc__2_35_chr14_100375283_100375730_rc,forward,SNP,93,0.007958240629813451,295,0.010654050344902308,L2RTGE,L5TGE,L2RTGE / L5TGE,-0.42088057643546994,2_39
2390,2_39_chr14_100375283_100375730_rc__2_35_chr14_100375283_100375730_rc,forward,noSNP,122,0.010439842546637,289,0.010437357795514465,L2RTGE,L5TGE,L2RTGE / L5TGE,0.0003434117679096708,2_39
2391,2_39_chr14_100375283_100375730_rc__2_35_chr14_100375283_100375730_rc,reverse,SNP,33,0.0028238918363854186,167,0.006031275957961646,L2RTGE,L5TGE,L2RTGE / L5TGE,-1.0947784164098964,2_39
2392,2_39_chr14_100375283_100375730_rc__2_35_chr14_100375283_100375730_rc,reverse,noSNP,45,0.0038507615950710253,218,0.007873162627758315,L2RTGE,L5TGE,L2RTGE / L5TGE,-1.031799471741549,2_39
2393,2_3_chr10_71888998_71889183_rc,forward,SNP,4,0.0003422899195618689,37,0.0013362707212250353,L2RTGE,L5TGE,L2RTGE / L5TGE,-1.9649216089232473,2_3
2394,2_3_chr10_71888998_71889183_rc,forward,noSNP,5,0.0004278623994523361,14,0.0005056159485716349,L2RTGE,L5TGE,L2RTGE / L5TGE,-0.2408950704645393,2_3
2395,2_40_chr2_27890876_27891263_rc__2_36_chr2_27890876_27891263_rc,forward,SNP,28,0.002396029436933082,54,0.001950232944490592,L2RTGE,L5TGE,L2RTGE / L5TGE,0.29699917659983804,2_40
2396,2_40_chr2_27890876_27891263_rc__2_36_chr2_27890876_27891263_rc,forward,noSNP,17,0.0014547321581379429,40,0.001444616995918957,L2RTGE,L5TGE,L2RTGE / L5TGE,0.010066503068679504,2_40
2397,2_40_chr2_27890876_27891263_rc__2_36_chr2_27890876_27891263_rc,reverse,SNP,23,0.001968167037480746,47,0.0016974249702047745,L2RTGE,L5TGE,L2RTGE / L5TGE,0.2135048610850779,2_40
2398,2_40_chr2_27890876_27891263_rc__2_36_chr2_27890876_27891263_rc,reverse,noSNP,11,0.0009412972787951394,32,0.0011556935967351656,L2RTGE,L5TGE,L2RTGE / L5TGE,-0.2960366246570003,2_40
2399,2_41_chr2_29114692_29115684_fw__2_37_chr2_29114692_29115684_fw,forward,SNP,18,0.00154030463802841,91,0.0032865036657156272,L2RTGE,L5TGE,L2RTGE / L5TGE,-1.0933378820506816,2_41
2400,2_41_chr2_29114692_29115684_fw__2_37_chr2_29114692_29115684_fw,forward,noSNP,5,0.0004278623994523361,37,0.0013362707212250353,L2RTGE,L5TGE,L2RTGE / L5TGE,-1.6429935140358851,2_41
2401,2_41_chr2_29114692_29115684_fw__2_37_chr2_29114692_29115684_fw,reverse,SNP,23,0.001968167037480746,80,0.002889233991837914,L2RTGE,L5TGE,L2RTGE / L5TGE,-0.553834382124647,2_41
2402,2_41_chr2_29114692_29115684_fw__2_37_chr2_29114692_29115684_fw,reverse,noSNP,11,0.0009412972787951394,51,0.0018418866697966702,L2RTGE,L5TGE,L2RTGE / L5TGE,-0.9684619666284959,2_41
2403,2_42_chr7_158818580_158818984_rc__2_38_chr7_158818580_158818984_rc,forward,noSNP,67,0.005733356152661304,275,0.00993174184694283,L2RTGE,L5TGE,L2RTGE / L5TGE,-0.7926668612485472,2_42
2404,2_42_chr7_158818580_158818984_rc__2_38_chr7_158818580_158818984_rc,reverse,SNP,25,0.0021393119972616804,254,0.009173317924085376,L2RTGE,L5TGE,L2RTGE / L5TGE,-2.1002967402917387,2_42
2405,2_42_chr7_158818580_158818984_rc__2_38_chr7_158818580_158818984_rc,reverse,noSNP,8,0.0006845798391237378,230,0.008306547726534002,L2RTGE,L5TGE,L2RTGE / L5TGE,-3.600958294238673,2_42
2406,2_5_chr12_2959230_2960351_fw,forward,SNP,3,0.00025671743967140166,33,0.0011918090216331396,L2RTGE,L5TGE,L2RTGE / L5TGE,-2.214899861931595,2_5
2407,2_5_chr12_2959230_2960351_fw,forward,noSNP,4,0.0003422899195618689,34,0.0012279244465311135,L2RTGE,L5TGE,L2RTGE / L5TGE,-1.8429310845446372,2_5
2408,2_5_chr12_2959230_2960351_fw,reverse,SNP,2,0.00017114495978093444,41,0.001480732420816931,L2RTGE,L5TGE,L2RTGE / L5TGE,-3.1130202479123814,2_5
2409,2_5_chr12_2959230_2960351_fw,reverse,noSNP,4,0.0003422899195618689,38,0.001372386146123009,L2RTGE,L5TGE,L2RTGE / L5TGE,-2.0033957567378833,2_5
2410,2_6_chr12_57611320_57611561_fw,forward,noSNP,4,0.0003422899195618689,59,0.0021308100689804614,L2RTGE,L5TGE,L2RTGE / L5TGE,-2.6381112926561388,2_6
2411,2_6_chr12_57611320_57611561_fw,reverse,noSNP,11,0.0009412972787951394,44,0.0015890786955108527,L2RTGE,L5TGE,L2RTGE / L5TGE,-0.7554682432942976,2_6
2412,2_7_chr14_75069209_75069609_rc,forward,SNP,142,0.012151292144446347,320,0.011556935967351656,L2RTGE,L5TGE,L2RTGE / L5TGE,0.07235078132302221,2_7
2413,2_7_chr14_75069209_75069609_rc,forward,noSNP,11,0.0009412972787951394,29,0.0010473473220412438,L2RTGE,L5TGE,L2RTGE / L5TGE,-0.1540176197845724,2_7
2414,2_7_chr14_75069209_75069609_rc,reverse,SNP,52,0.004449768954304296,221,0.007981508902452238,L2RTGE,L5TGE,L2RTGE / L5TGE,-0.8429310845446369,2_7
2415,2_7_chr14_75069209_75069609_rc,reverse,noSNP,7,0.0005990073592332706,42,0.0015168478457149048,L2RTGE,L5TGE,L2RTGE / L5TGE,-1.3404307440154537,2_7
2416,3,reverse,SNP,3,0.00025671743967140166,70,0.0025280797428581746,L2RTGE,L5TGE,L2RTGE / L5TGE,-3.299788759518108,3
2417,4,forward,any_SNP,34,0.0029094643162758858,1009,0.03644046372205569,L2RTGE,L5TGE,L2RTGE / L5TGE,-3.6467158611503154,4
2418,4,reverse,any_SNP,141,0.012065719664555878,687,0.024811296904908086,L2RTGE,L5TGE,L2RTGE / L5TGE,-1.0400831797136043,4
2419,8,any_orientation,any_SNP,41,0.0035084716755091564,358,0.012929322113474665,L2RTGE,L5TGE,L2RTGE / L5TGE,-1.8817320159404702,8
2420,9,any_orientation,any_SNP,21,0.0017970220776998118,1641,0.05926541225757521,L2RTGE,L5TGE,L2RTGE / L5TGE,-5.04351034402925,9
2421,CMV,any_orientation,any_SNP,128,0.010953277425979804,76,0.002744772292246018,L2RTGE,L5TGE,L2RTGE / L5TGE,1.996604243262117,CMV
2422,SV40,any_orientation,any_SNP,16,0.0013691596782474755,19,0.0006861930730615045,L2RTGE,L5TGE,L2RTGE / L5TGE,0.9966042432621169,SV40
2423,1_11_chr11_65418158_65418613_bi,forward,noSNP,7,0.0005990073592332706,16,0.0003843474500948858,L2RTGE,L6TGE,L2RTGE / L6TGE,0.6401626305463733,1_11
2424,1_11_chr11_65418158_65418613_bi,reverse,noSNP,10,0.0008557247989046722,21,0.0005044560282495376,L2RTGE,L6TGE,L2RTGE / L6TGE,0.7624183805973713,1_11
2425,1_14_chr14_60655620_60656040_bi,reverse,noSNP,4,0.0003422899195618689,16,0.0003843474500948858,L2RTGE,L6TGE,L2RTGE / L6TGE,-0.1671922915112307,1_14
2426,1_15_chr15_40098659_40099167_bi,forward,noSNP,6,0.0005134348793428033,6,0.00014413029378558217,L2RTGE,L6TGE,L2RTGE / L6TGE,1.8328077084887693,1_15
2427,1_15_chr15_40098659_40099167_bi,reverse,noSNP,3,0.00025671743967140166,15,0.0003603257344639554,L2RTGE,L6TGE,L2RTGE / L6TGE,-0.489120386398593,1_15
2428,1_16_chr16_30805349_30805831_bi,forward,noSNP,335,0.02866678076330652,614,0.014749333397391241,L2RTGE,L6TGE,L2RTGE / L6TGE,0.9587301484637248,1_16
2429,1_16_chr16_30805349_30805831_bi,reverse,noSNP,215,0.018398083176450454,551,0.01323596531264263,L2RTGE,L6TGE,L2RTGE / L6TGE,0.475092049507072,1_16
2430,1_17_chr16_73068918_73069480_bi,forward,noSNP,78,0.0066746534314564435,114,0.0027384755819260614,L2RTGE,L6TGE,L2RTGE / L6TGE,1.2853199131862758,1_17
2431,1_17_chr16_73068918_73069480_bi,reverse,noSNP,24,0.0020537395173712133,43,0.0010329337721300055,L2RTGE,L6TGE,L2RTGE / L6TGE,0.9915054545078276,1_17
2432,1_18_chr16_74297506_74297928_bi,forward,noSNP,167,0.014290604141708027,291,0.006990319248600735,L2RTGE,L6TGE,L2RTGE / L6TGE,1.031636658054538,1_18
2433,1_18_chr16_74297506_74297928_bi,reverse,noSNP,118,0.010097552627075132,16,0.0003843474500948858,L2RTGE,L6TGE,L2RTGE / L6TGE,4.71545075785061,1_18
2434,1_19_chr16_807619_808176_bi,forward,SNP,13,0.001112442238576074,17,0.00040836916572581616,L2RTGE,L6TGE,L2RTGE / L6TGE,1.4457845853795221,1_19
2435,1_19_chr16_807619_808176_bi,forward,noSNP,10,0.0008557247989046722,14,0.00033630401883302503,L2RTGE,L6TGE,L2RTGE / L6TGE,1.3473808813185275,1_19
2436,1_19_chr16_807619_808176_bi,reverse,SNP,18,0.00154030463802841,8,0.0001921737250474429,L2RTGE,L6TGE,L2RTGE / L6TGE,3.002732709931082,1_19
2437,1_19_chr16_807619_808176_bi,reverse,noSNP,42,0.0035940441553996235,52,0.0012491292128083789,L2RTGE,L6TGE,L2RTGE / L6TGE,1.5246854131264373,1_19
2438,1_1_chr1_156748909_156749379_bi,forward,noSNP,2,0.00017114495978093444,108,0.002594345288140479,L2RTGE,L6TGE,L2RTGE / L6TGE,-3.922079793674699,1_1
2439,1_20_chr16_87853532_87854041_bi,forward,SNP,5,0.0004278623994523361,18,0.0004323908813567465,L2RTGE,L6TGE,L2RTGE / L6TGE,-0.015189198066180699,1_20
2440,1_20_chr16_87853532_87854041_bi,forward,noSNP,7,0.0005990073592332706,14,0.00033630401883302503,L2RTGE,L6TGE,L2RTGE / L6TGE,0.8328077084887693,1_20
2441,1_20_chr16_87853532_87854041_bi,reverse,SNP,31,0.002652746876604484,32,0.0007686949001897716,L2RTGE,L6TGE,L2RTGE / L6TGE,1.7870040188756446,1_20
2442,1_20_chr16_87853532_87854041_bi,reverse,noSNP,54,0.00462091391408523,37,0.0008888034783444234,L2RTGE,L6TGE,L2RTGE / L6TGE,2.3782418450232883,1_20
2443,1_23_chr2_70142583_70143144_bi,forward,SNP,84,0.007188088310799247,52,0.0012491292128083789,L2RTGE,L6TGE,L2RTGE / L6TGE,2.5246854131264373,1_23
2444,1_23_chr2_70142583_70143144_bi,reverse,SNP,5,0.0004278623994523361,17,0.00040836916572581616,L2RTGE,L6TGE,L2RTGE / L6TGE,0.06727296212579233,1_23
2445,1_23_chr2_70142583_70143144_bi,reverse,noSNP,100,0.008557247989046722,697,0.016743135794758463,L2RTGE,L6TGE,L2RTGE / L6TGE,-0.9683509476049291,1_23
2446,1_24_chr21_29002584_29003015_bi,forward,noSNP,95,0.008129385589594387,122,0.002930649306973504,L2RTGE,L6TGE,L2RTGE / L6TGE,1.4719259792568309,1_24
2447,1_24_chr21_29002584_29003015_bi,reverse,noSNP,43,0.0036796166352900906,116,0.002786519013187922,L2RTGE,L6TGE,L2RTGE / L6TGE,0.40109146806329504,1_24
2448,1_25_chr22_36465359_36465803_bi,forward,noSNP,36,0.00308060927605682,91,0.0021859761224146627,L2RTGE,L6TGE,L2RTGE / L6TGE,0.4949380697323855,1_25
2449,1_25_chr22_36465359_36465803_bi,reverse,noSNP,22,0.0018825945575902789,139,0.0033390184726993202,L2RTGE,L6TGE,L2RTGE / L6TGE,-0.8267017455974408,1_25
2450,1_26_chr22_40651538_40652054_bi,forward,noSNP,57,0.004877631353756632,748,0.01796824329193591,L2RTGE,L6TGE,L2RTGE / L6TGE,-1.8811967372341256,1_26
2451,1_26_chr22_40651538_40652054_bi,reverse,noSNP,176,0.015060756460722231,868,0.020850849167647553,L2RTGE,L6TGE,L2RTGE / L6TGE,-0.4693119053184127,1_26
2452,1_28_chr7_1532728_1533226_bi,forward,noSNP,17,0.0014547321581379429,12,0.00028826058757116434,L2RTGE,L6TGE,L2RTGE / L6TGE,2.3353080490179523,1_28
2453,1_28_chr7_1532728_1533226_bi,reverse,noSNP,12,0.0010268697586856067,12,0.00028826058757116434,L2RTGE,L6TGE,L2RTGE / L6TGE,1.8328077084887693,1_28
2454,1_29_chr7_25856979_25857429_bi,forward,SNP,25,0.0021393119972616804,45,0.0010809772033918662,L2RTGE,L6TGE,L2RTGE / L6TGE,0.9848108019338193,1_29
2455,1_29_chr7_25856979_25857429_bi,reverse,SNP,39,0.0033373267157282217,78,0.001873693819212568,L2RTGE,L6TGE,L2RTGE / L6TGE,0.8328077084887695,1_29
2456,1_30_chr9_126805681_126806202_bi,forward,noSNP,34,0.0029094643162758858,229,0.005500972879483053,L2RTGE,L6TGE,L2RTGE / L6TGE,-0.9189332383578352,1_30
2457,1_30_chr9_126805681_126806202_bi,reverse,noSNP,72,0.00616121855211364,207,0.004972495135602585,L2RTGE,L6TGE,L2RTGE / L6TGE,0.3092457524317562,1_30
2458,1_5_chr1_33127099_33127603_bi,forward,noSNP,86,0.007359233270580181,402,0.009656729683634005,L2RTGE,L6TGE,L2RTGE / L6TGE,-0.39197922798806134,1_5
2459,1_5_chr1_33127099_33127603_bi,reverse,noSNP,227,0.01942495293513606,420,0.010089120564990752,L2RTGE,L6TGE,L2RTGE / L6TGE,0.9451106781135618,1_5
2460,1_7_chr10_110211049_110211924_bi,forward,noSNP,45,0.0038507615950710253,230,0.005524994595113983,L2RTGE,L6TGE,L2RTGE / L6TGE,-0.5208292461259313,1_7
2461,1_7_chr10_110211049_110211924_bi,reverse,noSNP,59,0.005048776313537566,35,0.0008407600470825626,L2RTGE,L6TGE,L2RTGE / L6TGE,2.586167740905644,1_7
2462,1_8_chr10_4663047_4663594_bi,forward,noSNP,674,0.05767585144617491,420,0.010089120564990752,L2RTGE,L6TGE,L2RTGE / L6TGE,2.515166972004505,1_8
2463,1_8_chr10_4663047_4663594_bi,reverse,noSNP,1595,0.13648810542529521,527,0.0126594441375003,L2RTGE,L6TGE,L2RTGE / L6TGE,3.430489265503786,1_8
2464,1_9_chr10_71860316_71860874_bi,forward,noSNP,26,0.002224884477152148,54,0.0012971726440702395,L2RTGE,L6TGE,L2RTGE / L6TGE,0.778359924466393,1_9
2465,1_9_chr10_71860316_71860874_bi,reverse,noSNP,69,0.005904501112442238,35,0.0008407600470825626,L2RTGE,L6TGE,L2RTGE / L6TGE,2.8120491483219716,1_9
2466,22,any_orientation,any_SNP,231,0.019767242854697928,6123,0.1470849648081866,L2RTGE,L6TGE,L2RTGE / L6TGE,-2.895466217849049,22
2467,2_10_chr16_3305171_3305501_rc,forward,SNP,279,0.023874721889440356,469,0.01126618463090634,L2RTGE,L6TGE,L2RTGE / L6TGE,1.0834849078025803,2_10
2468,2_10_chr16_3305171_3305501_rc,forward,noSNP,344,0.029436933082320725,463,0.011122054337120758,L2RTGE,L6TGE,L2RTGE / L6TGE,1.4042040799306308,2_10
2469,2_10_chr16_3305171_3305501_rc,reverse,SNP,1,8.557247989046722e-05,282,0.006774123807922362,L2RTGE,L6TGE,L2RTGE / L6TGE,-6.306743643910024,2_10
2470,2_10_chr16_3305171_3305501_rc,reverse,noSNP,130,0.01112442238576074,354,0.008503687333349347,L2RTGE,L6TGE,L2RTGE / L6TGE,0.3875699714342266,2_10
2471,2_12_chr17_58692543_58692822_fw,forward,noSNP,31,0.002652746876604484,76,0.0018256503879507074,L2RTGE,L6TGE,L2RTGE / L6TGE,0.5390765054320591,2_12
2472,2_12_chr17_58692543_58692822_fw,reverse,noSNP,29,0.0024816019168235498,80,0.001921737250474429,L2RTGE,L6TGE,L2RTGE / L6TGE,0.36886060872897924,2_12
2473,2_13_chr19_41397182_41397493_rc,forward,SNP,18,0.00154030463802841,352,0.008455643902087487,L2RTGE,L6TGE,L2RTGE / L6TGE,-2.4566989087062154,2_13
2474,2_13_chr19_41397182_41397493_rc,forward,noSNP,27,0.002310456957042615,491,0.011794662374786807,L2RTGE,L6TGE,L2RTGE / L6TGE,-2.3518840036624553,2_13
2475,2_13_chr19_41397182_41397493_rc,reverse,SNP,1,8.557247989046722e-05,331,0.00795118787383795,L2RTGE,L6TGE,L2RTGE / L6TGE,-6.537879698318449,2_13
2476,2_13_chr19_41397182_41397493_rc,reverse,noSNP,101,0.00864282046893719,391,0.009392490811693771,L2RTGE,L6TGE,L2RTGE / L6TGE,-0.12000560606678813,2_13
2477,2_15_chr3_122793601_122793905_rc,forward,SNP,35,0.002995036796166353,149,0.003579235629008624,L2RTGE,L6TGE,L2RTGE / L6TGE,-0.2570777950284258,2_15
2478,2_15_chr3_122793601_122793905_rc,forward,noSNP,30,0.002567174396714017,151,0.0036272790602704845,L2RTGE,L6TGE,L2RTGE / L6TGE,-0.49870643522779085,2_15
2479,2_15_chr3_122793601_122793905_rc,reverse,SNP,39,0.0033373267157282217,119,0.002858584160080713,L2RTGE,L6TGE,L2RTGE / L6TGE,0.22339216404307424,2_15
2480,2_15_chr3_122793601_122793905_rc,reverse,noSNP,24,0.0020537395173712133,97,0.002330106416200245,L2RTGE,L6TGE,L2RTGE / L6TGE,-0.18214263297720223,2_15
2481,2_16_chr6_108562603_108562763_rc,forward,SNP,130,0.01112442238576074,316,0.007590862139373994,L2RTGE,L6TGE,L2RTGE / L6TGE,0.551394773340121,2_16
2482,2_16_chr6_108562603_108562763_rc,forward,noSNP,119,0.010183125106965599,16,0.0003843474500948858,L2RTGE,L6TGE,L2RTGE / L6TGE,4.7276254717967126,2_16
2483,2_16_chr6_108562603_108562763_rc,reverse,SNP,109,0.009327400308060927,8,0.0001921737250474429,L2RTGE,L6TGE,L2RTGE / L6TGE,5.600992033265696,2_16
2484,2_16_chr6_108562603_108562763_rc,reverse,noSNP,86,0.007359233270580181,8,0.0001921737250474429,L2RTGE,L6TGE,L2RTGE / L6TGE,5.259072463190868,2_16
2485,2_17_chr7_149685_149919_fw,forward,SNP,6,0.0005134348793428033,109,0.0026183670037714093,L2RTGE,L6TGE,L2RTGE / L6TGE,-2.3504141155670006,2_17
2486,2_17_chr7_149685_149919_fw,forward,noSNP,6,0.0005134348793428033,100,0.002402171563093036,L2RTGE,L6TGE,L2RTGE / L6TGE,-2.226085980564799,2_17
2487,2_17_chr7_149685_149919_fw,reverse,SNP,12,0.0010268697586856067,106,0.0025463018568786184,L2RTGE,L6TGE,L2RTGE / L6TGE,-1.3101502453532736,2_17
2488,2_17_chr7_149685_149919_fw,reverse,noSNP,16,0.0013691596782474755,90,0.0021619544067837324,L2RTGE,L6TGE,L2RTGE / L6TGE,-0.6590453878409054,2_17
2489,2_19_chr7_27168362_27168894_fw,forward,SNP,110,0.009412972787951395,355,0.008527709048980278,L2RTGE,L6TGE,L2RTGE / L6TGE,0.1424922076213847,2_19
2490,2_19_chr7_27168362_27168894_fw,forward,noSNP,74,0.006332363511894575,223,0.00535684258569747,L2RTGE,L6TGE,L2RTGE / L6TGE,0.24136117419741468,2_19
2491,2_19_chr7_27168362_27168894_fw,reverse,SNP,177,0.0151463289406127,436,0.010473468015085637,L2RTGE,L6TGE,L2RTGE / L6TGE,0.5322289337948405,2_19
2492,2_19_chr7_27168362_27168894_fw,reverse,noSNP,137,0.01172342974499401,352,0.008455643902087487,L2RTGE,L6TGE,L2RTGE / L6TGE,0.4714081728119989,2_19
2493,2_1_chr10_24208466_24209279_fw,forward,SNP,12,0.0010268697586856067,149,0.003579235629008624,L2RTGE,L6TGE,L2RTGE / L6TGE,-1.8013983112522363,2_1
2494,2_1_chr10_24208466_24209279_fw,forward,noSNP,14,0.001198014718466541,89,0.002137932691152802,L2RTGE,L6TGE,L2RTGE / L6TGE,-0.8355708004200244,2_1
2495,2_1_chr10_24208466_24209279_fw,reverse,SNP,1,8.557247989046722e-05,245,0.005885320329577938,L2RTGE,L6TGE,L2RTGE / L6TGE,-6.103830230513801,2_1
2496,2_1_chr10_24208466_24209279_fw,reverse,noSNP,2,0.00017114495978093444,215,0.005164668860650028,L2RTGE,L6TGE,L2RTGE / L6TGE,-4.915385141100691,2_1
2497,2_20_chr7_7566677_7567687_fw,forward,SNP,4,0.0003422899195618689,50,0.001201085781546518,L2RTGE,L6TGE,L2RTGE / L6TGE,-1.8110484812859553,2_20
2498,2_20_chr7_7566677_7567687_fw,forward,noSNP,4,0.0003422899195618689,117,0.0028105407288188523,L2RTGE,L6TGE,L2RTGE / L6TGE,-3.037557011094635,2_20
2499,2_20_chr7_7566677_7567687_fw,reverse,noSNP,30,0.002567174396714017,199,0.004780321410555142,L2RTGE,L6TGE,L2RTGE / L6TGE,-0.8969263164463607,2_20
2500,2_22_chr10_122375105_122375476_rc__2_21_chr10_122375073_122375541_fw,forward,SNP,6,0.0005134348793428033,129,0.0030988013163900166,L2RTGE,L6TGE,L2RTGE / L6TGE,-2.5934570462133286,2_22
2501,2_22_chr10_122375105_122375476_rc__2_21_chr10_122375073_122375541_fw,forward,noSNP,6,0.0005134348793428033,128,0.0030747796007590863,L2RTGE,L6TGE,L2RTGE / L6TGE,-2.5822297907900746,2_22
2502,2_22_chr10_122375105_122375476_rc__2_21_chr10_122375073_122375541_fw,reverse,SNP,12,0.0010268697586856067,74,0.0017776069566888468,L2RTGE,L6TGE,L2RTGE / L6TGE,-0.7916831564190242,2_22
2503,2_22_chr10_122375105_122375476_rc__2_21_chr10_122375073_122375541_fw,reverse,noSNP,10,0.0008557247989046722,80,0.001921737250474429,L2RTGE,L6TGE,L2RTGE / L6TGE,-1.1671922915112307,2_22
2504,2_23_chr12_53046798_53047380_fw__2_24_chr12_53046888_53047426_rc,forward,SNP,1,8.557247989046722e-05,74,0.0017776069566888468,L2RTGE,L6TGE,L2RTGE / L6TGE,-4.37664565714018,2_23
2505,2_23_chr12_53046798_53047380_fw__2_24_chr12_53046888_53047426_rc,forward,noSNP,8,0.0006845798391237378,71,0.0017055418097960556,L2RTGE,L6TGE,L2RTGE / L6TGE,-1.3169394110159127,2_23
2506,2_23_chr12_53046798_53047380_fw__2_24_chr12_53046888_53047426_rc,reverse,SNP,12,0.0010268697586856067,78,0.001873693819212568,L2RTGE,L6TGE,L2RTGE / L6TGE,-0.8676320096523227,2_23
2507,2_23_chr12_53046798_53047380_fw__2_24_chr12_53046888_53047426_rc,reverse,noSNP,12,0.0010268697586856067,79,0.0018977155348434986,L2RTGE,L6TGE,L2RTGE / L6TGE,-0.8860105389671775,2_23
2508,2_32_chr22_44023936_44024267_rc__2_31_chr22_44023811_44024452_fw,forward,SNP,33,0.0028238918363854186,114,0.0027384755819260614,L2RTGE,L6TGE,L2RTGE / L6TGE,0.04431181368248104,2_32
2509,2_32_chr22_44023936_44024267_rc__2_31_chr22_44023811_44024452_fw,forward,noSNP,21,0.0017970220776998118,91,0.0021859761224146627,L2RTGE,L6TGE,L2RTGE / L6TGE,-0.28266950893116655,2_32
2510,2_32_chr22_44023936_44024267_rc__2_31_chr22_44023811_44024452_fw,reverse,SNP,35,0.002995036796166353,89,0.002137932691152802,L2RTGE,L6TGE,L2RTGE / L6TGE,0.4863572944673382,2_32
2511,2_32_chr22_44023936_44024267_rc__2_31_chr22_44023811_44024452_fw,reverse,noSNP,1,8.557247989046722e-05,107,0.0025703235725095487,L2RTGE,L6TGE,L2RTGE / L6TGE,-4.908659277912378,2_32
2512,2_33_chr5_132369336_132370461_fw__2_34_chr5_132369418_132370280_rc,forward,SNP,7,0.0005990073592332706,46,0.0011049989190227967,L2RTGE,L6TGE,L2RTGE / L6TGE,-0.8833993255106396,2_33
2513,2_33_chr5_132369336_132370461_fw__2_34_chr5_132369418_132370280_rc,forward,noSNP,22,0.0018825945575902789,56,0.0013452160753321001,L2RTGE,L6TGE,L2RTGE / L6TGE,0.48488440506846253,2_33
2514,2_33_chr5_132369336_132370461_fw__2_34_chr5_132369418_132370280_rc,reverse,SNP,1,8.557247989046722e-05,39,0.000936846909606284,L2RTGE,L6TGE,L2RTGE / L6TGE,-3.452594510373479,2_33
2515,2_33_chr5_132369336_132370461_fw__2_34_chr5_132369418_132370280_rc,reverse,noSNP,5,0.0004278623994523361,53,0.0012731509284393092,L2RTGE,L6TGE,L2RTGE / L6TGE,-1.5731846511870677,2_33
2516,2_39_chr14_100375283_100375730_rc__2_35_chr14_100375283_100375730_rc,forward,SNP,93,0.007958240629813451,441,0.010593576593240289,L2RTGE,L6TGE,L2RTGE / L6TGE,-0.41266832596071984,2_39
2517,2_39_chr14_100375283_100375730_rc__2_35_chr14_100375283_100375730_rc,forward,noSNP,122,0.010439842546637,496,0.011914770952941458,L2RTGE,L6TGE,L2RTGE / L6TGE,-0.1906512643352196,2_39
2518,2_39_chr14_100375283_100375730_rc__2_35_chr14_100375283_100375730_rc,reverse,SNP,33,0.0028238918363854186,321,0.007710970717528646,L2RTGE,L6TGE,L2RTGE / L6TGE,-1.4492276592750801,2_39
2519,2_3_chr10_71888998_71889183_rc,forward,SNP,4,0.0003422899195618689,56,0.0013452160753321001,L2RTGE,L6TGE,L2RTGE / L6TGE,-1.9745472135688347,2_3
2520,2_3_chr10_71888998_71889183_rc,forward,noSNP,5,0.0004278623994523361,33,0.0007927166158207019,L2RTGE,L6TGE,L2RTGE / L6TGE,-0.8896583159823216,2_3
2521,2_40_chr2_27890876_27891263_rc__2_36_chr2_27890876_27891263_rc,forward,SNP,28,0.002396029436933082,68,0.0016334766629032646,L2RTGE,L6TGE,L2RTGE / L6TGE,0.5526997892960339,2_40
2522,2_40_chr2_27890876_27891263_rc__2_36_chr2_27890876_27891263_rc,forward,noSNP,17,0.0014547321581379429,59,0.0014172812222248913,L2RTGE,L6TGE,L2RTGE / L6TGE,0.03762750037726762,2_40
2523,2_40_chr2_27890876_27891263_rc__2_36_chr2_27890876_27891263_rc,reverse,SNP,23,0.001968167037480746,91,0.0021859761224146627,L2RTGE,L6TGE,L2RTGE / L6TGE,-0.15142497565291388,2_40
2524,2_40_chr2_27890876_27891263_rc__2_36_chr2_27890876_27891263_rc,reverse,noSNP,11,0.0009412972787951394,37,0.0008888034783444234,L2RTGE,L6TGE,L2RTGE / L6TGE,0.08278596149711681,2_40
2525,2_41_chr2_29114692_29115684_fw__2_37_chr2_29114692_29115684_fw,forward,SNP,18,0.00154030463802841,164,0.00393956136347258,L2RTGE,L6TGE,L2RTGE / L6TGE,-1.3548192946870021,2_41
2526,2_41_chr2_29114692_29115684_fw__2_37_chr2_29114692_29115684_fw,forward,noSNP,5,0.0004278623994523361,62,0.0014893463691176823,L2RTGE,L6TGE,L2RTGE / L6TGE,-1.7994605070107437,2_41
2527,2_41_chr2_29114692_29115684_fw__2_37_chr2_29114692_29115684_fw,reverse,SNP,23,0.001968167037480746,136,0.0032669533258065293,L2RTGE,L6TGE,L2RTGE / L6TGE,-0.7310931767045572,2_41
2528,2_41_chr2_29114692_29115684_fw__2_37_chr2_29114692_29115684_fw,reverse,noSNP,11,0.0009412972787951394,56,0.0013452160753321001,L2RTGE,L6TGE,L2RTGE / L6TGE,-0.5151155949315375,2_41
2529,2_42_chr7_158818580_158818984_rc__2_38_chr7_158818580_158818984_rc,forward,noSNP,67,0.005733356152661304,392,0.009416512527324701,L2RTGE,L6TGE,L2RTGE / L6TGE,-0.7158129451686664,2_42
2530,2_42_chr7_158818580_158818984_rc__2_38_chr7_158818580_158818984_rc,reverse,SNP,25,0.0021393119972616804,337,0.008095318167623532,L2RTGE,L6TGE,L2RTGE / L6TGE,-1.9199408829183644,2_42
2531,2_5_chr12_2959230_2960351_fw,forward,SNP,3,0.00025671743967140166,45,0.0010809772033918662,L2RTGE,L6TGE,L2RTGE / L6TGE,-2.074082887119749,2_5
2532,2_5_chr12_2959230_2960351_fw,forward,noSNP,4,0.0003422899195618689,54,0.0012971726440702395,L2RTGE,L6TGE,L2RTGE / L6TGE,-1.9220797936746992,2_5
2533,2_5_chr12_2959230_2960351_fw,reverse,SNP,2,0.00017114495978093444,49,0.0011770640659155877,L2RTGE,L6TGE,L2RTGE / L6TGE,-2.781902135626439,2_5
2534,2_5_chr12_2959230_2960351_fw,reverse,noSNP,4,0.0003422899195618689,61,0.001465324653486752,L2RTGE,L6TGE,L2RTGE / L6TGE,-2.097929629074117,2_5
2535,2_6_chr12_57611320_57611561_fw,forward,SNP,3,0.00025671743967140166,67,0.001609454947272334,L2RTGE,L6TGE,L2RTGE / L6TGE,-2.6483189812478467,2_6
2536,2_6_chr12_57611320_57611561_fw,forward,noSNP,4,0.0003422899195618689,44,0.0010569554877609359,L2RTGE,L6TGE,L2RTGE / L6TGE,-1.6266239101485278,2_6
2537,2_6_chr12_57611320_57611561_fw,reverse,SNP,7,0.0005990073592332706,30,0.0007206514689279108,L2RTGE,L6TGE,L2RTGE / L6TGE,-0.26672796506214513,2_6
2538,2_6_chr12_57611320_57611561_fw,reverse,noSNP,11,0.0009412972787951394,35,0.0008407600470825626,L2RTGE,L6TGE,L2RTGE / L6TGE,0.1629563101811002,2_6
2539,2_7_chr14_75069209_75069609_rc,forward,noSNP,11,0.0009412972787951394,5,0.00012010857815465181,L2RTGE,L6TGE,L2RTGE / L6TGE,2.970311232238704,2_7
2540,2_7_chr14_75069209_75069609_rc,reverse,noSNP,7,0.0005990073592332706,12,0.00028826058757116434,L2RTGE,L6TGE,L2RTGE / L6TGE,1.0552001298252174,2_7
2541,3,reverse,SNP,3,0.00025671743967140166,77,0.0018496721035816377,L2RTGE,L6TGE,L2RTGE / L6TGE,-2.8490163314849757,3
2542,4,forward,any_SNP,34,0.0029094643162758858,1491,0.035816378005717166,L2RTGE,L6TGE,L2RTGE / L6TGE,-3.6217939925443337,4
2543,4,reverse,any_SNP,141,0.012065719664555878,979,0.023517259602680824,L2RTGE,L6TGE,L2RTGE / L6TGE,-0.9628059887161323,4
2544,8,any_orientation,any_SNP,41,0.0035084716755091564,461,0.011074010905858897,L2RTGE,L6TGE,L2RTGE / L6TGE,-1.658263227322485,8
2545,9,any_orientation,any_SNP,21,0.0017970220776998118,2473,0.059405702755290786,L2RTGE,L6TGE,L2RTGE / L6TGE,-5.046921393122408,9
2546,CMV,any_orientation,any_SNP,128,0.010953277425979804,101,0.0024261932787239663,L2RTGE,L6TGE,L2RTGE / L6TGE,2.1745962257369746,CMV
2547,SV40,any_orientation,any_SNP,16,0.0013691596782474755,34,0.0008167383314516323,L2RTGE,L6TGE,L2RTGE / L6TGE,0.7453448672384297,SV40
2548,1_14_chr14_60655620_60656040_bi,reverse,noSNP,4,0.0003422899195618689,5,0.00035300762496469926,L2RTGE,L7TGE,L2RTGE / L7TGE,-0.04448054044148489,1_14
2549,1_16_chr16_30805349_30805831_bi,reverse,noSNP,215,0.018398083176450454,7,0.000494210674950579,L2RTGE,L7TGE,L2RTGE / L7TGE,5.218285481977734,1_16
2550,1_17_chr16_73068918_73069480_bi,forward,noSNP,78,0.0066746534314564435,26,0.0018356396498164361,L2RTGE,L7TGE,L2RTGE / L7TGE,1.8624100551670337,1_17
2551,1_17_chr16_73068918_73069480_bi,reverse,noSNP,24,0.0020537395173712133,17,0.0012002259248799774,L2RTGE,L7TGE,L2RTGE / L7TGE,0.7749472139166944,1_17
2552,1_18_chr16_74297506_74297928_bi,forward,noSNP,167,0.014290604141708027,88,0.006212934199378707,L2RTGE,L7TGE,L2RTGE / L7TGE,1.2017202282826325,1_18
2553,1_18_chr16_74297506_74297928_bi,reverse,noSNP,118,0.010097552627075132,103,0.007271957074272804,L2RTGE,L7TGE,L2RTGE / L7TGE,0.47359007662450053,1_18
2554,1_19_chr16_807619_808176_bi,reverse,noSNP,42,0.0035940441553996235,15,0.0010590228748940977,L2RTGE,L7TGE,L2RTGE / L7TGE,1.7628743816161194,1_19
2555,1_1_chr1_156748909_156749379_bi,forward,noSNP,2,0.00017114495978093444,25,0.0017650381248234962,L2RTGE,L7TGE,L2RTGE / L7TGE,-3.366408635328847,1_1
2556,1_20_chr16_87853532_87854041_bi,reverse,SNP,31,0.002652746876604484,9,0.0006354137249364587,L2RTGE,L7TGE,L2RTGE / L7TGE,2.0617188633904404,1_20
2557,1_20_chr16_87853532_87854041_bi,reverse,noSNP,54,0.00462091391408523,19,0.001341428974865857,L2RTGE,L7TGE,L2RTGE / L7TGE,1.7844075431657607,1_20
2558,1_23_chr2_70142583_70143144_bi,forward,SNP,84,0.007188088310799247,30,0.0021180457497881953,L2RTGE,L7TGE,L2RTGE / L7TGE,1.7628743816161194,1_23
2559,1_23_chr2_70142583_70143144_bi,forward,noSNP,3,0.00025671743967140166,328,0.02315730019768427,L2RTGE,L7TGE,L2RTGE / L7TGE,-6.49514194945105,1_23
2560,1_23_chr2_70142583_70143144_bi,reverse,SNP,5,0.0004278623994523361,5,0.00035300762496469926,L2RTGE,L7TGE,L2RTGE / L7TGE,0.27744755444587754,1_23
2561,1_23_chr2_70142583_70143144_bi,reverse,noSNP,100,0.008557247989046722,250,0.017650381248234964,L2RTGE,L7TGE,L2RTGE / L7TGE,-1.044480540441485,1_23
2562,1_24_chr21_29002584_29003015_bi,forward,noSNP,95,0.008129385589594387,52,0.0036712792996328723,L2RTGE,L7TGE,L2RTGE / L7TGE,1.1468634446357333,1_24
2563,1_24_chr21_29002584_29003015_bi,reverse,noSNP,43,0.0036796166352900906,49,0.0034594747246540526,L2RTGE,L7TGE,L2RTGE / L7TGE,0.08900246503276729,1_24
2564,1_25_chr22_36465359_36465803_bi,forward,noSNP,36,0.00308060927605682,23,0.0016238350748376165,L2RTGE,L7TGE,L2RTGE / L7TGE,0.9238105998311771,1_25
2565,1_25_chr22_36465359_36465803_bi,reverse,noSNP,22,0.0018825945575902789,36,0.0025416548997458347,L2RTGE,L7TGE,L2RTGE / L7TGE,-0.43304582835913763,1_25
2566,1_26_chr22_40651538_40652054_bi,forward,noSNP,57,0.004877631353756632,218,0.015391132448460887,L2RTGE,L7TGE,L2RTGE / L7TGE,-1.657846756166307,1_26
2567,1_26_chr22_40651538_40652054_bi,reverse,noSNP,176,0.015060756460722231,331,0.023369104772663088,L2RTGE,L7TGE,L2RTGE / L7TGE,-0.6338082337240427,1_26
2568,1_28_chr7_1532728_1533226_bi,forward,noSNP,17,0.0014547321581379429,13,0.0009178198249082181,L2RTGE,L7TGE,L2RTGE / L7TGE,0.6644706775551248,1_28
2569,1_28_chr7_1532728_1533226_bi,reverse,noSNP,12,0.0010268697586856067,8,0.0005648121999435188,L2RTGE,L7TGE,L2RTGE / L7TGE,0.8624100551670337,1_28
2570,1_29_chr7_25856979_25857429_bi,forward,SNP,25,0.0021393119972616804,14,0.000988421349901158,L2RTGE,L7TGE,L2RTGE / L7TGE,1.1139488221629978,1_29
2571,1_29_chr7_25856979_25857429_bi,reverse,SNP,39,0.0033373267157282217,19,0.001341428974865857,L2RTGE,L7TGE,L2RTGE / L7TGE,1.3149222598645407,1_29
2572,1_30_chr9_126805681_126806202_bi,forward,noSNP,34,0.0029094643162758858,58,0.004094888449590511,L2RTGE,L7TGE,L2RTGE / L7TGE,-0.49307059943135506,1_30
2573,1_30_chr9_126805681_126806202_bi,reverse,noSNP,72,0.00616121855211364,70,0.004942106749505789,L2RTGE,L7TGE,L2RTGE / L7TGE,0.31808953894322367,1_30
2574,1_5_chr1_33127099_33127603_bi,forward,noSNP,86,0.007359233270580181,143,0.010096018073990399,L2RTGE,L7TGE,L2RTGE / L7TGE,-0.45615902763041405,1_5
2575,1_5_chr1_33127099_33127603_bi,reverse,noSNP,227,0.01942495293513606,145,0.010237221123976278,L2RTGE,L7TGE,L2RTGE / L7TGE,0.9240869517218582,1_5
2576,1_7_chr10_110211049_110211924_bi,forward,noSNP,45,0.0038507615950710253,91,0.006424738774357526,L2RTGE,L7TGE,L2RTGE / L7TGE,-0.7384939894231438,1_7
2577,1_7_chr10_110211049_110211924_bi,reverse,noSNP,59,0.005048776313537566,11,0.0007766167749223384,L2RTGE,L7TGE,L2RTGE / L7TGE,2.7006589851704215,1_7
2578,1_8_chr10_4663047_4663594_bi,forward,noSNP,674,0.05767585144617491,148,0.010449025698955098,L2RTGE,L7TGE,L2RTGE / L7TGE,2.4645989699987862,1_8
2579,1_8_chr10_4663047_4663594_bi,reverse,noSNP,1595,0.13648810542529521,186,0.013131883648686811,L2RTGE,L7TGE,L2RTGE / L7TGE,3.377629451990078,1_8
2580,1_9_chr10_71860316_71860874_bi,forward,noSNP,26,0.002224884477152148,25,0.0017650381248234962,L2RTGE,L7TGE,L2RTGE / L7TGE,0.33403108281224514,1_9
2581,1_9_chr10_71860316_71860874_bi,reverse,noSNP,69,0.005904501112442238,18,0.0012708274498729173,L2RTGE,L7TGE,L2RTGE / L7TGE,2.216047009781734,1_9
2582,22,any_orientation,any_SNP,231,0.019767242854697928,2198,0.1551821519344818,L2RTGE,L7TGE,L2RTGE / L7TGE,-2.972779075087296,22
2583,2_10_chr16_3305171_3305501_rc,forward,SNP,279,0.023874721889440356,107,0.007554363174244564,L2RTGE,L7TGE,L2RTGE / L7TGE,1.6601018798739182,2_10
2584,2_10_chr16_3305171_3305501_rc,forward,noSNP,344,0.029436933082320725,170,0.012002259248799774,L2RTGE,L7TGE,L2RTGE / L7TGE,1.2943213730102738,2_10
2585,2_10_chr16_3305171_3305501_rc,reverse,SNP,1,8.557247989046722e-05,101,0.0071307540242869245,L2RTGE,L7TGE,L2RTGE / L7TGE,-6.380763928305917,2_10
2586,2_10_chr16_3305171_3305501_rc,reverse,noSNP,130,0.01112442238576074,105,0.007413160124258684,L2RTGE,L7TGE,L2RTGE / L7TGE,0.5855698498082096,2_10
2587,2_12_chr17_58692543_58692822_fw,forward,noSNP,31,0.002652746876604484,20,0.001412030499858797,L2RTGE,L7TGE,L2RTGE / L7TGE,0.9097157699453905,2_12
2588,2_12_chr17_58692543_58692822_fw,reverse,noSNP,29,0.0024816019168235498,18,0.0012708274498729173,L2RTGE,L7TGE,L2RTGE / L7TGE,0.9655035481311374,2_12
2589,2_13_chr19_41397182_41397493_rc,forward,SNP,18,0.00154030463802841,112,0.007907370799209263,L2RTGE,L7TGE,L2RTGE / L7TGE,-2.3599823661694144,2_13
2590,2_13_chr19_41397182_41397493_rc,forward,noSNP,27,0.002310456957042615,156,0.011013837898898616,L2RTGE,L7TGE,L2RTGE / L7TGE,-2.253067162252902,2_13
2591,2_13_chr19_41397182_41397493_rc,reverse,SNP,1,8.557247989046722e-05,110,0.007766167749223383,L2RTGE,L7TGE,L2RTGE / L7TGE,-6.503912159078782,2_13
2592,2_13_chr19_41397182_41397493_rc,reverse,noSNP,101,0.00864282046893719,139,0.009813611974018638,L2RTGE,L7TGE,L2RTGE / L7TGE,-0.1832820355258349,2_13
2593,2_15_chr3_122793601_122793905_rc,forward,SNP,35,0.002995036796166353,60,0.004236091499576391,L2RTGE,L7TGE,L2RTGE / L7TGE,-0.5001600242176742,2_15
2594,2_15_chr3_122793601_122793905_rc,forward,noSNP,30,0.002567174396714017,55,0.0038830838746116915,L2RTGE,L7TGE,L2RTGE / L7TGE,-0.5970215634702635,2_15
2595,2_15_chr3_122793601_122793905_rc,reverse,SNP,39,0.0033373267157282217,40,0.002824060999717594,L2RTGE,L7TGE,L2RTGE / L7TGE,0.24092167842076365,2_15
2596,2_15_chr3_122793601_122793905_rc,reverse,noSNP,24,0.0020537395173712133,27,0.0019062411748093759,L2RTGE,L7TGE,L2RTGE / L7TGE,0.1075225530035651,2_15
2597,2_16_chr6_108562603_108562763_rc,forward,SNP,130,0.01112442238576074,118,0.008330979949166902,L2RTGE,L7TGE,L2RTGE / L7TGE,0.41717231811249095,2_16
2598,2_16_chr6_108562603_108562763_rc,forward,noSNP,119,0.010183125106965599,105,0.007413160124258684,L2RTGE,L7TGE,L2RTGE / L7TGE,0.45801980008769827,2_16
2599,2_16_chr6_108562603_108562763_rc,reverse,SNP,109,0.009327400308060927,91,0.006424738774357526,L2RTGE,L7TGE,L2RTGE / L7TGE,0.5378372390241076,2_16
2600,2_16_chr6_108562603_108562763_rc,reverse,noSNP,86,0.007359233270580181,83,0.005859926574414007,L2RTGE,L7TGE,L2RTGE / L7TGE,0.32867287780105076,2_16
2601,2_17_chr7_149685_149919_fw,forward,SNP,6,0.0005134348793428033,37,0.0026122564247387744,L2RTGE,L7TGE,L2RTGE / L7TGE,-2.347043310461916,2_17
2602,2_17_chr7_149685_149919_fw,forward,noSNP,6,0.0005134348793428033,34,0.0024004518497599547,L2RTGE,L7TGE,L2RTGE / L7TGE,-2.225052786083306,2_17
2603,2_17_chr7_149685_149919_fw,reverse,SNP,12,0.0010268697586856067,39,0.002753459474724654,L2RTGE,L7TGE,L2RTGE / L7TGE,-1.4229921636952145,2_17
2604,2_17_chr7_149685_149919_fw,reverse,noSNP,16,0.0013691596782474755,29,0.0020474442247952556,L2RTGE,L7TGE,L2RTGE / L7TGE,-0.5805334406816945,2_17
2605,2_19_chr7_27168362_27168894_fw,forward,SNP,110,0.009412972787951395,6,0.0004236091499576391,L2RTGE,L7TGE,L2RTGE / L7TGE,4.473844767249381,2_19
2606,2_19_chr7_27168362_27168894_fw,reverse,SNP,177,0.0151463289406127,7,0.000494210674950579,L2RTGE,L7TGE,L2RTGE / L7TGE,4.937698182471271,2_19
2607,2_19_chr7_27168362_27168894_fw,reverse,noSNP,137,0.01172342974499401,8,0.0005648121999435188,L2RTGE,L7TGE,L2RTGE / L7TGE,4.375479637406404,2_19
2608,2_1_chr10_24208466_24209279_fw,forward,SNP,12,0.0010268697586856067,41,0.002894662524710534,L2RTGE,L7TGE,L2RTGE / L7TGE,-1.4951419494510498,2_1
2609,2_20_chr7_7566677_7567687_fw,forward,SNP,4,0.0003422899195618689,15,0.0010590228748940977,L2RTGE,L7TGE,L2RTGE / L7TGE,-1.6294430411626408,2_20
2610,2_20_chr7_7566677_7567687_fw,forward,noSNP,4,0.0003422899195618689,37,0.0026122564247387744,L2RTGE,L7TGE,L2RTGE / L7TGE,-2.9320058111830725,2_20
2611,2_20_chr7_7566677_7567687_fw,reverse,noSNP,30,0.002567174396714017,69,0.004871505224512849,L2RTGE,L7TGE,L2RTGE / L7TGE,-0.9241863067237726,2_20
2612,2_22_chr10_122375105_122375476_rc__2_21_chr10_122375073_122375541_fw,forward,SNP,6,0.0005134348793428033,49,0.0034594747246540526,L2RTGE,L7TGE,L2RTGE / L7TGE,-2.7522997889481746,2_22
2613,2_22_chr10_122375105_122375476_rc__2_21_chr10_122375073_122375541_fw,forward,noSNP,6,0.0005134348793428033,41,0.002894662524710534,L2RTGE,L7TGE,L2RTGE / L7TGE,-2.49514194945105,2_22
2614,2_22_chr10_122375105_122375476_rc__2_21_chr10_122375073_122375541_fw,reverse,SNP,12,0.0010268697586856067,17,0.0012002259248799774,L2RTGE,L7TGE,L2RTGE / L7TGE,-0.22505278608330562,2_22
2615,2_22_chr10_122375105_122375476_rc__2_21_chr10_122375073_122375541_fw,reverse,noSNP,10,0.0008557247989046722,28,0.001976842699802316,L2RTGE,L7TGE,L2RTGE / L7TGE,-1.2079792727243643,2_22
2616,2_23_chr12_53046798_53047380_fw__2_24_chr12_53046888_53047426_rc,forward,SNP,1,8.557247989046722e-05,24,0.0016944365998305564,L2RTGE,L7TGE,L2RTGE / L7TGE,-4.307514946275279,2_23
2617,2_23_chr12_53046798_53047380_fw__2_24_chr12_53046888_53047426_rc,forward,noSNP,8,0.0006845798391237378,23,0.0016238350748376165,L2RTGE,L7TGE,L2RTGE / L7TGE,-1.2461144016111352,2_23
2618,2_23_chr12_53046798_53047380_fw__2_24_chr12_53046888_53047426_rc,reverse,SNP,12,0.0010268697586856067,30,0.0021180457497881953,L2RTGE,L7TGE,L2RTGE / L7TGE,-1.0444805404414848,2_23
2619,2_23_chr12_53046798_53047380_fw__2_24_chr12_53046888_53047426_rc,reverse,noSNP,12,0.0010268697586856067,28,0.001976842699802316,L2RTGE,L7TGE,L2RTGE / L7TGE,-0.9449448668905704,2_23
2620,2_32_chr22_44023936_44024267_rc__2_31_chr22_44023811_44024452_fw,forward,SNP,33,0.0028238918363854186,44,0.0031064670996893535,L2RTGE,L7TGE,L2RTGE / L7TGE,-0.13758994483296608,2_32
2621,2_32_chr22_44023936_44024267_rc__2_31_chr22_44023811_44024452_fw,forward,noSNP,21,0.0017970220776998118,25,0.0017650381248234962,L2RTGE,L7TGE,L2RTGE / L7TGE,0.02590878744991339,2_32
2622,2_32_chr22_44023936_44024267_rc__2_31_chr22_44023811_44024452_fw,reverse,SNP,35,0.002995036796166353,30,0.0021180457497881953,L2RTGE,L7TGE,L2RTGE / L7TGE,0.4998399757823257,2_32
2623,2_32_chr22_44023936_44024267_rc__2_31_chr22_44023811_44024452_fw,reverse,noSNP,1,8.557247989046722e-05,44,0.0031064670996893535,L2RTGE,L7TGE,L2RTGE / L7TGE,-5.18198406419142,2_32
2624,2_33_chr5_132369336_132370461_fw__2_34_chr5_132369418_132370280_rc,forward,SNP,7,0.0005990073592332706,20,0.001412030499858797,L2RTGE,L7TGE,L2RTGE / L7TGE,-1.2371256183838808,2_33
2625,2_33_chr5_132369336_132370461_fw__2_34_chr5_132369418_132370280_rc,forward,noSNP,22,0.0018825945575902789,22,0.0015532335498446767,L2RTGE,L7TGE,L2RTGE / L7TGE,0.27744755444587754,2_33
2626,2_33_chr5_132369336_132370461_fw__2_34_chr5_132369418_132370280_rc,reverse,SNP,1,8.557247989046722e-05,14,0.000988421349901158,L2RTGE,L7TGE,L2RTGE / L7TGE,-3.5299073676117265,2_33
2627,2_33_chr5_132369336_132370461_fw__2_34_chr5_132369418_132370280_rc,reverse,noSNP,5,0.0004278623994523361,17,0.0012002259248799774,L2RTGE,L7TGE,L2RTGE / L7TGE,-1.4880871919170995,2_33
2628,2_39_chr14_100375283_100375730_rc__2_35_chr14_100375283_100375730_rc,forward,SNP,93,0.007958240629813451,163,0.011508048573849195,L2RTGE,L7TGE,L2RTGE / L7TGE,-0.5321217886771685,2_39
2629,2_39_chr14_100375283_100375730_rc__2_35_chr14_100375283_100375730_rc,forward,noSNP,122,0.010439842546637,154,0.010872634848912736,L2RTGE,L7TGE,L2RTGE / L7TGE,-0.0586016486861374,2_39
2630,2_39_chr14_100375283_100375730_rc__2_35_chr14_100375283_100375730_rc,reverse,SNP,33,0.0028238918363854186,85,0.006001129624399887,L2RTGE,L7TGE,L2RTGE / L7TGE,-1.0875492623333705,2_39
2631,2_39_chr14_100375283_100375730_rc__2_35_chr14_100375283_100375730_rc,reverse,noSNP,45,0.0038507615950710253,97,0.0068483479243151655,L2RTGE,L7TGE,L2RTGE / L7TGE,-0.8306121914115753,2_39
2632,2_3_chr10_71888998_71889183_rc,forward,SNP,4,0.0003422899195618689,20,0.001412030499858797,L2RTGE,L7TGE,L2RTGE / L7TGE,-2.044480540441485,2_3
2633,2_40_chr2_27890876_27891263_rc__2_36_chr2_27890876_27891263_rc,forward,SNP,28,0.002396029436933082,24,0.0016944365998305564,L2RTGE,L7TGE,L2RTGE / L7TGE,0.4998399757823255,2_40
2634,2_40_chr2_27890876_27891263_rc__2_36_chr2_27890876_27891263_rc,forward,noSNP,17,0.0014547321581379429,28,0.001976842699802316,L2RTGE,L7TGE,L2RTGE / L7TGE,-0.4424445263613872,2_40
2635,2_40_chr2_27890876_27891263_rc__2_36_chr2_27890876_27891263_rc,reverse,SNP,23,0.001968167037480746,36,0.0025416548997458347,L2RTGE,L7TGE,L2RTGE / L7TGE,-0.3689154909394219,2_40
2636,2_40_chr2_27890876_27891263_rc__2_36_chr2_27890876_27891263_rc,reverse,noSNP,11,0.0009412972787951394,16,0.0011296243998870376,L2RTGE,L7TGE,L2RTGE / L7TGE,-0.2631208269168252,2_40
2637,2_41_chr2_29114692_29115684_fw__2_37_chr2_29114692_29115684_fw,forward,SNP,18,0.00154030463802841,45,0.003177068624682293,L2RTGE,L7TGE,L2RTGE / L7TGE,-1.0444805404414848,2_41
2638,2_41_chr2_29114692_29115684_fw__2_37_chr2_29114692_29115684_fw,forward,noSNP,5,0.0004278623994523361,32,0.0022592487997740753,L2RTGE,L7TGE,L2RTGE / L7TGE,-2.40062435066676,2_41
2639,2_41_chr2_29114692_29115684_fw__2_37_chr2_29114692_29115684_fw,reverse,SNP,23,0.001968167037480746,40,0.002824060999717594,L2RTGE,L7TGE,L2RTGE / L7TGE,-0.520918584384472,2_41
2640,2_41_chr2_29114692_29115684_fw__2_37_chr2_29114692_29115684_fw,reverse,noSNP,11,0.0009412972787951394,27,0.0019062411748093759,L2RTGE,L7TGE,L2RTGE / L7TGE,-1.0180083290802937,2_41
2641,2_42_chr7_158818580_158818984_rc__2_38_chr7_158818580_158818984_rc,forward,SNP,34,0.0029094643162758858,42,0.0029652640497034735,L2RTGE,L7TGE,L2RTGE / L7TGE,-0.02740702708254311,2_42
2642,2_42_chr7_158818580_158818984_rc__2_38_chr7_158818580_158818984_rc,forward,noSNP,67,0.005733356152661304,48,0.003388873199661113,L2RTGE,L7TGE,L2RTGE / L7TGE,0.7585742441824938,2_42
2643,2_42_chr7_158818580_158818984_rc__2_38_chr7_158818580_158818984_rc,reverse,SNP,25,0.0021393119972616804,48,0.003388873199661113,L2RTGE,L7TGE,L2RTGE / L7TGE,-0.6636587565005542,2_42
2644,2_42_chr7_158818580_158818984_rc__2_38_chr7_158818580_158818984_rc,reverse,noSNP,8,0.0006845798391237378,56,0.003953685399604632,L2RTGE,L7TGE,L2RTGE / L7TGE,-2.5299073676117265,2_42
2645,2_5_chr12_2959230_2960351_fw,forward,SNP,3,0.00025671743967140166,23,0.0016238350748376165,L2RTGE,L7TGE,L2RTGE / L7TGE,-2.661151900889979,2_5
2646,2_5_chr12_2959230_2960351_fw,forward,noSNP,4,0.0003422899195618689,13,0.0009178198249082181,L2RTGE,L7TGE,L2RTGE / L7TGE,-1.4229921636952148,2_5
2647,2_5_chr12_2959230_2960351_fw,reverse,SNP,2,0.00017114495978093444,14,0.000988421349901158,L2RTGE,L7TGE,L2RTGE / L7TGE,-2.5299073676117265,2_5
2648,2_5_chr12_2959230_2960351_fw,reverse,noSNP,4,0.0003422899195618689,16,0.0011296243998870376,L2RTGE,L7TGE,L2RTGE / L7TGE,-1.7225524455541223,2_5
2649,2_6_chr12_57611320_57611561_fw,forward,noSNP,4,0.0003422899195618689,19,0.001341428974865857,L2RTGE,L7TGE,L2RTGE / L7TGE,-1.970479958997708,2_6
2650,2_6_chr12_57611320_57611561_fw,reverse,noSNP,11,0.0009412972787951394,22,0.0015532335498446767,L2RTGE,L7TGE,L2RTGE / L7TGE,-0.7225524455541225,2_6
2651,2_7_chr14_75069209_75069609_rc,forward,SNP,142,0.012151292144446347,142,0.01002541654899746,L2RTGE,L7TGE,L2RTGE / L7TGE,0.27744755444587754,2_7
2652,2_7_chr14_75069209_75069609_rc,forward,noSNP,11,0.0009412972787951394,21,0.0014826320248517368,L2RTGE,L7TGE,L2RTGE / L7TGE,-0.6554382496955855,2_7
2653,2_7_chr14_75069209_75069609_rc,reverse,SNP,52,0.004449768954304296,101,0.0071307540242869245,L2RTGE,L7TGE,L2RTGE / L7TGE,-0.6803242101648249,2_7
2654,2_7_chr14_75069209_75069609_rc,reverse,noSNP,7,0.0005990073592332706,17,0.0012002259248799774,L2RTGE,L7TGE,L2RTGE / L7TGE,-1.0026603647468577,2_7
2655,3,reverse,SNP,3,0.00025671743967140166,45,0.003177068624682293,L2RTGE,L7TGE,L2RTGE / L7TGE,-3.629443041162641,3
2656,4,forward,any_SNP,34,0.0029094643162758858,585,0.041301892120869814,L2RTGE,L7TGE,L2RTGE / L7TGE,-3.8273824187745498,4
2657,4,reverse,any_SNP,141,0.012065719664555878,326,0.02301609714769839,L2RTGE,L7TGE,L2RTGE / L7TGE,-0.9317292473864065,4
2658,8,any_orientation,any_SNP,41,0.0035084716755091564,172,0.012143462298785653,L2RTGE,L7TGE,L2RTGE / L7TGE,-1.7912651956381365,8
2659,9,any_orientation,any_SNP,21,0.0017970220776998118,886,0.0625529511437447,L2RTGE,L7TGE,L2RTGE / L7TGE,-5.12139791133038,9
2660,CMV,any_orientation,any_SNP,128,0.010953277425979804,36,0.0025416548997458347,L2RTGE,L7TGE,L2RTGE / L7TGE,2.107522553003565,CMV
2661,SV40,any_orientation,any_SNP,16,0.0013691596782474755,13,0.0009178198249082181,L2RTGE,L7TGE,L2RTGE / L7TGE,0.5770078363047854,SV40
2662,1_11_chr11_65418158_65418613_bi,forward,noSNP,7,0.0005990073592332706,7,0.00025968244546668645,L2RTGE,L8TGE,L2RTGE / L8TGE,1.2058252365342221,1_11
2663,1_11_chr11_65418158_65418613_bi,reverse,noSNP,10,0.0008557247989046722,13,0.0004822673987238463,L2RTGE,L8TGE,L2RTGE / L8TGE,0.8273136132804921,1_11
2664,1_14_chr14_60655620_60656040_bi,reverse,noSNP,4,0.0003422899195618689,13,0.0004822673987238463,L2RTGE,L8TGE,L2RTGE / L8TGE,-0.4946144816068701,1_14
2665,1_15_chr15_40098659_40099167_bi,forward,noSNP,6,0.0005134348793428033,5,0.00018548746104763317,L2RTGE,L8TGE,L2RTGE / L8TGE,1.468859642368016,1_15
2666,1_15_chr15_40098659_40099167_bi,reverse,noSNP,3,0.00025671743967140166,7,0.00025968244546668645,L2RTGE,L8TGE,L2RTGE / L8TGE,-0.016567184802225726,1_15
2667,1_16_chr16_30805349_30805831_bi,forward,noSNP,335,0.02866678076330652,348,0.01290992728891527,L2RTGE,L8TGE,L2RTGE / L8TGE,1.1508990260306287,1_16
2668,1_16_chr16_30805349_30805831_bi,reverse,noSNP,215,0.018398083176450454,331,0.012279269921353317,L2RTGE,L8TGE,L2RTGE / L8TGE,0.5833306793164648,1_16
2669,1_17_chr16_73068918_73069480_bi,forward,noSNP,78,0.0066746534314564435,83,0.003079091853390711,L2RTGE,L8TGE,L2RTGE / L8TGE,1.1161880240495456,1_17
2670,1_17_chr16_73068918_73069480_bi,reverse,noSNP,24,0.0020537395173712133,50,0.0018548746104763319,L2RTGE,L8TGE,L2RTGE / L8TGE,0.14693154748065348,1_17
2671,1_18_chr16_74297506_74297928_bi,forward,noSNP,167,0.014290604141708027,179,0.006640451105505268,L2RTGE,L8TGE,L2RTGE / L8TGE,1.1057137517440179,1_18
2672,1_18_chr16_74297506_74297928_bi,reverse,noSNP,118,0.010097552627075132,178,0.006603353613295742,L2RTGE,L8TGE,L2RTGE / L8TGE,0.6127348549296656,1_18
2673,1_19_chr16_807619_808176_bi,forward,SNP,13,0.001112442238576074,15,0.0005564623831428995,L2RTGE,L8TGE,L2RTGE / L8TGE,0.999374359066796,1_19
2674,1_19_chr16_807619_808176_bi,forward,noSNP,10,0.0008557247989046722,5,0.00018548746104763317,L2RTGE,L8TGE,L2RTGE / L8TGE,2.205825236534222,1_19
2675,1_19_chr16_807619_808176_bi,reverse,SNP,18,0.00154030463802841,15,0.0005564623831428995,L2RTGE,L8TGE,L2RTGE / L8TGE,1.468859642368016,1_19
2676,1_19_chr16_807619_808176_bi,reverse,noSNP,42,0.0035940441553996235,20,0.0007419498441905327,L2RTGE,L8TGE,L2RTGE / L8TGE,2.27621456442562,1_19
2677,1_1_chr1_156748909_156749379_bi,forward,noSNP,2,0.00017114495978093444,74,0.0027452144235049713,L2RTGE,L8TGE,L2RTGE / L8TGE,-4.003628129094728,1_1
2678,1_20_chr16_87853532_87854041_bi,forward,SNP,5,0.0004278623994523361,15,0.0005564623831428995,L2RTGE,L8TGE,L2RTGE / L8TGE,-0.37913726418693405,1_20
2679,1_20_chr16_87853532_87854041_bi,forward,noSNP,7,0.0005990073592332706,8,0.0002967799376762131,L2RTGE,L8TGE,L2RTGE / L8TGE,1.0131801585918263,1_20
2680,1_20_chr16_87853532_87854041_bi,reverse,SNP,31,0.002652746876604484,18,0.0006677548597714795,L2RTGE,L8TGE,L2RTGE / L8TGE,1.990096545478785,1_20
2681,1_20_chr16_87853532_87854041_bi,reverse,noSNP,54,0.00462091391408523,21,0.0007790473364000593,L2RTGE,L8TGE,L2RTGE / L8TGE,2.5683953159189303,1_20
2682,1_23_chr2_70142583_70143144_bi,forward,SNP,84,0.007188088310799247,41,0.001520997180590592,L2RTGE,L8TGE,L2RTGE / L8TGE,2.240590654694899,1_23
2683,1_23_chr2_70142583_70143144_bi,forward,noSNP,3,0.00025671743967140166,603,0.02236978780234456,L2RTGE,L8TGE,L2RTGE / L8TGE,-6.445226454644707,1_23
2684,1_23_chr2_70142583_70143144_bi,reverse,noSNP,100,0.008557247989046722,442,0.016397091556610774,L2RTGE,L8TGE,L2RTGE / L8TGE,-0.9382211330824848,1_23
2685,1_24_chr21_29002584_29003015_bi,forward,noSNP,95,0.008129385589594387,63,0.002337142009200178,L2RTGE,L8TGE,L2RTGE / L8TGE,1.7984009213652536,1_24
2686,1_25_chr22_36465359_36465803_bi,forward,noSNP,36,0.00308060927605682,50,0.0018548746104763319,L2RTGE,L8TGE,L2RTGE / L8TGE,0.7318940482018097,1_25
2687,1_25_chr22_36465359_36465803_bi,reverse,noSNP,22,0.0018825945575902789,95,0.0035242617599050303,L2RTGE,L8TGE,L2RTGE / L8TGE,-0.9045987531594284,1_25
2688,1_26_chr22_40651538_40652054_bi,forward,noSNP,57,0.004877631353756632,614,0.022777860216649355,L2RTGE,L8TGE,L2RTGE / L8TGE,-2.2233795946712154,1_26
2689,1_26_chr22_40651538_40652054_bi,reverse,noSNP,176,0.015060756460722231,712,0.026413414453182966,L2RTGE,L8TGE,L2RTGE / L8TGE,-0.8104765757948784,1_26
2690,1_28_chr7_1532728_1533226_bi,forward,noSNP,17,0.0014547321581379429,14,0.0005193648909333729,L2RTGE,L8TGE,L2RTGE / L8TGE,1.4859331557269575,1_28
2691,1_28_chr7_1532728_1533226_bi,reverse,noSNP,12,0.0010268697586856067,13,0.0004822673987238463,L2RTGE,L8TGE,L2RTGE / L8TGE,1.090348019114286,1_28
2692,1_29_chr7_25856979_25857429_bi,forward,SNP,25,0.0021393119972616804,29,0.0010758272740762724,L2RTGE,L8TGE,L2RTGE / L8TGE,0.9917004311813746,1_29
2693,1_29_chr7_25856979_25857429_bi,reverse,SNP,39,0.0033373267157282217,41,0.001520997180590592,L2RTGE,L8TGE,L2RTGE / L8TGE,1.1336754507783868,1_29
2694,1_30_chr9_126805681_126806202_bi,forward,noSNP,34,0.0029094643162758858,149,0.005527526339219469,L2RTGE,L8TGE,L2RTGE / L8TGE,-0.9258804426776001,1_30
2695,1_30_chr9_126805681_126806202_bi,reverse,noSNP,72,0.00616121855211364,127,0.004711381510609883,L2RTGE,L8TGE,L2RTGE / L8TGE,0.38706555120436864,1_30
2696,1_5_chr1_33127099_33127603_bi,forward,noSNP,86,0.007359233270580181,294,0.01090666270960083,L2RTGE,L8TGE,L2RTGE / L8TGE,-0.5675823536000442,1_5
2697,1_5_chr1_33127099_33127603_bi,reverse,noSNP,227,0.01942495293513606,279,0.010350200326457932,L2RTGE,L8TGE,L2RTGE / L8TGE,0.9082524119959495,1_5
2698,1_7_chr10_110211049_110211924_bi,forward,noSNP,45,0.0038507615950710253,146,0.005416233862590889,L2RTGE,L8TGE,L2RTGE / L8TGE,-0.49214622601612035,1_7
2699,1_7_chr10_110211049_110211924_bi,reverse,noSNP,59,0.005048776313537566,22,0.000816144828609586,L2RTGE,L8TGE,L2RTGE / L8TGE,2.629036667258766,1_7
2700,1_8_chr10_4663047_4663594_bi,forward,noSNP,674,0.05767585144617491,294,0.01090666270960083,L2RTGE,L8TGE,L2RTGE / L8TGE,2.402757672879716,1_8
2701,1_8_chr10_4663047_4663594_bi,reverse,noSNP,1595,0.13648810542529521,358,0.013280902211010536,L2RTGE,L8TGE,L2RTGE / L8TGE,3.3613501679221973,1_8
2702,1_9_chr10_71860316_71860874_bi,forward,noSNP,26,0.002224884477152148,49,0.0018177771182668052,L2RTGE,L8TGE,L2RTGE / L8TGE,0.29155511056010613,1_9
2703,1_9_chr10_71860316_71860874_bi,reverse,noSNP,69,0.005904501112442238,26,0.0009645347974476926,L2RTGE,L8TGE,L2RTGE / L8TGE,2.613909975171299,1_9
2704,22,any_orientation,any_SNP,231,0.019767242854697928,4363,0.16185635851016472,L2RTGE,L8TGE,L2RTGE / L8TGE,-3.03353048042622,22
2705,2_10_chr16_3305171_3305501_rc,forward,SNP,279,0.023874721889440356,215,0.007975960825048227,L2RTGE,L8TGE,L2RTGE / L8TGE,1.5817536987739496,2_10
2706,2_10_chr16_3305171_3305501_rc,forward,noSNP,344,0.029436933082320725,288,0.010684077756343672,L2RTGE,L8TGE,L2RTGE / L8TGE,1.4621649897940077,2_10
2707,2_10_chr16_3305171_3305501_rc,reverse,SNP,1,8.557247989046722e-05,173,0.006417866152248108,L2RTGE,L8TGE,L2RTGE / L8TGE,-6.228802991102502,2_10
2708,2_10_chr16_3305171_3305501_rc,reverse,noSNP,130,0.01112442238576074,196,0.007271108473067221,L2RTGE,L8TGE,L2RTGE / L8TGE,0.6134832054474684,2_10
2709,2_12_chr17_58692543_58692822_fw,forward,noSNP,31,0.002652746876604484,91,0.0033758717910669237,L2RTGE,L8TGE,L2RTGE / L8TGE,-0.34777309327759875,2_12
2710,2_12_chr17_58692543_58692822_fw,reverse,noSNP,29,0.0024816019168235498,87,0.0032274818222288175,L2RTGE,L8TGE,L2RTGE / L8TGE,-0.37913726418693405,2_12
2711,2_13_chr19_41397182_41397493_rc,forward,SNP,18,0.00154030463802841,25,0.0009274373052381659,L2RTGE,L8TGE,L2RTGE / L8TGE,0.7318940482018097,2_13
2712,2_13_chr19_41397182_41397493_rc,forward,noSNP,27,0.002310456957042615,16,0.0005935598753524262,L2RTGE,L8TGE,L2RTGE / L8TGE,1.9607127386976906,2_13
2713,2_13_chr19_41397182_41397493_rc,reverse,noSNP,101,0.00864282046893719,35,0.0012984122273334323,L2RTGE,L8TGE,L2RTGE / L8TGE,2.7347537023410506,2_13
2714,2_15_chr3_122793601_122793905_rc,forward,SNP,35,0.002995036796166353,112,0.004154919127466983,L2RTGE,L8TGE,L2RTGE / L8TGE,-0.47224666857841535,2_15
2715,2_15_chr3_122793601_122793905_rc,forward,noSNP,30,0.002567174396714017,106,0.003932334174209824,L2RTGE,L8TGE,L2RTGE / L8TGE,-0.6152046224204584,2_15
2716,2_15_chr3_122793601_122793905_rc,reverse,SNP,39,0.0033373267157282217,77,0.002856506900133551,L2RTGE,L8TGE,L2RTGE / L8TGE,0.22444091470156918,2_15
2717,2_15_chr3_122793601_122793905_rc,reverse,noSNP,24,0.0020537395173712133,61,0.0022629470247811246,L2RTGE,L8TGE,L2RTGE / L8TGE,-0.13994960030750783,2_15
2718,2_16_chr6_108562603_108562763_rc,forward,SNP,130,0.01112442238576074,176,0.006529158628876688,L2RTGE,L8TGE,L2RTGE / L8TGE,0.7687614309253795,2_16
2719,2_16_chr6_108562603_108562763_rc,forward,noSNP,119,0.010183125106965599,166,0.006158183706781422,L2RTGE,L8TGE,L2RTGE / L8TGE,0.7256035684952409,2_16
2720,2_16_chr6_108562603_108562763_rc,reverse,SNP,109,0.009327400308060927,200,0.0074194984419053275,L2RTGE,L8TGE,L2RTGE / L8TGE,0.33015337153642366,2_16
2721,2_16_chr6_108562603_108562763_rc,reverse,noSNP,86,0.007359233270580181,177,0.006566256121086214,L2RTGE,L8TGE,L2RTGE / L8TGE,0.1644844411533226,2_16
2722,2_17_chr7_149685_149919_fw,forward,SNP,6,0.0005134348793428033,81,0.0030048968689716576,L2RTGE,L8TGE,L2RTGE / L8TGE,-2.5490622656292463,2_17
2723,2_17_chr7_149685_149919_fw,forward,noSNP,6,0.0005134348793428033,70,0.0025968244546668647,L2RTGE,L8TGE,L2RTGE / L8TGE,-2.3384952796895884,2_17
2724,2_17_chr7_149685_149919_fw,reverse,SNP,12,0.0010268697586856067,79,0.0029307018845526043,L2RTGE,L8TGE,L2RTGE / L8TGE,-1.5129930109217247,2_17
2725,2_17_chr7_149685_149919_fw,reverse,noSNP,16,0.0013691596782474755,58,0.002151654548152545,L2RTGE,L8TGE,L2RTGE / L8TGE,-0.65215575859335,2_17
2726,2_19_chr7_27168362_27168894_fw,forward,SNP,110,0.009412972787951395,16,0.0005935598753524262,L2RTGE,L8TGE,L2RTGE / L8TGE,3.987184950058882,2_19
2727,2_19_chr7_27168362_27168894_fw,forward,noSNP,74,0.006332363511894575,10,0.00037097492209526634,L2RTGE,L8TGE,L2RTGE / L8TGE,4.09335050727581,2_19
2728,2_19_chr7_27168362_27168894_fw,reverse,SNP,177,0.0151463289406127,14,0.0005193648909333729,L2RTGE,L8TGE,L2RTGE / L8TGE,4.866075864559615,2_19
2729,2_19_chr7_27168362_27168894_fw,reverse,noSNP,137,0.01172342974499401,29,0.0010758272740762724,L2RTGE,L8TGE,L2RTGE / L8TGE,3.445876324367177,2_19
2730,2_1_chr10_24208466_24209279_fw,forward,noSNP,14,0.001198014718466541,66,0.002448434485828758,L2RTGE,L8TGE,L2RTGE / L8TGE,-1.031213960766627,2_1
2731,2_1_chr10_24208466_24209279_fw,reverse,SNP,1,8.557247989046722e-05,6,0.00022258495325715982,L2RTGE,L8TGE,L2RTGE / L8TGE,-1.379137264186934,2_1
2732,2_1_chr10_24208466_24209279_fw,reverse,noSNP,2,0.00017114495978093444,128,0.0047484790028194095,L2RTGE,L8TGE,L2RTGE / L8TGE,-4.794174763465778,2_1
2733,2_20_chr7_7566677_7567687_fw,forward,SNP,4,0.0003422899195618689,49,0.0018177771182668052,L2RTGE,L8TGE,L2RTGE / L8TGE,-2.408884607580986,2_20
2734,2_20_chr7_7566677_7567687_fw,forward,noSNP,4,0.0003422899195618689,46,0.0017064846416382253,L2RTGE,L8TGE,L2RTGE / L8TGE,-2.3177367195227907,2_20
2735,2_20_chr7_7566677_7567687_fw,reverse,SNP,2,0.00017114495978093444,41,0.001520997180590592,L2RTGE,L8TGE,L2RTGE / L8TGE,-3.1517267680838614,2_20
2736,2_20_chr7_7566677_7567687_fw,reverse,noSNP,30,0.002567174396714017,97,0.0035984567443240836,L2RTGE,L8TGE,L2RTGE / L8TGE,-0.4871970100443868,2_20
2737,2_22_chr10_122375105_122375476_rc__2_21_chr10_122375073_122375541_fw,forward,SNP,6,0.0005134348793428033,88,0.003264579314438344,L2RTGE,L8TGE,L2RTGE / L8TGE,-2.668643881381919,2_22
2738,2_22_chr10_122375105_122375476_rc__2_21_chr10_122375073_122375541_fw,forward,noSNP,6,0.0005134348793428033,88,0.003264579314438344,L2RTGE,L8TGE,L2RTGE / L8TGE,-2.668643881381919,2_22
2739,2_22_chr10_122375105_122375476_rc__2_21_chr10_122375073_122375541_fw,reverse,SNP,12,0.0010268697586856067,35,0.0012984122273334323,L2RTGE,L8TGE,L2RTGE / L8TGE,-0.3384952796895882,2_22
2740,2_22_chr10_122375105_122375476_rc__2_21_chr10_122375073_122375541_fw,reverse,noSNP,10,0.0008557247989046722,51,0.0018919721026858585,L2RTGE,L8TGE,L2RTGE / L8TGE,-1.1446720105499113,2_22
2741,2_23_chr12_53046798_53047380_fw__2_24_chr12_53046888_53047426_rc,forward,SNP,1,8.557247989046722e-05,40,0.0014838996883810654,L2RTGE,L8TGE,L2RTGE / L8TGE,-4.11610285835314,2_23
2742,2_23_chr12_53046798_53047380_fw__2_24_chr12_53046888_53047426_rc,forward,noSNP,8,0.0006845798391237378,59,0.0021887520403620717,L2RTGE,L8TGE,L2RTGE / L8TGE,-1.6768178128276192,2_23
2743,2_23_chr12_53046798_53047380_fw__2_24_chr12_53046888_53047426_rc,reverse,SNP,12,0.0010268697586856067,68,0.0025226294702478114,L2RTGE,L8TGE,L2RTGE / L8TGE,-1.296675103994961,2_23
2744,2_23_chr12_53046798_53047380_fw__2_24_chr12_53046888_53047426_rc,reverse,noSNP,12,0.0010268697586856067,62,0.0023000445169906515,L2RTGE,L8TGE,L2RTGE / L8TGE,-1.163408573131497,2_23
2745,2_32_chr22_44023936_44024267_rc__2_31_chr22_44023811_44024452_fw,forward,SNP,33,0.0028238918363854186,71,0.002633921946876391,L2RTGE,L8TGE,L2RTGE / L8TGE,0.10047223638799377,2_32
2746,2_32_chr22_44023936_44024267_rc__2_31_chr22_44023811_44024452_fw,forward,noSNP,21,0.0017970220776998118,52,0.0019290695948953852,L2RTGE,L8TGE,L2RTGE / L8TGE,-0.10229705882810972,2_32
2747,2_32_chr22_44023936_44024267_rc__2_31_chr22_44023811_44024452_fw,reverse,SNP,35,0.002995036796166353,50,0.0018548746104763319,L2RTGE,L8TGE,L2RTGE / L8TGE,0.6912520637044639,2_32
2748,2_32_chr22_44023936_44024267_rc__2_31_chr22_44023811_44024452_fw,reverse,noSNP,1,8.557247989046722e-05,52,0.0019290695948953852,L2RTGE,L8TGE,L2RTGE / L8TGE,-4.49461448160687,2_32
2749,2_33_chr5_132369336_132370461_fw__2_34_chr5_132369418_132370280_rc,forward,noSNP,22,0.0018825945575902789,6,0.00022258495325715982,L2RTGE,L8TGE,L2RTGE / L8TGE,3.080294354450363,2_33
2750,2_33_chr5_132369336_132370461_fw__2_34_chr5_132369418_132370280_rc,reverse,SNP,1,8.557247989046722e-05,26,0.0009645347974476926,L2RTGE,L8TGE,L2RTGE / L8TGE,-3.4946144816068703,2_33
2751,2_39_chr14_100375283_100375730_rc__2_35_chr14_100375283_100375730_rc,forward,SNP,93,0.007958240629813451,277,0.010276005342038878,L2RTGE,L8TGE,L2RTGE / L8TGE,-0.36875811840693473,2_39
2752,2_39_chr14_100375283_100375730_rc__2_35_chr14_100375283_100375730_rc,forward,noSNP,122,0.010439842546637,302,0.011203442647277044,L2RTGE,L8TGE,L2RTGE / L8TGE,-0.10184216522797057,2_39
2753,2_39_chr14_100375283_100375730_rc__2_35_chr14_100375283_100375730_rc,reverse,SNP,33,0.0028238918363854186,149,0.005527526339219469,L2RTGE,L8TGE,L2RTGE / L8TGE,-0.9689491645694859,2_39
2754,2_39_chr14_100375283_100375730_rc__2_35_chr14_100375283_100375730_rc,reverse,noSNP,45,0.0038507615950710253,200,0.0074194984419053275,L2RTGE,L8TGE,L2RTGE / L8TGE,-0.9461778569108278,2_39
2755,2_3_chr10_71888998_71889183_rc,forward,SNP,4,0.0003422899195618689,24,0.0008903398130286393,L2RTGE,L8TGE,L2RTGE / L8TGE,-1.379137264186934,2_3
2756,2_3_chr10_71888998_71889183_rc,forward,noSNP,5,0.0004278623994523361,17,0.0006306573675619528,L2RTGE,L8TGE,L2RTGE / L8TGE,-0.5597095098287551,2_3
2757,2_40_chr2_27890876_27891263_rc__2_36_chr2_27890876_27891263_rc,forward,SNP,28,0.002396029436933082,70,0.0025968244546668647,L2RTGE,L8TGE,L2RTGE / L8TGE,-0.1161028583531403,2_40
2758,2_40_chr2_27890876_27891263_rc__2_36_chr2_27890876_27891263_rc,forward,noSNP,17,0.0014547321581379429,40,0.0014838996883810654,L2RTGE,L8TGE,L2RTGE / L8TGE,-0.028640017102800595,2_40
2759,2_40_chr2_27890876_27891263_rc__2_36_chr2_27890876_27891263_rc,reverse,SNP,23,0.001968167037480746,61,0.0022629470247811246,L2RTGE,L8TGE,L2RTGE / L8TGE,-0.20135014497165102,2_40
2760,2_40_chr2_27890876_27891263_rc__2_36_chr2_27890876_27891263_rc,reverse,noSNP,11,0.0009412972787951394,32,0.0011871197507048524,L2RTGE,L8TGE,L2RTGE / L8TGE,-0.33474314482848055,2_40
2761,2_41_chr2_29114692_29115684_fw__2_37_chr2_29114692_29115684_fw,forward,SNP,18,0.00154030463802841,103,0.0038210416975812435,L2RTGE,L8TGE,L2RTGE / L8TGE,-1.310750289206684,2_41
2762,2_41_chr2_29114692_29115684_fw__2_37_chr2_29114692_29115684_fw,forward,noSNP,5,0.0004278623994523361,47,0.001743582133847752,L2RTGE,L8TGE,L2RTGE / L8TGE,-2.026835520256053,2_41
2763,2_41_chr2_29114692_29115684_fw__2_37_chr2_29114692_29115684_fw,reverse,SNP,23,0.001968167037480746,97,0.0035984567443240836,L2RTGE,L8TGE,L2RTGE / L8TGE,-0.8705256495958927,2_41
2764,2_41_chr2_29114692_29115684_fw__2_37_chr2_29114692_29115684_fw,reverse,noSNP,11,0.0009412972787951394,43,0.0015951921650096453,L2RTGE,L8TGE,L2RTGE / L8TGE,-0.7610078995305786,2_41
2765,2_42_chr7_158818580_158818984_rc__2_38_chr7_158818580_158818984_rc,forward,SNP,34,0.0029094643162758858,219,0.008124350793886334,L2RTGE,L8TGE,L2RTGE / L8TGE,-1.481498981816612,2_42
2766,2_42_chr7_158818580_158818984_rc__2_38_chr7_158818580_158818984_rc,forward,noSNP,67,0.005733356152661304,210,0.007790473364000594,L2RTGE,L8TGE,L2RTGE / L8TGE,-0.4423310906741281,2_42
2767,2_42_chr7_158818580_158818984_rc__2_38_chr7_158818580_158818984_rc,reverse,SNP,25,0.0021393119972616804,217,0.00805015580946728,L2RTGE,L8TGE,L2RTGE / L8TGE,-1.9118698061355326,2_42
2768,2_42_chr7_158818580_158818984_rc__2_38_chr7_158818580_158818984_rc,reverse,noSNP,8,0.0006845798391237378,255,0.009459860513429293,L2RTGE,L8TGE,L2RTGE / L8TGE,-3.788528200324636,2_42
2769,2_5_chr12_2959230_2960351_fw,forward,SNP,3,0.00025671743967140166,46,0.0017064846416382253,L2RTGE,L8TGE,L2RTGE / L8TGE,-2.7327742188016346,2_5
2770,2_5_chr12_2959230_2960351_fw,forward,noSNP,4,0.0003422899195618689,45,0.0016693871494286986,L2RTGE,L8TGE,L2RTGE / L8TGE,-2.2860278597954524,2_5
2771,2_5_chr12_2959230_2960351_fw,reverse,SNP,2,0.00017114495978093444,34,0.0012613147351239057,L2RTGE,L8TGE,L2RTGE / L8TGE,-2.881637604716117,2_5
2772,2_5_chr12_2959230_2960351_fw,reverse,noSNP,4,0.0003422899195618689,32,0.0011871197507048524,L2RTGE,L8TGE,L2RTGE / L8TGE,-1.7941747634657779,2_5
2773,2_6_chr12_57611320_57611561_fw,forward,noSNP,4,0.0003422899195618689,66,0.002448434485828758,L2RTGE,L8TGE,L2RTGE / L8TGE,-2.8385688828242315,2_6
2774,2_6_chr12_57611320_57611561_fw,reverse,noSNP,11,0.0009412972787951394,42,0.0015580946728001187,L2RTGE,L8TGE,L2RTGE / L8TGE,-0.7270605676072409,2_6
2775,2_7_chr14_75069209_75069609_rc,forward,SNP,142,0.012151292144446347,272,0.010090517880991245,L2RTGE,L8TGE,L2RTGE / L8TGE,0.26810951478856476,2_7
2776,2_7_chr14_75069209_75069609_rc,forward,noSNP,11,0.0009412972787951394,34,0.0012613147351239057,L2RTGE,L8TGE,L2RTGE / L8TGE,-0.42220598607882004,2_7
2777,2_7_chr14_75069209_75069609_rc,reverse,SNP,52,0.004449768954304296,229,0.0084953257159816,L2RTGE,L8TGE,L2RTGE / L8TGE,-0.9329388334216295,2_7
2778,2_7_chr14_75069209_75069609_rc,reverse,noSNP,7,0.0005990073592332706,37,0.0013726072117524856,L2RTGE,L8TGE,L2RTGE / L8TGE,-1.1962732070371236,2_7
2779,3,reverse,SNP,3,0.00025671743967140166,44,0.001632289657219172,L2RTGE,L8TGE,L2RTGE / L8TGE,-2.668643881381919,3
2780,4,forward,any_SNP,34,0.0029094643162758858,954,0.03539100756788841,L2RTGE,L8TGE,L2RTGE / L8TGE,-3.60455737822095,4
2781,4,reverse,any_SNP,141,0.012065719664555878,587,0.021776227926992135,L2RTGE,L8TGE,L2RTGE / L8TGE,-0.8518401041770366,4
2782,8,any_orientation,any_SNP,41,0.0035084716755091564,311,0.011537320077162783,L2RTGE,L8TGE,L2RTGE / L8TGE,-1.7173935289782967,8
2783,9,any_orientation,any_SNP,21,0.0017970220776998118,1607,0.0596156699807093,L2RTGE,L8TGE,L2RTGE / L8TGE,-5.052011554362111,9
2784,CMV,any_orientation,any_SNP,128,0.010953277425979804,73,0.0027081169312954444,L2RTGE,L8TGE,L2RTGE / L8TGE,2.0160006776542048,CMV
2785,SV40,any_orientation,any_SNP,16,0.0013691596782474755,24,0.0008903398130286393,L2RTGE,L8TGE,L2RTGE / L8TGE,0.620862735813066,SV40
2786,1_11_chr11_65418158_65418613_bi,forward,noSNP,7,0.0005990073592332706,5,0.00015832805573147562,L2RTGE,LTGE,L2RTGE / LTGE,1.9196568039728026,1_11
2787,1_11_chr11_65418158_65418613_bi,reverse,noSNP,10,0.0008557247989046722,20,0.0006333122229259025,L2RTGE,LTGE,L2RTGE / LTGE,0.4342299768025607,1_11
2788,1_14_chr14_60655620_60656040_bi,reverse,noSNP,4,0.0003422899195618689,8,0.000253324889170361,L2RTGE,LTGE,L2RTGE / LTGE,0.4342299768025605,1_14
2789,1_15_chr15_40098659_40099167_bi,forward,noSNP,6,0.0005134348793428033,10,0.00031665611146295124,L2RTGE,LTGE,L2RTGE / LTGE,0.6972643826363546,1_15
2790,1_15_chr15_40098659_40099167_bi,reverse,noSNP,3,0.00025671743967140166,14,0.00044331855604813175,L2RTGE,LTGE,L2RTGE / LTGE,-0.7881624445338872,1_15
2791,1_16_chr16_30805349_30805831_bi,forward,noSNP,335,0.02866678076330652,473,0.014977834072197594,L2RTGE,LTGE,L2RTGE / LTGE,0.9365508888083003,1_16
2792,1_16_chr16_30805349_30805831_bi,reverse,noSNP,215,0.018398083176450454,415,0.013141228625712476,L2RTGE,LTGE,L2RTGE / LTGE,0.4854553001577341,1_16
2793,1_17_chr16_73068918_73069480_bi,forward,noSNP,78,0.0066746534314564435,82,0.0025965801139962003,L2RTGE,LTGE,L2RTGE / LTGE,1.3620801910467253,1_17
2794,1_17_chr16_73068918_73069480_bi,reverse,noSNP,24,0.0020537395173712133,37,0.0011716276124129196,L2RTGE,LTGE,L2RTGE / LTGE,0.809739111894767,1_17
2795,1_18_chr16_74297506_74297928_bi,forward,noSNP,167,0.014290604141708027,247,0.007821405953134896,L2RTGE,LTGE,L2RTGE / LTGE,0.8695670376919353,1_18
2796,1_18_chr16_74297506_74297928_bi,reverse,noSNP,118,0.010097552627075132,10,0.00031665611146295124,L2RTGE,LTGE,L2RTGE / LTGE,4.99494493127704,1_18
2797,1_19_chr16_807619_808176_bi,forward,SNP,13,0.001112442238576074,15,0.00047498416719442683,L2RTGE,LTGE,L2RTGE / LTGE,1.2277790993351345,1_19
2798,1_19_chr16_807619_808176_bi,forward,noSNP,10,0.0008557247989046722,7,0.00022165927802406587,L2RTGE,LTGE,L2RTGE / LTGE,1.9488031496323188,1_19
2799,1_19_chr16_807619_808176_bi,reverse,SNP,18,0.00154030463802841,22,0.0006966434452184928,L2RTGE,LTGE,L2RTGE / LTGE,1.1447233596075757,1_19
2800,1_19_chr16_807619_808176_bi,reverse,noSNP,42,0.0035940441553996235,33,0.001044965167827739,L2RTGE,LTGE,L2RTGE / LTGE,1.7821532802228677,1_19
2801,1_1_chr1_156748909_156749379_bi,forward,noSNP,2,0.00017114495978093444,67,0.0021215959468017733,L2RTGE,LTGE,L2RTGE / LTGE,-3.6318592136552117,1_1
2802,1_20_chr16_87853532_87854041_bi,forward,SNP,5,0.0004278623994523361,16,0.000506649778340722,L2RTGE,LTGE,L2RTGE / LTGE,-0.24384192831007717,1_20
2803,1_20_chr16_87853532_87854041_bi,forward,noSNP,7,0.0005990073592332706,11,0.0003483217226092464,L2RTGE,LTGE,L2RTGE / LTGE,0.7821532802228675,1_20
2804,1_20_chr16_87853532_87854041_bi,reverse,SNP,31,0.002652746876604484,34,0.0010766307789740342,L2RTGE,LTGE,L2RTGE / LTGE,1.3009634459390964,1_20
2805,1_20_chr16_87853532_87854041_bi,reverse,noSNP,54,0.00462091391408523,24,0.0007599746675110829,L2RTGE,LTGE,L2RTGE / LTGE,2.6041549782448734,1_20
2806,1_23_chr2_70142583_70143144_bi,forward,SNP,84,0.007188088310799247,40,0.001266624445851805,L2RTGE,LTGE,L2RTGE / LTGE,2.5046193046939584,1_23
2807,1_23_chr2_70142583_70143144_bi,forward,noSNP,3,0.00025671743967140166,714,0.022609246358454717,L2RTGE,LTGE,L2RTGE / LTGE,-6.460587786505383,1_23
2808,1_23_chr2_70142583_70143144_bi,reverse,SNP,5,0.0004278623994523361,13,0.0004116529449018366,L2RTGE,LTGE,L2RTGE / LTGE,0.05571835354883098,1_23
2809,1_23_chr2_70142583_70143144_bi,reverse,noSNP,100,0.008557247989046722,524,0.016592780240658644,L2RTGE,LTGE,L2RTGE / LTGE,-0.9553368349601647,1_23
2810,1_24_chr21_29002584_29003015_bi,forward,noSNP,95,0.008129385589594387,120,0.0037998733375554147,L2RTGE,LTGE,L2RTGE / LTGE,1.0971949895249902,1_24
2811,1_24_chr21_29002584_29003015_bi,reverse,noSNP,43,0.0036796166352900906,82,0.0025965801139962003,L2RTGE,LTGE,L2RTGE / LTGE,0.5029427268865747,1_24
2812,1_25_chr22_36465359_36465803_bi,forward,noSNP,36,0.00308060927605682,69,0.0021849271690943636,L2RTGE,LTGE,L2RTGE / LTGE,0.495630521466704,1_25
2813,1_25_chr22_36465359_36465803_bi,reverse,noSNP,22,0.0018825945575902789,99,0.0031348955034832173,L2RTGE,LTGE,L2RTGE / LTGE,-0.7356950246397517,1_25
2814,1_26_chr22_40651538_40652054_bi,forward,noSNP,57,0.004877631353756632,512,0.016212792906903105,L2RTGE,LTGE,L2RTGE / LTGE,-1.7328800090326977,1_26
2815,1_26_chr22_40651538_40652054_bi,reverse,noSNP,176,0.015060756460722231,673,0.02131095630145662,L2RTGE,LTGE,L2RTGE / LTGE,-0.5008010991704592,1_26
2816,1_28_chr7_1532728_1533226_bi,forward,noSNP,17,0.0014547321581379429,13,0.0004116529449018366,L2RTGE,LTGE,L2RTGE / LTGE,1.8212530999118082,1_28
2817,1_28_chr7_1532728_1533226_bi,reverse,noSNP,12,0.0010268697586856067,11,0.0003483217226092464,L2RTGE,LTGE,L2RTGE / LTGE,1.5597608588864196,1_28
2818,1_29_chr7_25856979_25857429_bi,forward,SNP,25,0.0021393119972616804,31,0.0009816339455351489,L2RTGE,LTGE,L2RTGE / LTGE,1.12388985619041,1_29
2819,1_29_chr7_25856979_25857429_bi,reverse,SNP,39,0.0033373267157282217,59,0.0018682710576314124,L2RTGE,LTGE,L2RTGE / LTGE,0.8369891463029677,1_29
2820,1_30_chr9_126805681_126806202_bi,forward,noSNP,34,0.0029094643162758858,156,0.004939835338822039,L2RTGE,LTGE,L2RTGE / LTGE,-0.763709400809348,1_30
2821,1_30_chr9_126805681_126806202_bi,reverse,noSNP,72,0.00616121855211364,198,0.006269791006966435,L2RTGE,LTGE,L2RTGE / LTGE,-0.025201641834736596,1_30
2822,1_5_chr1_33127099_33127603_bi,forward,noSNP,86,0.007359233270580181,259,0.008201393286890436,L2RTGE,LTGE,L2RTGE / LTGE,-0.15631355618189513,1_5
2823,1_5_chr1_33127099_33127603_bi,reverse,noSNP,227,0.01942495293513606,316,0.010006333122229259,L2RTGE,LTGE,L2RTGE / LTGE,0.9569977159163728,1_5
2824,1_7_chr10_110211049_110211924_bi,forward,noSNP,45,0.0038507615950710253,192,0.0060797973400886635,L2RTGE,LTGE,L2RTGE / LTGE,-0.6588794275889206,1_7
2825,1_7_chr10_110211049_110211924_bi,reverse,noSNP,59,0.005048776313537566,28,0.0008866371120962635,L2RTGE,LTGE,L2RTGE / LTGE,2.5095181041067978,1_7
2826,1_8_chr10_4663047_4663594_bi,forward,noSNP,674,0.05767585144617491,350,0.011082963901203294,L2RTGE,LTGE,L2RTGE / LTGE,2.37962364615209,1_8
2827,1_8_chr10_4663047_4663594_bi,reverse,noSNP,1595,0.13648810542529521,431,0.013647878404053198,L2RTGE,LTGE,L2RTGE / LTGE,3.322026626365694,1_8
2828,1_9_chr10_71860316_71860874_bi,forward,noSNP,26,0.002224884477152148,60,0.0018999366687777073,L2RTGE,LTGE,L2RTGE / LTGE,0.22777909933513454,1_9
2829,1_9_chr10_71860316_71860874_bi,reverse,noSNP,69,0.005904501112442238,37,0.0011716276124129196,L2RTGE,LTGE,L2RTGE / LTGE,2.33330106795178,1_9
2830,22,any_orientation,any_SNP,231,0.019767242854697928,4721,0.14949335022165927,L2RTGE,LTGE,L2RTGE / LTGE,-2.918897749385375,22
2831,2_10_chr16_3305171_3305501_rc,forward,SNP,279,0.023874721889440356,276,0.008739708676377455,L2RTGE,LTGE,L2RTGE / LTGE,1.4498268318535792,2_10
2832,2_10_chr16_3305171_3305501_rc,forward,noSNP,344,0.029436933082320725,329,0.010417986067131096,L2RTGE,LTGE,L2RTGE / LTGE,1.498550957769417,2_10
2833,2_10_chr16_3305171_3305501_rc,reverse,SNP,1,8.557247989046722e-05,213,0.006744775174160862,L2RTGE,LTGE,L2RTGE / LTGE,-6.3004796434232775,2_10
2834,2_10_chr16_3305171_3305501_rc,reverse,noSNP,130,0.01112442238576074,248,0.007853071564281191,L2RTGE,LTGE,L2RTGE / LTGE,0.50240147944414,2_10
2835,2_12_chr17_58692543_58692822_fw,forward,noSNP,31,0.002652746876604484,102,0.0032298923369221025,L2RTGE,LTGE,L2RTGE / LTGE,-0.2839990547820596,2_12
2836,2_12_chr17_58692543_58692822_fw,reverse,noSNP,29,0.0024816019168235498,106,0.0033565547815072832,L2RTGE,LTGE,L2RTGE / LTGE,-0.4357094826330663,2_12
2837,2_13_chr19_41397182_41397493_rc,forward,SNP,18,0.00154030463802841,279,0.00883470550981634,L2RTGE,LTGE,L2RTGE / LTGE,-2.5199663335843145,2_13
2838,2_13_chr19_41397182_41397493_rc,forward,noSNP,27,0.002310456957042615,325,0.010291323622545916,L2RTGE,LTGE,L2RTGE / LTGE,-2.1551784289497875,2_13
2839,2_13_chr19_41397182_41397493_rc,reverse,SNP,1,8.557247989046722e-05,217,0.006871437618746042,L2RTGE,LTGE,L2RTGE / LTGE,-6.327321255641919,2_13
2840,2_13_chr19_41397182_41397493_rc,reverse,noSNP,101,0.00864282046893719,316,0.010006333122229259,L2RTGE,LTGE,L2RTGE / LTGE,-0.21133928862274745,2_13
2841,2_15_chr3_122793601_122793905_rc,forward,SNP,35,0.002995036796166353,125,0.003958201393286891,L2RTGE,LTGE,L2RTGE / LTGE,-0.40227129091455993,2_15
2842,2_15_chr3_122793601_122793905_rc,forward,noSNP,30,0.002567174396714017,135,0.004274857504749842,L2RTGE,LTGE,L2RTGE / LTGE,-0.7356950246397517,2_15
2843,2_15_chr3_122793601_122793905_rc,reverse,SNP,39,0.0033373267157282217,87,0.002754908169727676,L2RTGE,LTGE,L2RTGE / LTGE,0.27668869981608074,2_15
2844,2_15_chr3_122793601_122793905_rc,reverse,noSNP,24,0.0020537395173712133,56,0.001773274224192527,L2RTGE,LTGE,L2RTGE / LTGE,0.2118375554661128,2_15
2845,2_16_chr6_108562603_108562763_rc,forward,noSNP,119,0.010183125106965599,337,0.010671310956301456,L2RTGE,LTGE,L2RTGE / LTGE,-0.06755704107135424,2_16
2846,2_16_chr6_108562603_108562763_rc,reverse,noSNP,86,0.007359233270580181,330,0.01044965167827739,L2RTGE,LTGE,L2RTGE / LTGE,-0.505827482741157,2_16
2847,2_17_chr7_149685_149919_fw,forward,SNP,6,0.0005134348793428033,96,0.0030398986700443317,L2RTGE,LTGE,L2RTGE / LTGE,-2.565770023197439,2_17
2848,2_17_chr7_149685_149919_fw,forward,noSNP,6,0.0005134348793428033,83,0.002628245725142495,L2RTGE,LTGE,L2RTGE / LTGE,-2.355846953823208,2_17
2849,2_17_chr7_149685_149919_fw,reverse,SNP,12,0.0010268697586856067,80,0.00253324889170361,L2RTGE,LTGE,L2RTGE / LTGE,-1.3027356173636455,2_17
2850,2_17_chr7_149685_149919_fw,reverse,noSNP,16,0.0013691596782474755,70,0.002216592780240659,L2RTGE,LTGE,L2RTGE / LTGE,-0.695053040142406,2_17
2851,2_19_chr7_27168362_27168894_fw,forward,SNP,110,0.009412972787951395,261,0.008264724509183027,L2RTGE,LTGE,L2RTGE / LTGE,0.187683693757336,2_19
2852,2_19_chr7_27168362_27168894_fw,forward,noSNP,74,0.006332363511894575,146,0.004623179227359088,L2RTGE,LTGE,L2RTGE / LTGE,0.4538587835514933,2_19
2853,2_19_chr7_27168362_27168894_fw,reverse,SNP,177,0.0151463289406127,313,0.009911336288790373,L2RTGE,LTGE,L2RTGE / LTGE,0.6118166799529399,2_19
2854,2_19_chr7_27168362_27168894_fw,reverse,noSNP,137,0.01172342974499401,264,0.008359721342621912,L2RTGE,LTGE,L2RTGE / LTGE,0.48786794040463416,2_19
2855,2_1_chr10_24208466_24209279_fw,forward,SNP,12,0.0010268697586856067,37,0.0011716276124129196,L2RTGE,LTGE,L2RTGE / LTGE,-0.19026088810523303,2_1
2856,2_1_chr10_24208466_24209279_fw,forward,noSNP,14,0.001198014718466541,47,0.0014882837238758709,L2RTGE,LTGE,L2RTGE / LTGE,-0.31300395281747256,2_1
2857,2_1_chr10_24208466_24209279_fw,reverse,SNP,1,8.557247989046722e-05,84,0.0026599113362887903,L2RTGE,LTGE,L2RTGE / LTGE,-4.9580874459762,2_1
2858,2_1_chr10_24208466_24209279_fw,reverse,noSNP,2,0.00017114495978093444,52,0.0016466117796073464,L2RTGE,LTGE,L2RTGE / LTGE,-3.2662097413385314,2_1
2859,2_20_chr7_7566677_7567687_fw,forward,SNP,4,0.0003422899195618689,59,0.0018682710576314124,L2RTGE,LTGE,L2RTGE / LTGE,-2.4484130725592803,2_20
2860,2_20_chr7_7566677_7567687_fw,forward,noSNP,4,0.0003422899195618689,37,0.0011716276124129196,L2RTGE,LTGE,L2RTGE / LTGE,-1.775223388826389,2_20
2861,2_20_chr7_7566677_7567687_fw,reverse,SNP,2,0.00017114495978093444,65,0.002058264724509183,L2RTGE,LTGE,L2RTGE / LTGE,-3.5881378362258936,2_20
2862,2_20_chr7_7566677_7567687_fw,reverse,noSNP,30,0.002567174396714017,118,0.0037365421152628247,L2RTGE,LTGE,L2RTGE / LTGE,-0.5415224769507619,2_20
2863,2_22_chr10_122375105_122375476_rc__2_21_chr10_122375073_122375541_fw,forward,SNP,6,0.0005134348793428033,88,0.002786573780873971,L2RTGE,LTGE,L2RTGE / LTGE,-2.4402391411135804,2_22
2864,2_22_chr10_122375105_122375476_rc__2_21_chr10_122375073_122375541_fw,forward,noSNP,6,0.0005134348793428033,86,0.0027232425585813807,L2RTGE,LTGE,L2RTGE / LTGE,-2.407072277178381,2_22
2865,2_22_chr10_122375105_122375476_rc__2_21_chr10_122375073_122375541_fw,reverse,SNP,12,0.0010268697586856067,36,0.0011399620012666244,L2RTGE,LTGE,L2RTGE / LTGE,-0.1507325239185954,2_22
2866,2_22_chr10_122375105_122375476_rc__2_21_chr10_122375073_122375541_fw,reverse,noSNP,10,0.0008557247989046722,53,0.0016782773907536416,L2RTGE,LTGE,L2RTGE / LTGE,-0.9717623828732763,2_22
2867,2_23_chr12_53046798_53047380_fw__2_24_chr12_53046888_53047426_rc,forward,SNP,1,8.557247989046722e-05,52,0.0016466117796073464,L2RTGE,LTGE,L2RTGE / LTGE,-4.266209741338532,2_23
2868,2_23_chr12_53046798_53047380_fw__2_24_chr12_53046888_53047426_rc,forward,noSNP,8,0.0006845798391237378,60,0.0018999366687777073,L2RTGE,LTGE,L2RTGE / LTGE,-1.4726606188059579,2_23
2869,2_23_chr12_53046798_53047380_fw__2_24_chr12_53046888_53047426_rc,reverse,SNP,12,0.0010268697586856067,52,0.0016466117796073464,L2RTGE,LTGE,L2RTGE / LTGE,-0.6812472406173753,2_23
2870,2_23_chr12_53046798_53047380_fw__2_24_chr12_53046888_53047426_rc,reverse,noSNP,12,0.0010268697586856067,71,0.0022482583913869536,L2RTGE,LTGE,L2RTGE / LTGE,-1.1305546419809651,2_23
2871,2_32_chr22_44023936_44024267_rc__2_31_chr22_44023811_44024452_fw,forward,SNP,33,0.0028238918363854186,110,0.0034832172260924636,L2RTGE,LTGE,L2RTGE / LTGE,-0.30273561736364524,2_32
2872,2_32_chr22_44023936_44024267_rc__2_31_chr22_44023811_44024452_fw,forward,noSNP,21,0.0017970220776998118,54,0.0017099430018999366,L2RTGE,LTGE,L2RTGE / LTGE,0.0716598974178527,2_32
2873,2_32_chr22_44023936_44024267_rc__2_31_chr22_44023811_44024452_fw,reverse,SNP,35,0.002995036796166353,54,0.0017099430018999366,L2RTGE,LTGE,L2RTGE / LTGE,0.8086254915840586,2_32
2874,2_32_chr22_44023936_44024267_rc__2_31_chr22_44023811_44024452_fw,reverse,noSNP,1,8.557247989046722e-05,66,0.002089930335655478,L2RTGE,LTGE,L2RTGE / LTGE,-4.610164142555893,2_32
2875,2_33_chr5_132369336_132370461_fw__2_34_chr5_132369418_132370280_rc,forward,SNP,7,0.0005990073592332706,31,0.0009816339455351489,L2RTGE,LTGE,L2RTGE / LTGE,-0.7126114115267104,2_33
2876,2_33_chr5_132369336_132370461_fw__2_34_chr5_132369418_132370280_rc,forward,noSNP,22,0.0018825945575902789,36,0.0011399620012666244,L2RTGE,LTGE,L2RTGE / LTGE,0.7237365939975456,2_33
2877,2_33_chr5_132369336_132370461_fw__2_34_chr5_132369418_132370280_rc,reverse,SNP,1,8.557247989046722e-05,43,0.0013616212792906903,L2RTGE,LTGE,L2RTGE / LTGE,-3.9920347778995375,2_33
2878,2_33_chr5_132369336_132370461_fw__2_34_chr5_132369418_132370280_rc,reverse,noSNP,5,0.0004278623994523361,34,0.0010766307789740342,L2RTGE,LTGE,L2RTGE / LTGE,-1.3313047695604165,2_33
2879,2_39_chr14_100375283_100375730_rc__2_35_chr14_100375283_100375730_rc,forward,SNP,93,0.007958240629813451,330,0.01044965167827739,L2RTGE,LTGE,L2RTGE / LTGE,-0.3929334263352237,2_39
2880,2_39_chr14_100375283_100375730_rc__2_35_chr14_100375283_100375730_rc,forward,noSNP,122,0.010439842546637,369,0.0116846105129829,L2RTGE,LTGE,L2RTGE / LTGE,-0.1625096916949492,2_39
2881,2_39_chr14_100375283_100375730_rc__2_35_chr14_100375283_100375730_rc,reverse,SNP,33,0.0028238918363854186,214,0.006776440785307156,L2RTGE,LTGE,L2RTGE / LTGE,-1.2628428902401325,2_39
2882,2_3_chr10_71888998_71889183_rc,forward,SNP,4,0.0003422899195618689,32,0.001013299556681444,L2RTGE,LTGE,L2RTGE / LTGE,-1.5657700231974394,2_3
2883,2_3_chr10_71888998_71889183_rc,forward,noSNP,5,0.0004278623994523361,18,0.0005699810006333122,L2RTGE,LTGE,L2RTGE / LTGE,-0.41376692975238927,2_3
2884,2_40_chr2_27890876_27891263_rc__2_36_chr2_27890876_27891263_rc,forward,SNP,28,0.002396029436933082,52,0.0016466117796073464,L2RTGE,LTGE,L2RTGE / LTGE,0.5411451807190727,2_40
2885,2_40_chr2_27890876_27891263_rc__2_36_chr2_27890876_27891263_rc,forward,noSNP,17,0.0014547321581379429,41,0.0012982900569981002,L2RTGE,LTGE,L2RTGE / LTGE,0.16414081343481635,2_40
2886,2_40_chr2_27890876_27891263_rc__2_36_chr2_27890876_27891263_rc,reverse,SNP,23,0.001968167037480746,59,0.0018682710576314124,L2RTGE,LTGE,L2RTGE / LTGE,0.07514888349773224,2_40
2887,2_40_chr2_27890876_27891263_rc__2_36_chr2_27890876_27891263_rc,reverse,noSNP,11,0.0009412972787951394,40,0.001266624445851805,L2RTGE,LTGE,L2RTGE / LTGE,-0.4282664994475045,2_40
2888,2_41_chr2_29114692_29115684_fw__2_37_chr2_29114692_29115684_fw,forward,SNP,18,0.00154030463802841,122,0.003863204559848005,L2RTGE,LTGE,L2RTGE / LTGE,-1.3265823593180133,2_41
2889,2_41_chr2_29114692_29115684_fw__2_37_chr2_29114692_29115684_fw,forward,noSNP,5,0.0004278623994523361,43,0.0013616212792906903,L2RTGE,LTGE,L2RTGE / LTGE,-1.670106683012175,2_41
2890,2_41_chr2_29114692_29115684_fw__2_37_chr2_29114692_29115684_fw,reverse,SNP,23,0.001968167037480746,104,0.003293223559214693,L2RTGE,LTGE,L2RTGE / LTGE,-0.7426477852815185,2_41
2891,2_41_chr2_29114692_29115684_fw__2_37_chr2_29114692_29115684_fw,reverse,noSNP,11,0.0009412972787951394,38,0.0012032932235592148,L2RTGE,LTGE,L2RTGE / LTGE,-0.3542659180037276,2_41
2892,2_42_chr7_158818580_158818984_rc__2_38_chr7_158818580_158818984_rc,forward,SNP,34,0.0029094643162758858,258,0.008169727675744141,L2RTGE,LTGE,L2RTGE / LTGE,-1.4895344373703538,2_42
2893,2_42_chr7_158818580_158818984_rc__2_38_chr7_158818580_158818984_rc,forward,noSNP,67,0.005733356152661304,263,0.008328055731475617,L2RTGE,LTGE,L2RTGE / LTGE,-0.5385998220319692,2_42
2894,2_42_chr7_158818580_158818984_rc__2_38_chr7_158818580_158818984_rc,reverse,SNP,25,0.0021393119972616804,222,0.0070297656744775176,L2RTGE,LTGE,L2RTGE / LTGE,-1.7163296997728208,2_42
2895,2_42_chr7_158818580_158818984_rc__2_38_chr7_158818580_158818984_rc,reverse,noSNP,8,0.0006845798391237378,281,0.00889803673210893,L2RTGE,LTGE,L2RTGE / LTGE,-3.700196343418366,2_42
2896,2_5_chr12_2959230_2960351_fw,forward,SNP,3,0.00025671743967140166,48,0.0015199493350221659,L2RTGE,LTGE,L2RTGE / LTGE,-2.565770023197439,2_5
2897,2_5_chr12_2959230_2960351_fw,forward,noSNP,4,0.0003422899195618689,47,0.0014882837238758709,L2RTGE,LTGE,L2RTGE / LTGE,-2.120358874875077,2_5
2898,2_5_chr12_2959230_2960351_fw,reverse,SNP,2,0.00017114495978093444,29,0.0009183027232425586,L2RTGE,LTGE,L2RTGE / LTGE,-2.4237510183250115,2_5
2899,2_5_chr12_2959230_2960351_fw,reverse,noSNP,4,0.0003422899195618689,37,0.0011716276124129196,L2RTGE,LTGE,L2RTGE / LTGE,-1.775223388826389,2_5
2900,2_6_chr12_57611320_57611561_fw,forward,SNP,3,0.00025671743967140166,51,0.0016149461684610512,L2RTGE,LTGE,L2RTGE / LTGE,-2.6532328644477787,2_6
2901,2_6_chr12_57611320_57611561_fw,forward,noSNP,4,0.0003422899195618689,28,0.0008866371120962635,L2RTGE,LTGE,L2RTGE / LTGE,-1.3731249452550436,2_6
2902,2_6_chr12_57611320_57611561_fw,reverse,SNP,7,0.0005990073592332706,31,0.0009816339455351489,L2RTGE,LTGE,L2RTGE / LTGE,-0.7126114115267104,2_6
2903,2_6_chr12_57611320_57611561_fw,reverse,noSNP,11,0.0009412972787951394,15,0.00047498416719442683,L2RTGE,LTGE,L2RTGE / LTGE,0.9867709998313394,2_6
2904,2_7_chr14_75069209_75069609_rc,forward,SNP,142,0.012151292144446347,307,0.009721342621912602,L2RTGE,LTGE,L2RTGE / LTGE,0.32188225093706363,2_7
2905,2_7_chr14_75069209_75069609_rc,forward,noSNP,11,0.0009412972787951394,32,0.001013299556681444,L2RTGE,LTGE,L2RTGE / LTGE,-0.10633840456014226,2_7
2906,2_7_chr14_75069209_75069609_rc,reverse,SNP,52,0.004449768954304296,204,0.006459784673844205,L2RTGE,LTGE,L2RTGE / LTGE,-0.5377556470278426,2_7
2907,2_7_chr14_75069209_75069609_rc,reverse,noSNP,7,0.0005990073592332706,34,0.0010766307789740342,L2RTGE,LTGE,L2RTGE / LTGE,-0.8458779423901747,2_7
2908,3,reverse,SNP,3,0.00025671743967140166,75,0.0023749208359721344,L2RTGE,LTGE,L2RTGE / LTGE,-3.209626212972164,3
2909,4,reverse,any_SNP,141,0.012065719664555878,871,0.027580747308423054,L2RTGE,LTGE,L2RTGE / LTGE,-1.1927475793975104,4
2910,8,any_orientation,any_SNP,41,0.0035084716755091564,392,0.012412919569347688,L2RTGE,LTGE,L2RTGE / LTGE,-1.8229278626945637,8
2911,9,any_orientation,any_SNP,21,0.0017970220776998118,1928,0.061051298290056996,L2RTGE,LTGE,L2RTGE / LTGE,-5.08634193664864,9
2912,CMV,any_orientation,any_SNP,128,0.010953277425979804,90,0.002849905003166561,L2RTGE,LTGE,L2RTGE / LTGE,1.942376880472886,CMV
2913,SV40,any_orientation,any_SNP,16,0.0013691596782474755,26,0.0008233058898036732,L2RTGE,LTGE,L2RTGE / LTGE,0.7337902586614685,SV40
2914,1_11_chr11_65418158_65418613_bi,forward,noSNP,11,0.0008032128514056225,10,0.00027867573291717756,LR2TGE,L2TGE,LR2TGE / L2TGE,1.5271949745668372,1_11
2915,1_11_chr11_65418158_65418613_bi,reverse,noSNP,9,0.0006571741511500548,11,0.0003065433062088953,LR2TGE,L2TGE,LR2TGE / L2TGE,1.1001848336219173,1_11
2916,1_14_chr14_60655620_60656040_bi,reverse,noSNP,3,0.0002190580503833516,7,0.0001950730130420243,LR2TGE,L2TGE,LR2TGE / L2TGE,0.16729902948045416,1_14
2917,1_15_chr15_40098659_40099167_bi,forward,noSNP,13,0.0009492515516611902,11,0.0003065433062088953,LR2TGE,L2TGE,LR2TGE / L2TGE,1.630699550320697,1_15
2918,1_15_chr15_40098659_40099167_bi,reverse,noSNP,34,0.0024826579043446513,19,0.0005294838925426374,LR2TGE,L2TGE,LR2TGE / L2TGE,2.229226778623656,1_15
2919,1_16_chr16_30805349_30805831_bi,forward,noSNP,398,0.029061701350857977,472,0.013153494593690782,LR2TGE,L2TGE,LR2TGE / L2TGE,1.1436730219987097,1_16
2920,1_16_chr16_30805349_30805831_bi,reverse,noSNP,196,0.014311792625045637,452,0.012596143127856426,LR2TGE,L2TGE,LR2TGE / L2TGE,0.18422233251692274,1_16
2921,1_17_chr16_73068918_73069480_bi,forward,noSNP,127,0.009273457466228551,93,0.0025916843161297516,LR2TGE,L2TGE,LR2TGE / L2TGE,1.8392173264810365,1_17
2922,1_17_chr16_73068918_73069480_bi,reverse,noSNP,37,0.0027017159547280028,59,0.0016441868242113478,LR2TGE,L2TGE,LR2TGE / L2TGE,0.7165017670840105,1_17
2923,1_18_chr16_74297506_74297928_bi,forward,noSNP,144,0.010514786418400876,262,0.0073013042024300525,LR2TGE,L2TGE,LR2TGE / L2TGE,0.5261934507217643,1_18
2924,1_18_chr16_74297506_74297928_bi,reverse,noSNP,78,0.005695509309967141,254,0.00707836361609631,LR2TGE,L2TGE,LR2TGE / L2TGE,-0.31359101709301546,1_18
2925,1_19_chr16_807619_808176_bi,forward,SNP,10,0.0007301935012778386,20,0.0005573514658343551,LR2TGE,L2TGE,LR2TGE / L2TGE,0.38969145081690226,1_19
2926,1_19_chr16_807619_808176_bi,forward,noSNP,1,7.301935012778386e-05,8,0.00022294058633374206,LR2TGE,L2TGE,LR2TGE / L2TGE,-1.610308549183098,1_19
2927,1_19_chr16_807619_808176_bi,reverse,SNP,42,0.0030668127053669223,17,0.00047374874595920187,LR2TGE,L2TGE,LR2TGE / L2TGE,2.694546032345323,1_19
2928,1_19_chr16_807619_808176_bi,reverse,noSNP,47,0.0034319094560058415,29,0.0008081596254598149,LR2TGE,L2TGE,LR2TGE / L2TGE,2.0862993073669673,1_19
2929,1_1_chr1_156748909_156749379_bi,forward,noSNP,12,0.0008762322015334064,91,0.002535949169546316,LR2TGE,L2TGE,LR2TGE / L2TGE,-1.5331406886606378,1_1
2930,1_20_chr16_87853532_87854041_bi,forward,SNP,12,0.0008762322015334064,19,0.0005294838925426374,LR2TGE,L2TGE,LR2TGE / L2TGE,0.7267264380944728,1_20
2931,1_20_chr16_87853532_87854041_bi,forward,noSNP,4,0.00029207740051113545,6,0.00016720543975030653,LR2TGE,L2TGE,LR2TGE / L2TGE,0.8047289500957461,1_20
2932,1_20_chr16_87853532_87854041_bi,reverse,SNP,27,0.0019715224534501644,30,0.0008360271987515327,LR2TGE,L2TGE,LR2TGE / L2TGE,1.2376883573718522,1_20
2933,1_20_chr16_87853532_87854041_bi,reverse,noSNP,29,0.002117561153705732,22,0.0006130866124177906,LR2TGE,L2TGE,LR2TGE / L2TGE,1.7882408273071773,1_20
2934,1_23_chr2_70142583_70143144_bi,forward,SNP,79,0.005768528660094925,50,0.0013933786645858879,LR2TGE,L2TGE,LR2TGE / L2TGE,2.0496160092192803,1_23
2935,1_23_chr2_70142583_70143144_bi,forward,noSNP,5,0.0003650967506389193,829,0.02310221825883402,LR2TGE,L2TGE,LR2TGE / L2TGE,-5.983608745791486,1_23
2936,1_23_chr2_70142583_70143144_bi,reverse,SNP,11,0.0008032128514056225,13,0.00036227845279233087,LR2TGE,L2TGE,LR2TGE / L2TGE,1.1486833513131074,1_23
2937,1_23_chr2_70142583_70143144_bi,reverse,noSNP,110,0.008032128514056224,628,0.017500836027198752,LR2TGE,L2TGE,LR2TGE / L2TGE,-1.1235695845500655,1_23
2938,1_24_chr21_29002584_29003015_bi,forward,noSNP,110,0.008032128514056224,89,0.0024802140229628804,LR2TGE,L2TGE,LR2TGE / L2TGE,1.695317733375164,1_24
2939,1_24_chr21_29002584_29003015_bi,reverse,noSNP,43,0.003139832055494706,108,0.0030096979155055177,LR2TGE,L2TGE,LR2TGE / L2TGE,0.061068703355531655,1_24
2940,1_25_chr22_36465359_36465803_bi,forward,noSNP,105,0.007667031763417305,31,0.0008638947720432504,LR2TGE,L2TGE,LR2TGE / L2TGE,3.1497406580961496,1_25
2941,1_25_chr22_36465359_36465803_bi,reverse,noSNP,58,0.004235122307411464,29,0.0008081596254598149,LR2TGE,L2TGE,LR2TGE / L2TGE,2.389691450816902,1_25
2942,1_26_chr22_40651538_40652054_bi,forward,noSNP,43,0.003139832055494706,595,0.016581206108572066,LR2TGE,L2TGE,LR2TGE / L2TGE,-2.400789652676306,1_26
2943,1_26_chr22_40651538_40652054_bi,reverse,noSNP,239,0.017451624680540342,736,0.02051053394270427,LR2TGE,L2TGE,LR2TGE / L2TGE,-0.23300369725936243,1_26
2944,1_28_chr7_1532728_1533226_bi,forward,noSNP,12,0.0008762322015334064,25,0.0006966893322929439,LR2TGE,L2TGE,LR2TGE / L2TGE,0.33079776176333364,1_28
2945,1_28_chr7_1532728_1533226_bi,reverse,noSNP,4,0.00029207740051113545,13,0.00036227845279233087,LR2TGE,L2TGE,LR2TGE / L2TGE,-0.31074826732419014,1_28
2946,1_29_chr7_25856979_25857429_bi,forward,SNP,35,0.002555677254472435,39,0.0010868353583769925,LR2TGE,L2TGE,LR2TGE / L2TGE,1.2335722488996201,1_29
2947,1_29_chr7_25856979_25857429_bi,reverse,SNP,41,0.0029937933552391383,62,0.0017277895440865009,LR2TGE,L2TGE,LR2TGE / L2TGE,0.7930471450481107,1_29
2948,1_30_chr9_126805681_126806202_bi,forward,noSNP,54,0.003943044906900329,191,0.005322706498718092,LR2TGE,L2TGE,LR2TGE / L2TGE,-0.43284987505537803,1_30
2949,1_30_chr9_126805681_126806202_bi,reverse,noSNP,135,0.009857612267250822,204,0.005684984951510422,LR2TGE,L2TGE,LR2TGE / L2TGE,0.7940817058962376,1_30
2950,1_5_chr1_33127099_33127603_bi,forward,noSNP,97,0.007082876962395034,395,0.011007691450228514,LR2TGE,L2TGE,LR2TGE / L2TGE,-0.6361045500604355,1_5
2951,1_5_chr1_33127099_33127603_bi,reverse,noSNP,214,0.015626140927345746,378,0.010533942704269312,LR2TGE,L2TGE,LR2TGE / L2TGE,0.5689160129969764,1_5
2952,1_7_chr10_110211049_110211924_bi,forward,noSNP,94,0.006863818912011683,206,0.005740720098093858,LR2TGE,L2TGE,LR2TGE / L2TGE,0.2577797753113211,1_7
2953,1_7_chr10_110211049_110211924_bi,reverse,noSNP,60,0.004381161007667032,29,0.0008081596254598149,LR2TGE,L2TGE,LR2TGE / L2TGE,2.4386010512978484,1_7
2954,1_8_chr10_4663047_4663594_bi,forward,noSNP,742,0.05418035779481563,81,0.0022572734366291384,LR2TGE,L2TGE,LR2TGE / L2TGE,4.585116824553081,1_8
2955,1_8_chr10_4663047_4663594_bi,reverse,noSNP,1482,0.10821467688937568,48,0.0013376435180024523,LR2TGE,L2TGE,LR2TGE / L2TGE,6.33805868240158,1_8
2956,1_9_chr10_71860316_71860874_bi,forward,noSNP,30,0.002190580503833516,54,0.0015048489577527589,LR2TGE,L2TGE,LR2TGE / L2TGE,0.5416945442619521,1_9
2957,1_9_chr10_71860316_71860874_bi,reverse,noSNP,119,0.00868930266520628,48,0.0013376435180024523,LR2TGE,L2TGE,LR2TGE / L2TGE,2.6995467134036897,1_9
2958,22,any_orientation,any_SNP,283,0.020664476086162835,5351,0.14911938468398173,LR2TGE,L2TGE,LR2TGE / L2TGE,-2.851243119952578,22
2959,2_10_chr16_3305171_3305501_rc,forward,SNP,295,0.02154070828769624,320,0.008917623453349682,LR2TGE,L2TGE,LR2TGE / L2TGE,1.2723345001787436,2_10
2960,2_10_chr16_3305171_3305501_rc,forward,noSNP,1,7.301935012778386e-05,372,0.010366737264519007,LR2TGE,L2TGE,LR2TGE / L2TGE,-7.149467360291129,2_10
2961,2_10_chr16_3305171_3305501_rc,reverse,SNP,95,0.006936838262139467,219,0.006102998550886189,LR2TGE,L2TGE,LR2TGE / L2TGE,0.18475999954667655,2_10
2962,2_10_chr16_3305171_3305501_rc,reverse,noSNP,146,0.010660825118656445,265,0.007384906922305205,LR2TGE,L2TGE,LR2TGE / L2TGE,0.5296674602463579,2_10
2963,2_11_chr16_4538333_4538583_rc,reverse,noSNP,4,0.00029207740051113545,17,0.00047374874595920187,LR2TGE,L2TGE,LR2TGE / L2TGE,-0.6977713904334373,2_11
2964,2_12_chr17_58692543_58692822_fw,forward,noSNP,30,0.002190580503833516,148,0.004124400847174228,LR2TGE,L2TGE,LR2TGE / L2TGE,-0.9128713192035289,2_12
2965,2_12_chr17_58692543_58692822_fw,reverse,noSNP,2,0.00014603870025556772,121,0.0033719763682978484,LR2TGE,L2TGE,LR2TGE / L2TGE,-4.529171786457693,2_12
2966,2_13_chr19_41397182_41397493_rc,forward,SNP,42,0.0030668127053669223,327,0.009112696466391706,LR2TGE,L2TGE,LR2TGE / L2TGE,-1.57113795190242,2_13
2967,2_13_chr19_41397182_41397493_rc,reverse,SNP,80,0.005841548010222709,332,0.009252034332850295,LR2TGE,L2TGE,LR2TGE / L2TGE,-0.6634198856426601,2_13
2968,2_15_chr3_122793601_122793905_rc,forward,SNP,42,0.0030668127053669223,149,0.004152268420465946,LR2TGE,L2TGE,LR2TGE / L2TGE,-0.43715964686649894,2_15
2969,2_15_chr3_122793601_122793905_rc,forward,noSNP,24,0.0017524644030668128,170,0.004737487459592018,LR2TGE,L2TGE,LR2TGE / L2TGE,-1.4347369845996432,2_15
2970,2_15_chr3_122793601_122793905_rc,reverse,SNP,27,0.0019715224534501644,89,0.0024802140229628804,LR2TGE,L2TGE,LR2TGE / L2TGE,-0.33115447798602693,2_15
2971,2_15_chr3_122793601_122793905_rc,reverse,noSNP,1,7.301935012778386e-05,66,0.0018392598372533719,LR2TGE,L2TGE,LR2TGE / L2TGE,-4.654702668541551,2_15
2972,2_16_chr6_108562603_108562763_rc,forward,SNP,150,0.01095290251916758,254,0.00707836361609631,LR2TGE,L2TGE,LR2TGE / L2TGE,0.6298254545406172,2_16
2973,2_16_chr6_108562603_108562763_rc,forward,noSNP,180,0.013143483023001095,208,0.005796455244677294,LR2TGE,L2TGE,LR2TGE / L2TGE,1.1811048290054846,2_16
2974,2_16_chr6_108562603_108562763_rc,reverse,SNP,66,0.004819277108433735,205,0.00571285252480214,LR2TGE,L2TGE,LR2TGE / L2TGE,-0.2453945293300904,2_16
2975,2_16_chr6_108562603_108562763_rc,reverse,noSNP,68,0.004965315808689303,185,0.005155501058967785,LR2TGE,L2TGE,LR2TGE / L2TGE,-0.054227168449070606,2_16
2976,2_17_chr7_149685_149919_fw,forward,SNP,15,0.001095290251916758,104,0.002898227622338647,LR2TGE,L2TGE,LR2TGE / L2TGE,-1.4038576717156717,2_17
2977,2_17_chr7_149685_149919_fw,forward,noSNP,6,0.0004381161007667032,104,0.002898227622338647,LR2TGE,L2TGE,LR2TGE / L2TGE,-2.7257857666030336,2_17
2978,2_17_chr7_149685_149919_fw,reverse,SNP,26,0.0018985031033223803,102,0.002842492475755211,LR2TGE,L2TGE,LR2TGE / L2TGE,-0.5822941730135013,2_17
2979,2_17_chr7_149685_149919_fw,reverse,noSNP,12,0.0008762322015334064,85,0.002368743729796009,LR2TGE,L2TGE,LR2TGE / L2TGE,-1.4347369845996432,2_17
2980,2_18_chr7_26398513_26398756_fw,forward,SNP,5,0.0003650967506389193,8,0.00022294058633374206,LR2TGE,L2TGE,LR2TGE / L2TGE,0.7116195457042644,2_18
2981,2_18_chr7_26398513_26398756_fw,forward,noSNP,2,0.00014603870025556772,10,0.00027867573291717756,LR2TGE,L2TGE,LR2TGE / L2TGE,-0.93223664407046,2_18
2982,2_18_chr7_26398513_26398756_fw,reverse,SNP,4,0.00029207740051113545,7,0.0001950730130420243,LR2TGE,L2TGE,LR2TGE / L2TGE,0.5823365287592981,2_18
2983,2_18_chr7_26398513_26398756_fw,reverse,noSNP,2,0.00014603870025556772,5,0.00013933786645858878,LR2TGE,L2TGE,LR2TGE / L2TGE,0.06776335592953996,2_18
2984,2_19_chr7_27168362_27168894_fw,forward,SNP,10,0.0007301935012778386,245,0.006827555456470851,LR2TGE,L2TGE,LR2TGE / L2TGE,-3.225018393298306,2_19
2985,2_19_chr7_27168362_27168894_fw,forward,noSNP,1,7.301935012778386e-05,204,0.005684984951510422,LR2TGE,L2TGE,LR2TGE / L2TGE,-6.282733891154593,2_19
2986,2_19_chr7_27168362_27168894_fw,reverse,SNP,10,0.0007301935012778386,316,0.008806153160182812,LR2TGE,L2TGE,LR2TGE / L2TGE,-3.5921612024728384,2_19
2987,2_19_chr7_27168362_27168894_fw,reverse,noSNP,16,0.0011683096020445418,233,0.006493144576970237,LR2TGE,L2TGE,LR2TGE / L2TGE,-2.474494693837378,2_19
2988,2_1_chr10_24208466_24209279_fw,forward,SNP,12,0.0008762322015334064,142,0.003957195407423921,LR2TGE,L2TGE,LR2TGE / L2TGE,-2.1750931679666237,2_1
2989,2_1_chr10_24208466_24209279_fw,forward,noSNP,16,0.0011683096020445418,81,0.0022572734366291384,LR2TGE,L2TGE,LR2TGE / L2TGE,-0.9501585520677227,2_1
2990,2_1_chr10_24208466_24209279_fw,reverse,SNP,21,0.0015334063526834612,202,0.005629249804926987,LR2TGE,L2TGE,LR2TGE / L2TGE,-1.8762026091561324,2_1
2991,2_20_chr7_7566677_7567687_fw,forward,SNP,14,0.001022270901788974,39,0.0010868353583769925,LR2TGE,L2TGE,LR2TGE / L2TGE,-0.08835584598774215,2_20
2992,2_20_chr7_7566677_7567687_fw,forward,noSNP,29,0.002117561153705732,103,0.002870360049046929,LR2TGE,L2TGE,LR2TGE / L2TGE,-0.43882808123874395,2_20
2993,2_20_chr7_7566677_7567687_fw,reverse,noSNP,47,0.0034319094560058415,187,0.00521123620555122,LR2TGE,L2TGE,LR2TGE / L2TGE,-0.6026141573930971,2_20
2994,2_22_chr10_122375105_122375476_rc__2_21_chr10_122375073_122375541_fw,forward,SNP,13,0.0009492515516611902,80,0.0022294058633374205,LR2TGE,L2TGE,LR2TGE / L2TGE,-1.231796925929368,2_22
2995,2_22_chr10_122375105_122375476_rc__2_21_chr10_122375073_122375541_fw,forward,noSNP,13,0.0009492515516611902,94,0.002619551889421469,LR2TGE,L2TGE,LR2TGE / L2TGE,-1.464457682719643,2_22
2996,2_22_chr10_122375105_122375476_rc__2_21_chr10_122375073_122375541_fw,reverse,SNP,6,0.0004381161007667032,44,0.0012261732248355812,LR2TGE,L2TGE,LR2TGE / L2TGE,-1.4847776670992388,2_22
2997,2_22_chr10_122375105_122375476_rc__2_21_chr10_122375073_122375541_fw,reverse,noSNP,4,0.00029207740051113545,74,0.002062200423587114,LR2TGE,L2TGE,LR2TGE / L2TGE,-2.8197619148120476,2_22
2998,2_23_chr12_53046798_53047380_fw__2_24_chr12_53046888_53047426_rc,forward,SNP,7,0.000511135450894487,61,0.0016999219707947832,LR2TGE,L2TGE,LR2TGE / L2TGE,-1.7336909646883802,2_23
2999,2_23_chr12_53046798_53047380_fw__2_24_chr12_53046888_53047426_rc,forward,noSNP,15,0.001095290251916758,71,0.0019785977037119606,LR2TGE,L2TGE,LR2TGE / L2TGE,-0.8531650730792611,2_23
3000,2_23_chr12_53046798_53047380_fw__2_24_chr12_53046888_53047426_rc,reverse,SNP,12,0.0008762322015334064,63,0.0017556571173782188,LR2TGE,L2TGE,LR2TGE / L2TGE,-1.0026259719618582,2_23
3001,2_23_chr12_53046798_53047380_fw__2_24_chr12_53046888_53047426_rc,reverse,noSNP,9,0.0006571741511500548,86,0.002396611303087727,LR2TGE,L2TGE,LR2TGE / L2TGE,-1.8666483024428833,2_23
3002,2_32_chr22_44023936_44024267_rc__2_31_chr22_44023811_44024452_fw,forward,SNP,24,0.0017524644030668128,96,0.0026752870360049045,LR2TGE,L2TGE,LR2TGE / L2TGE,-0.6103085491830977,2_32
3003,2_32_chr22_44023936_44024267_rc__2_31_chr22_44023811_44024452_fw,forward,noSNP,11,0.0008032128514056225,67,0.0018671274105450898,LR2TGE,L2TGE,LR2TGE / L2TGE,-1.216966121003573,2_32
3004,2_32_chr22_44023936_44024267_rc__2_31_chr22_44023811_44024452_fw,reverse,SNP,19,0.0013873676524278934,75,0.002090067996878832,LR2TGE,L2TGE,LR2TGE / L2TGE,-0.5911997262353931,2_32
3005,2_32_chr22_44023936_44024267_rc__2_31_chr22_44023811_44024452_fw,reverse,noSNP,16,0.0011683096020445418,80,0.0022294058633374205,LR2TGE,L2TGE,LR2TGE / L2TGE,-0.93223664407046,2_32
3006,2_33_chr5_132369336_132370461_fw__2_34_chr5_132369418_132370280_rc,forward,SNP,8,0.0005841548010222709,29,0.0008081596254598149,LR2TGE,L2TGE,LR2TGE / L2TGE,-0.46828954431066994,2_33
3007,2_33_chr5_132369336_132370461_fw__2_34_chr5_132369418_132370280_rc,forward,noSNP,28,0.002044541803577948,54,0.0015048489577527589,LR2TGE,L2TGE,LR2TGE / L2TGE,0.44215887071103765,2_33
3008,2_33_chr5_132369336_132370461_fw__2_34_chr5_132369418_132370280_rc,reverse,SNP,3,0.0002190580503833516,34,0.0009474974919184037,LR2TGE,L2TGE,LR2TGE / L2TGE,-2.112808889712281,2_33
3009,2_33_chr5_132369336_132370461_fw__2_34_chr5_132369418_132370280_rc,reverse,noSNP,3,0.0002190580503833516,43,0.0011983056515438636,LR2TGE,L2TGE,LR2TGE / L2TGE,-2.4516108031640393,2_33
3010,2_39_chr14_100375283_100375730_rc__2_35_chr14_100375283_100375730_rc,forward,SNP,116,0.008470244614822929,410,0.01142570504960428,LR2TGE,L2TGE,LR2TGE / L2TGE,-0.43180765356097167,2_39
3011,2_39_chr14_100375283_100375730_rc__2_35_chr14_100375283_100375730_rc,forward,noSNP,179,0.013070463672873312,407,0.011342102329729127,LR2TGE,L2TGE,LR2TGE / L2TGE,0.20462224381491162,2_39
3012,2_3_chr10_71888998_71889183_rc,forward,SNP,15,0.001095290251916758,38,0.0010589677850852749,LR2TGE,L2TGE,LR2TGE / L2TGE,0.048654532981834954,2_3
3013,2_3_chr10_71888998_71889183_rc,forward,noSNP,6,0.0004381161007667032,19,0.0005294838925426374,LR2TGE,L2TGE,LR2TGE / L2TGE,-0.2732735619055272,2_3
3014,2_40_chr2_27890876_27891263_rc__2_36_chr2_27890876_27891263_rc,forward,SNP,23,0.001679445052939029,62,0.0017277895440865009,LR2TGE,L2TGE,LR2TGE / L2TGE,-0.04094290351296014,2_40
3015,2_40_chr2_27890876_27891263_rc__2_36_chr2_27890876_27891263_rc,forward,noSNP,16,0.0011683096020445418,54,0.0015048489577527589,LR2TGE,L2TGE,LR2TGE / L2TGE,-0.36519605134656646,2_40
3016,2_40_chr2_27890876_27891263_rc__2_36_chr2_27890876_27891263_rc,reverse,SNP,31,0.0022635998539613,68,0.0018949949838368075,LR2TGE,L2TGE,LR2TGE / L2TGE,0.25642491995343797,2_40
3017,2_40_chr2_27890876_27891263_rc__2_36_chr2_27890876_27891263_rc,reverse,noSNP,18,0.0013143483023001095,53,0.0014769813844610412,LR2TGE,L2TGE,LR2TGE / L2TGE,-0.1683040023039847,2_40
3018,2_41_chr2_29114692_29115684_fw__2_37_chr2_29114692_29115684_fw,forward,SNP,23,0.001679445052939029,144,0.004012930554007357,LR2TGE,L2TGE,LR2TGE / L2TGE,-1.2566715945683973,2_41
3019,2_41_chr2_29114692_29115684_fw__2_37_chr2_29114692_29115684_fw,reverse,SNP,26,0.0018985031033223803,115,0.0032047709285475423,LR2TGE,L2TGE,LR2TGE / L2TGE,-0.755358881986381,2_41
3020,2_41_chr2_29114692_29115684_fw__2_37_chr2_29114692_29115684_fw,reverse,noSNP,9,0.0006571741511500548,53,0.0014769813844610412,LR2TGE,L2TGE,LR2TGE / L2TGE,-1.1683040023039848,2_41
3021,2_42_chr7_158818580_158818984_rc__2_38_chr7_158818580_158818984_rc,forward,SNP,3,0.0002190580503833516,263,0.0073291717757217704,LR2TGE,L2TGE,LR2TGE / L2TGE,-5.064265037754244,2_42
3022,2_42_chr7_158818580_158818984_rc__2_38_chr7_158818580_158818984_rc,forward,noSNP,1,7.301935012778386e-05,359,0.010004458811726675,LR2TGE,L2TGE,LR2TGE / L2TGE,-7.098148583006149,2_42
3023,2_42_chr7_158818580_158818984_rc__2_38_chr7_158818580_158818984_rc,reverse,SNP,1,7.301935012778386e-05,313,0.008722550440307657,LR2TGE,L2TGE,LR2TGE / L2TGE,-6.900327396115716,2_42
3024,2_42_chr7_158818580_158818984_rc__2_38_chr7_158818580_158818984_rc,reverse,noSNP,31,0.0022635998539613,330,0.00919629918626686,LR2TGE,L2TGE,LR2TGE / L2TGE,-2.022434453042038,2_42
3025,2_4_chr11_124876752_124876939_fw,forward,noSNP,3,0.0002190580503833516,13,0.00036227845279233087,LR2TGE,L2TGE,LR2TGE / L2TGE,-0.7257857666030337,2_4
3026,2_5_chr12_2959230_2960351_fw,forward,SNP,8,0.0005841548010222709,46,0.0012819083714190169,LR2TGE,L2TGE,LR2TGE / L2TGE,-1.1338705052401108,2_5
3027,2_5_chr12_2959230_2960351_fw,forward,noSNP,2,0.00014603870025556772,51,0.0014212462378776056,LR2TGE,L2TGE,LR2TGE / L2TGE,-3.2827338911545936,2_5
3028,2_5_chr12_2959230_2960351_fw,reverse,SNP,3,0.0002190580503833516,38,0.0010589677850852749,LR2TGE,L2TGE,LR2TGE / L2TGE,-2.273273561905527,2_5
3029,2_5_chr12_2959230_2960351_fw,reverse,noSNP,1,7.301935012778386e-05,48,0.0013376435180024523,LR2TGE,L2TGE,LR2TGE / L2TGE,-4.195271049904254,2_5
3030,2_6_chr12_57611320_57611561_fw,forward,SNP,3,0.0002190580503833516,52,0.0014491138111693235,LR2TGE,L2TGE,LR2TGE / L2TGE,-2.7257857666030336,2_6
3031,2_6_chr12_57611320_57611561_fw,forward,noSNP,1,7.301935012778386e-05,35,0.0009753650652101215,LR2TGE,L2TGE,LR2TGE / L2TGE,-3.7395915661280643,2_6
3032,2_6_chr12_57611320_57611561_fw,reverse,SNP,14,0.001022270901788974,25,0.0006966893322929439,LR2TGE,L2TGE,LR2TGE / L2TGE,0.5531901830997814,2_6
3033,2_6_chr12_57611320_57611561_fw,reverse,noSNP,9,0.0006571741511500548,29,0.0008081596254598149,LR2TGE,L2TGE,LR2TGE / L2TGE,-0.29836454286835756,2_6
3034,2_7_chr14_75069209_75069609_rc,forward,SNP,130,0.009492515516611903,382,0.010645412997436184,LR2TGE,L2TGE,LR2TGE / L2TGE,-0.165369564190392,2_7
3035,2_7_chr14_75069209_75069609_rc,forward,noSNP,15,0.001095290251916758,42,0.0011704380782521459,LR2TGE,L2TGE,LR2TGE / L2TGE,-0.09573537635333973,2_7
3036,2_7_chr14_75069209_75069609_rc,reverse,SNP,52,0.0037970062066447607,317,0.008834020733474529,LR2TGE,L2TGE,LR2TGE / L2TGE,-1.218207861181413,2_7
3037,2_7_chr14_75069209_75069609_rc,reverse,noSNP,7,0.000511135450894487,44,0.0012261732248355812,LR2TGE,L2TGE,LR2TGE / L2TGE,-1.2623852457627909,2_7
3038,3,reverse,SNP,10,0.0007301935012778386,82,0.002285141009920856,LR2TGE,L2TGE,LR2TGE / L2TGE,-1.6459324589138191,3
3039,4,forward,any_SNP,46,0.003358890105878058,1331,0.037091740051276335,LR2TGE,L2TGE,LR2TGE / L2TGE,-3.4650414490379764,4
3040,4,reverse,any_SNP,239,0.017451624680540342,881,0.024551332070003345,LR2TGE,L2TGE,LR2TGE / L2TGE,-0.4924399501227631,4
3041,8,any_orientation,any_SNP,56,0.004089083607155896,442,0.012317467394939248,LR2TGE,L2TGE,LR2TGE / L2TGE,-1.5908561865169253,8
3042,9,any_orientation,any_SNP,39,0.0028477546549835705,2120,0.05907925537844164,LR2TGE,L2TGE,LR2TGE / L2TGE,-4.374754879771411,9
3043,CMV,any_orientation,any_SNP,206,0.015041986126323476,107,0.0029818303422138,LR2TGE,L2TGE,LR2TGE / L2TGE,2.3347249915989736,CMV
3044,SV40,any_orientation,any_SNP,31,0.0022635998539613,30,0.0008360271987515327,LR2TGE,L2TGE,LR2TGE / L2TGE,1.436997165595259,SV40
3045,1_11_chr11_65418158_65418613_bi,forward,noSNP,11,0.0008032128514056225,9,0.0003413487066676781,LR2TGE,L3TGE,LR2TGE / L3TGE,1.234536066916719,1_11
3046,1_11_chr11_65418158_65418613_bi,reverse,noSNP,9,0.0006571741511500548,11,0.00041720397481605096,LR2TGE,L3TGE,LR2TGE / L3TGE,0.6555228325267495,1_11
3047,1_14_chr14_60655620_60656040_bi,reverse,noSNP,3,0.0002190580503833516,11,0.00041720397481605096,LR2TGE,L3TGE,LR2TGE / L3TGE,-0.9294396681944066,1_14
3048,1_15_chr15_40098659_40099167_bi,forward,noSNP,13,0.0009492515516611902,8,0.0003034210725934916,LR2TGE,L3TGE,LR2TGE / L3TGE,1.6454691678628264,1_15
3049,1_15_chr15_40098659_40099167_bi,reverse,noSNP,34,0.0024826579043446513,19,0.0007206250474095426,LR2TGE,L3TGE,LR2TGE / L3TGE,1.784564777528488,1_15
3050,1_16_chr16_30805349_30805831_bi,forward,noSNP,398,0.029061701350857977,376,0.014260790411894106,LR2TGE,L3TGE,LR2TGE / L3TGE,1.0270652185877456,1_16
3051,1_16_chr16_30805349_30805831_bi,reverse,noSNP,196,0.014311792625045637,312,0.011833421831146173,LR2TGE,L3TGE,LR2TGE / L3TGE,0.2743370749746943,1_16
3052,1_17_chr16_73068918_73069480_bi,forward,noSNP,127,0.009273457466228551,84,0.003185921262231662,LR2TGE,L3TGE,LR2TGE / L3TGE,1.5413967137151399,1_17
3053,1_17_chr16_73068918_73069480_bi,reverse,noSNP,37,0.0027017159547280028,44,0.0016688158992642038,LR2TGE,L3TGE,LR2TGE / L3TGE,0.6950511967133868,1_17
3054,1_18_chr16_74297506_74297928_bi,forward,noSNP,144,0.010514786418400876,176,0.006675263597056815,LR2TGE,L3TGE,LR2TGE / L3TGE,0.6555228325267495,1_18
3055,1_18_chr16_74297506_74297928_bi,reverse,noSNP,78,0.005695509309967141,192,0.007282105742243799,LR2TGE,L3TGE,LR2TGE / L3TGE,-0.35453083213717357,1_18
3056,1_19_chr16_807619_808176_bi,forward,SNP,10,0.0007301935012778386,20,0.000758552681483729,LR2TGE,L3TGE,LR2TGE / L3TGE,-0.05497055027826573,1_19
3057,1_19_chr16_807619_808176_bi,forward,noSNP,1,7.301935012778386e-05,9,0.0003413487066676781,LR2TGE,L3TGE,LR2TGE / L3TGE,-2.224895551720578,1_19
3058,1_19_chr16_807619_808176_bi,reverse,SNP,42,0.0030668127053669223,13,0.0004930592429644239,LR2TGE,L3TGE,LR2TGE / L3TGE,2.6369071543594025,1_19
3059,1_19_chr16_807619_808176_bi,reverse,noSNP,47,0.0034319094560058415,19,0.0007206250474095426,LR2TGE,L3TGE,LR2TGE / L3TGE,2.2516907879557864,1_19
3060,1_1_chr1_156748909_156749379_bi,forward,noSNP,12,0.0008762322015334064,66,0.002503223848896306,LR2TGE,L3TGE,LR2TGE / L3TGE,-1.514402168915563,1_1
3061,1_20_chr16_87853532_87854041_bi,forward,SNP,12,0.0008762322015334064,11,0.00041720397481605096,LR2TGE,L3TGE,LR2TGE / L3TGE,1.0705603318055934,1_20
3062,1_20_chr16_87853532_87854041_bi,forward,noSNP,4,0.00029207740051113545,5,0.00018963817037093226,LR2TGE,L3TGE,LR2TGE / L3TGE,0.623101354834372,1_20
3063,1_20_chr16_87853532_87854041_bi,reverse,SNP,27,0.0019715224534501644,21,0.0007964803155579155,LR2TGE,L3TGE,LR2TGE / L3TGE,1.3075995291064426,1_20
3064,1_20_chr16_87853532_87854041_bi,reverse,noSNP,29,0.002117561153705732,28,0.0010619737540772207,LR2TGE,L3TGE,LR2TGE / L3TGE,0.9956555227917024,1_20
3065,1_23_chr2_70142583_70143144_bi,forward,noSNP,5,0.0003650967506389193,667,0.025297731927482362,LR2TGE,L3TGE,LR2TGE / L3TGE,-6.114585406575488,1_23
3066,1_23_chr2_70142583_70143144_bi,reverse,noSNP,110,0.008032128514056224,528,0.020025790791170447,LR2TGE,L3TGE,LR2TGE / L3TGE,-1.3180049561120597,1_23
3067,1_24_chr21_29002584_29003015_bi,forward,noSNP,110,0.008032128514056224,98,0.0037169081392702725,LR2TGE,L3TGE,LR2TGE / L3TGE,1.1116793191311856,1_24
3068,1_24_chr21_29002584_29003015_bi,reverse,noSNP,43,0.003139832055494706,77,0.0029204278237123567,LR2TGE,L3TGE,LR2TGE / L3TGE,0.10450766372893094,1_24
3069,1_25_chr22_36465359_36465803_bi,forward,noSNP,105,0.007667031763417305,58,0.0021998027763028144,LR2TGE,L3TGE,LR2TGE / L3TGE,1.8012939722602845,1_25
3070,1_25_chr22_36465359_36465803_bi,reverse,noSNP,58,0.004235122307411464,67,0.0025411514829704923,LR2TGE,L3TGE,LR2TGE / L3TGE,0.7369212543915341,1_25
3071,1_26_chr22_40651538_40652054_bi,forward,noSNP,43,0.003139832055494706,453,0.017181218235606463,LR2TGE,L3TGE,LR2TGE / L3TGE,-2.452073035622403,1_26
3072,1_26_chr22_40651538_40652054_bi,reverse,noSNP,239,0.017451624680540342,530,0.020101646059318818,LR2TGE,L3TGE,LR2TGE / L3TGE,-0.20395229174807863,1_26
3073,1_28_chr7_1532728_1533226_bi,forward,noSNP,12,0.0008762322015334064,18,0.0006826974133353562,LR2TGE,L3TGE,LR2TGE / L3TGE,0.3600669490005782,1_28
3074,1_28_chr7_1532728_1533226_bi,reverse,noSNP,4,0.00029207740051113545,12,0.00045513160889023744,LR2TGE,L3TGE,LR2TGE / L3TGE,-0.6399330509994221,1_28
3075,1_29_chr7_25856979_25857429_bi,forward,SNP,35,0.002555677254472435,33,0.001251611924448153,LR2TGE,L3TGE,LR2TGE / L3TGE,1.0299183473082472,1_29
3076,1_29_chr7_25856979_25857429_bi,reverse,SNP,41,0.0029937933552391383,43,0.0016308882651900173,LR2TGE,L3TGE,LR2TGE / L3TGE,0.8763166996377201,1_29
3077,1_30_chr9_126805681_126806202_bi,forward,noSNP,54,0.003943044906900329,147,0.005575362208905408,LR2TGE,L3TGE,LR2TGE / L3TGE,-0.4997553929511613,1_30
3078,1_30_chr9_126805681_126806202_bi,reverse,noSNP,135,0.009857612267250822,149,0.005651217477053781,LR2TGE,L3TGE,LR2TGE / L3TGE,0.8026765263104036,1_30
3079,1_5_chr1_33127099_33127603_bi,forward,noSNP,97,0.007082876962395034,261,0.009899112493362665,LR2TGE,L3TGE,LR2TGE / L3TGE,-0.4829637046610226,1_5
3080,1_5_chr1_33127099_33127603_bi,reverse,noSNP,214,0.015626140927345746,246,0.009330197982249867,LR2TGE,L3TGE,LR2TGE / L3TGE,0.7439819307836413,1_5
3081,1_7_chr10_110211049_110211924_bi,forward,noSNP,94,0.006863818912011683,162,0.006144276720018205,LR2TGE,L3TGE,LR2TGE / L3TGE,0.1597682985147469,1_7
3082,1_7_chr10_110211049_110211924_bi,reverse,noSNP,60,0.004381161007667032,18,0.0006826974133353562,LR2TGE,L3TGE,LR2TGE / L3TGE,2.68199504388794,1_7
3083,1_8_chr10_4663047_4663594_bi,forward,noSNP,742,0.05418035779481563,275,0.010430099370401274,LR2TGE,L3TGE,LR2TGE / L3TGE,2.3770170179305157,1_8
3084,1_8_chr10_4663047_4663594_bi,reverse,noSNP,1482,0.10821467688937568,344,0.013047106121520139,LR2TGE,L3TGE,LR2TGE / L3TGE,3.05209442732547,1_8
3085,1_9_chr10_71860316_71860874_bi,forward,noSNP,30,0.002190580503833516,46,0.0017446711674125768,LR2TGE,L3TGE,LR2TGE / L3TGE,0.3283580892732398,1_9
3086,1_9_chr10_71860316_71860874_bi,reverse,noSNP,119,0.00868930266520628,26,0.0009861184859288477,LR2TGE,L3TGE,LR2TGE / L3TGE,3.1394074948885855,1_9
3087,22,any_orientation,any_SNP,283,0.020664476086162835,3778,0.1432906015322764,LR2TGE,L3TGE,LR2TGE / L3TGE,-2.793719293834753,22
3088,2_10_chr16_3305171_3305501_rc,forward,SNP,295,0.02154070828769624,221,0.008382007130395205,LR2TGE,L3TGE,LR2TGE / L3TGE,1.3616980345795067,2_10
3089,2_10_chr16_3305171_3305501_rc,forward,noSNP,1,7.301935012778386e-05,235,0.008912994007433816,LR2TGE,L3TGE,LR2TGE / L3TGE,-6.931487496843266,2_10
3090,2_10_chr16_3305171_3305501_rc,reverse,SNP,95,0.006936838262139467,152,0.0057650003792763405,LR2TGE,L3TGE,LR2TGE / L3TGE,0.2669575446090966,2_10
3091,2_10_chr16_3305171_3305501_rc,reverse,noSNP,146,0.010660825118656445,178,0.006751118865205188,LR2TGE,L3TGE,LR2TGE / L3TGE,0.6591205776353538,2_10
3092,2_11_chr16_4538333_4538583_rc,reverse,SNP,4,0.00029207740051113545,14,0.0005309868770386104,LR2TGE,L3TGE,LR2TGE / L3TGE,-0.8623254723358699,2_11
3093,2_12_chr17_58692543_58692822_fw,forward,noSNP,30,0.002190580503833516,85,0.0032238488963058486,LR2TGE,L3TGE,LR2TGE / L3TGE,-0.5574708908074489,2_12
3094,2_12_chr17_58692543_58692822_fw,reverse,noSNP,2,0.00014603870025556772,88,0.0033376317985284077,LR2TGE,L3TGE,LR2TGE / L3TGE,-4.514402168915563,2_12
3095,2_13_chr19_41397182_41397493_rc,forward,SNP,42,0.0030668127053669223,196,0.007433816278540545,LR2TGE,L3TGE,LR2TGE / L3TGE,-1.2773629716147137,2_13
3096,2_13_chr19_41397182_41397493_rc,forward,noSNP,31,0.0022635998539613,297,0.011264507320033377,LR2TGE,L3TGE,LR2TGE / L3TGE,-2.315093360692156,2_13
3097,2_13_chr19_41397182_41397493_rc,reverse,SNP,80,0.005841548010222709,192,0.007282105742243799,LR2TGE,L3TGE,LR2TGE / L3TGE,-0.31800495611205953,2_13
3098,2_13_chr19_41397182_41397493_rc,reverse,noSNP,114,0.00832420591456736,254,0.009633619054843359,LR2TGE,L3TGE,LR2TGE / L3TGE,-0.21076522288568988,2_13
3099,2_15_chr3_122793601_122793905_rc,forward,SNP,42,0.0030668127053669223,133,0.005044375331866798,LR2TGE,L3TGE,LR2TGE / L3TGE,-0.7179355630006948,2_15
3100,2_15_chr3_122793601_122793905_rc,forward,noSNP,24,0.0017524644030668128,114,0.004323750284457256,LR2TGE,L3TGE,LR2TGE / L3TGE,-1.3028980637218512,2_15
3101,2_15_chr3_122793601_122793905_rc,reverse,SNP,27,0.0019715224534501644,72,0.0027307896533414248,LR2TGE,L3TGE,LR2TGE / L3TGE,-0.4700080495571095,2_15
3102,2_15_chr3_122793601_122793905_rc,reverse,noSNP,1,7.301935012778386e-05,50,0.0018963817037093225,LR2TGE,L3TGE,LR2TGE / L3TGE,-4.69882674005299,2_15
3103,2_16_chr6_108562603_108562763_rc,forward,noSNP,180,0.013143483023001095,8,0.0003034210725934916,LR2TGE,L3TGE,LR2TGE / L3TGE,5.436882546051409,2_16
3104,2_16_chr6_108562603_108562763_rc,reverse,noSNP,68,0.004965315808689303,8,0.0003034210725934916,LR2TGE,L3TGE,LR2TGE / L3TGE,4.0324922909720735,2_16
3105,2_17_chr7_149685_149919_fw,forward,SNP,15,0.001095290251916758,77,0.0029204278237123567,LR2TGE,L3TGE,LR2TGE / L3TGE,-1.4148664953646486,2_17
3106,2_17_chr7_149685_149919_fw,forward,noSNP,6,0.0004381161007667032,70,0.002654934385193052,LR2TGE,L3TGE,LR2TGE / L3TGE,-2.5992910665020763,2_17
3107,2_17_chr7_149685_149919_fw,reverse,SNP,26,0.0018985031033223803,69,0.0026170067511188653,LR2TGE,L3TGE,LR2TGE / L3TGE,-0.46305528891534276,2_17
3108,2_17_chr7_149685_149919_fw,reverse,noSNP,12,0.0008762322015334064,58,0.0021998027763028144,LR2TGE,L3TGE,LR2TGE / L3TGE,-1.3279890446846816,2_17
3109,2_18_chr7_26398513_26398756_fw,forward,SNP,5,0.0003650967506389193,302,0.011454145490404308,LR2TGE,L3TGE,LR2TGE / L3TGE,-4.971447194715982,2_18
3110,2_18_chr7_26398513_26398756_fw,forward,noSNP,2,0.00014603870025556772,297,0.011264507320033377,LR2TGE,L3TGE,LR2TGE / L3TGE,-6.269289671079031,2_18
3111,2_18_chr7_26398513_26398756_fw,reverse,SNP,4,0.00029207740051113545,346,0.013122961389668512,LR2TGE,L3TGE,LR2TGE / L3TGE,-5.48959877791499,2_18
3112,2_18_chr7_26398513_26398756_fw,reverse,noSNP,2,0.00014603870025556772,344,0.013047106121520139,LR2TGE,L3TGE,LR2TGE / L3TGE,-6.4812353049803635,2_18
3113,2_19_chr7_27168362_27168894_fw,forward,SNP,10,0.0007301935012778386,158,0.0059925661837214594,LR2TGE,L3TGE,LR2TGE / L3TGE,-3.036823203568006,2_19
3114,2_19_chr7_27168362_27168894_fw,forward,noSNP,1,7.301935012778386e-05,143,0.005423651672608663,LR2TGE,L3TGE,LR2TGE / L3TGE,-6.2148418870566555,2_19
3115,2_19_chr7_27168362_27168894_fw,reverse,SNP,10,0.0007301935012778386,179,0.006789046499279375,LR2TGE,L3TGE,LR2TGE / L3TGE,-3.21685823265516,2_19
3116,2_19_chr7_27168362_27168894_fw,reverse,noSNP,16,0.0011683096020445418,179,0.006789046499279375,LR2TGE,L3TGE,LR2TGE / L3TGE,-2.538786327542522,2_19
3117,2_1_chr10_24208466_24209279_fw,reverse,SNP,21,0.0015334063526834612,6,0.00022756580444511872,LR2TGE,L3TGE,LR2TGE / L3TGE,2.752384371779338,2_1
3118,2_20_chr7_7566677_7567687_fw,forward,SNP,14,0.001022270901788974,5,0.00018963817037093226,LR2TGE,L3TGE,LR2TGE / L3TGE,2.430456276891976,2_20
3119,2_20_chr7_7566677_7567687_fw,forward,noSNP,29,0.002117561153705732,7,0.0002654934385193052,LR2TGE,L3TGE,LR2TGE / L3TGE,2.9956555227917026,2_20
3120,2_20_chr7_7566677_7567687_fw,reverse,SNP,1,7.301935012778386e-05,51,0.001934309337783509,LR2TGE,L3TGE,LR2TGE / L3TGE,-4.727395892249762,2_20
3121,2_20_chr7_7566677_7567687_fw,reverse,noSNP,47,0.0034319094560058415,94,0.0035651976029735266,LR2TGE,L3TGE,LR2TGE / L3TGE,-0.05497055027826573,2_20
3122,2_22_chr10_122375105_122375476_rc__2_21_chr10_122375073_122375541_fw,forward,SNP,13,0.0009492515516611902,81,0.0030721383600091027,LR2TGE,L3TGE,LR2TGE / L3TGE,-1.6943808350217984,2_22
3123,2_22_chr10_122375105_122375476_rc__2_21_chr10_122375073_122375541_fw,forward,noSNP,13,0.0009492515516611902,54,0.0020480922400060685,LR2TGE,L3TGE,LR2TGE / L3TGE,-1.1094183343006423,2_22
3124,2_22_chr10_122375105_122375476_rc__2_21_chr10_122375073_122375541_fw,reverse,SNP,6,0.0004381161007667032,33,0.001251611924448153,LR2TGE,L3TGE,LR2TGE / L3TGE,-1.514402168915563,2_22
3125,2_22_chr10_122375105_122375476_rc__2_21_chr10_122375073_122375541_fw,reverse,noSNP,4,0.00029207740051113545,53,0.002010164605931882,LR2TGE,L3TGE,LR2TGE / L3TGE,-2.782891004841465,2_22
3126,2_23_chr12_53046798_53047380_fw__2_24_chr12_53046888_53047426_rc,forward,SNP,7,0.000511135450894487,48,0.0018205264355609498,LR2TGE,L3TGE,LR2TGE / L3TGE,-1.832578128941818,2_23
3127,2_32_chr22_44023936_44024267_rc__2_31_chr22_44023811_44024452_fw,forward,SNP,24,0.0017524644030668128,75,0.0028445725555639838,LR2TGE,L3TGE,LR2TGE / L3TGE,-0.6988267400529904,2_32
3128,2_32_chr22_44023936_44024267_rc__2_31_chr22_44023811_44024452_fw,forward,noSNP,11,0.0008032128514056225,43,0.0016308882651900173,LR2TGE,L3TGE,LR2TGE / L3TGE,-1.0218036863430662,2_32
3129,2_32_chr22_44023936_44024267_rc__2_31_chr22_44023811_44024452_fw,reverse,SNP,19,0.0013873676524278934,63,0.0023894409466737464,LR2TGE,L3TGE,LR2TGE / L3TGE,-0.7843229603345965,2_32
3130,2_32_chr22_44023936_44024267_rc__2_31_chr22_44023811_44024452_fw,reverse,noSNP,16,0.0011683096020445418,56,0.0021239475081544414,LR2TGE,L3TGE,LR2TGE / L3TGE,-0.8623254723358699,2_32
3131,2_33_chr5_132369336_132370461_fw__2_34_chr5_132369418_132370280_rc,forward,SNP,8,0.0005841548010222709,29,0.0010999013881514072,LR2TGE,L3TGE,LR2TGE / L3TGE,-0.9129515454058379,2_33
3132,2_33_chr5_132369336_132370461_fw__2_34_chr5_132369418_132370280_rc,forward,noSNP,28,0.002044541803577948,36,0.0013653948266707124,LR2TGE,L3TGE,LR2TGE / L3TGE,0.5824593703370259,2_33
3133,2_33_chr5_132369336_132370461_fw__2_34_chr5_132369418_132370280_rc,reverse,SNP,3,0.0002190580503833516,31,0.00117575665629978,LR2TGE,L3TGE,LR2TGE / L3TGE,-2.424204359943985,2_33
3134,2_33_chr5_132369336_132370461_fw__2_34_chr5_132369418_132370280_rc,reverse,noSNP,3,0.0002190580503833516,39,0.0014791777288932716,LR2TGE,L3TGE,LR2TGE / L3TGE,-2.7554102684193578,2_33
3135,2_39_chr14_100375283_100375730_rc__2_35_chr14_100375283_100375730_rc,forward,SNP,116,0.008470244614822929,280,0.010619737540772207,LR2TGE,L3TGE,LR2TGE / L3TGE,-0.32627257209566,2_39
3136,2_39_chr14_100375283_100375730_rc__2_35_chr14_100375283_100375730_rc,forward,noSNP,179,0.013070463672873312,281,0.010657665174846393,LR2TGE,L3TGE,LR2TGE / L3TGE,0.2944189067650647,2_39
3137,2_39_chr14_100375283_100375730_rc__2_35_chr14_100375283_100375730_rc,reverse,SNP,41,0.0029937933552391383,160,0.006068421451869832,LR2TGE,L3TGE,LR2TGE / L3TGE,-1.0193466405475444,2_39
3138,2_3_chr10_71888998_71889183_rc,forward,SNP,15,0.001095290251916758,36,0.0013653948266707124,LR2TGE,L3TGE,LR2TGE / L3TGE,-0.31800495611205976,2_3
3139,2_3_chr10_71888998_71889183_rc,forward,noSNP,6,0.0004381161007667032,11,0.00041720397481605096,LR2TGE,L3TGE,LR2TGE / L3TGE,0.07056033180559344,2_3
3140,2_3_chr10_71888998_71889183_rc,reverse,SNP,3,0.0002190580503833516,7,0.0002654934385193052,LR2TGE,L3TGE,LR2TGE / L3TGE,-0.27736297161471357,2_3
3141,2_40_chr2_27890876_27891263_rc__2_36_chr2_27890876_27891263_rc,forward,SNP,23,0.001679445052939029,43,0.0016308882651900173,LR2TGE,L3TGE,LR2TGE / L3TGE,0.04232665107664946,2_40
3142,2_40_chr2_27890876_27891263_rc__2_36_chr2_27890876_27891263_rc,forward,noSNP,16,0.0011683096020445418,38,0.0014412500948190851,LR2TGE,L3TGE,LR2TGE / L3TGE,-0.30289806372185124,2_40
3143,2_40_chr2_27890876_27891263_rc__2_36_chr2_27890876_27891263_rc,reverse,SNP,31,0.0022635998539613,44,0.0016688158992642038,LR2TGE,L3TGE,LR2TGE / L3TGE,0.43979414147131246,2_40
3144,2_40_chr2_27890876_27891263_rc__2_36_chr2_27890876_27891263_rc,reverse,noSNP,18,0.0013143483023001095,41,0.0015550329970416446,LR2TGE,L3TGE,LR2TGE / L3TGE,-0.24259755345403697,2_40
3145,2_41_chr2_29114692_29115684_fw__2_37_chr2_29114692_29115684_fw,forward,SNP,23,0.001679445052939029,87,0.003299704164454221,LR2TGE,L3TGE,LR2TGE / L3TGE,-0.9743520900699811,2_41
3146,2_41_chr2_29114692_29115684_fw__2_37_chr2_29114692_29115684_fw,reverse,SNP,26,0.0018985031033223803,76,0.0028825001896381703,LR2TGE,L3TGE,LR2TGE / L3TGE,-0.6024583455807592,2_41
3147,2_41_chr2_29114692_29115684_fw__2_37_chr2_29114692_29115684_fw,reverse,noSNP,9,0.0006571741511500548,45,0.0017067435333383903,LR2TGE,L3TGE,LR2TGE / L3TGE,-1.376898645165628,2_41
3148,2_42_chr7_158818580_158818984_rc__2_38_chr7_158818580_158818984_rc,forward,noSNP,1,7.301935012778386e-05,264,0.010012895395585223,LR2TGE,L3TGE,LR2TGE / L3TGE,-7.099364669636719,2_42
3149,2_42_chr7_158818580_158818984_rc__2_38_chr7_158818580_158818984_rc,reverse,SNP,1,7.301935012778386e-05,259,0.009823257225214292,LR2TGE,L3TGE,LR2TGE / L3TGE,-7.071778837964819,2_42
3150,2_42_chr7_158818580_158818984_rc__2_38_chr7_158818580_158818984_rc,reverse,noSNP,31,0.0022635998539613,236,0.008950921641508004,LR2TGE,L3TGE,LR2TGE / L3TGE,-1.9834172892532318,2_42
3151,2_5_chr12_2959230_2960351_fw,forward,SNP,8,0.0005841548010222709,30,0.0011378290222255935,LR2TGE,L3TGE,LR2TGE / L3TGE,-0.9618611458867842,2_5
3152,2_5_chr12_2959230_2960351_fw,forward,noSNP,2,0.00014603870025556772,28,0.0010619737540772207,LR2TGE,L3TGE,LR2TGE / L3TGE,-2.8623254723358698,2_5
3153,2_5_chr12_2959230_2960351_fw,reverse,SNP,3,0.0002190580503833516,31,0.00117575665629978,LR2TGE,L3TGE,LR2TGE / L3TGE,-2.424204359943985,2_5
3154,2_5_chr12_2959230_2960351_fw,reverse,noSNP,1,7.301935012778386e-05,36,0.0013653948266707124,LR2TGE,L3TGE,LR2TGE / L3TGE,-4.224895551720579,2_5
3155,2_6_chr12_57611320_57611561_fw,forward,SNP,3,0.0002190580503833516,43,0.0016308882651900173,LR2TGE,L3TGE,LR2TGE / L3TGE,-2.896272804259207,2_6
3156,2_6_chr12_57611320_57611561_fw,forward,noSNP,1,7.301935012778386e-05,21,0.0007964803155579155,LR2TGE,L3TGE,LR2TGE / L3TGE,-3.4472879730570263,2_6
3157,2_6_chr12_57611320_57611561_fw,reverse,SNP,14,0.001022270901788974,16,0.0006068421451869832,LR2TGE,L3TGE,LR2TGE / L3TGE,0.7523843717793383,2_6
3158,2_6_chr12_57611320_57611561_fw,reverse,noSNP,9,0.0006571741511500548,14,0.0005309868770386104,LR2TGE,L3TGE,LR2TGE / L3TGE,0.30759952910644256,2_6
3159,2_7_chr14_75069209_75069609_rc,forward,SNP,130,0.009492515516611903,275,0.010430099370401274,LR2TGE,L3TGE,LR2TGE / L3TGE,-0.13589054566183298,2_7
3160,2_7_chr14_75069209_75069609_rc,forward,noSNP,15,0.001095290251916758,27,0.0010240461200030342,LR2TGE,L3TGE,LR2TGE / L3TGE,0.09703254316678409,2_7
3161,2_7_chr14_75069209_75069609_rc,reverse,SNP,52,0.0037970062066447607,210,0.007964803155579155,LR2TGE,L3TGE,LR2TGE / L3TGE,-1.0687763498032963,2_7
3162,2_7_chr14_75069209_75069609_rc,reverse,noSNP,7,0.000511135450894487,22,0.0008344079496321019,LR2TGE,L3TGE,LR2TGE / L3TGE,-0.7070472468579587,2_7
3163,3,reverse,SNP,10,0.0007301935012778386,41,0.0015550329970416446,LR2TGE,L3TGE,LR2TGE / L3TGE,-1.0905944600089872,3
3164,4,forward,any_SNP,46,0.003358890105878058,915,0.03470378517788061,LR2TGE,L3TGE,LR2TGE / L3TGE,-3.3690365273926575,4
3165,4,reverse,any_SNP,239,0.017451624680540342,591,0.022415231737844193,LR2TGE,L3TGE,LR2TGE / L3TGE,-0.3611180624750496,4
3166,8,any_orientation,any_SNP,56,0.004089083607155896,291,0.011036941515588258,LR2TGE,L3TGE,LR2TGE / L3TGE,-1.4324909711289455,8
3167,9,any_orientation,any_SNP,39,0.0028477546549835705,1565,0.0593567473261018,LR2TGE,L3TGE,LR2TGE / L3TGE,-4.3815152732359985,9
3168,CMV,any_orientation,any_SNP,206,0.015041986126323476,75,0.0028445725555639838,LR2TGE,L3TGE,LR2TGE / L3TGE,2.402711286409072,CMV
3169,SV40,any_orientation,any_SNP,31,0.0022635998539613,22,0.0008344079496321019,LR2TGE,L3TGE,LR2TGE / L3TGE,1.4397941414713125,SV40
3170,1_11_chr11_65418158_65418613_bi,forward,noSNP,11,0.0008032128514056225,6,0.00022471068499307141,LR2TGE,L4TGE,LR2TGE / L4TGE,1.8377136262959715,1_11
3171,1_11_chr11_65418158_65418613_bi,reverse,noSNP,9,0.0006571741511500548,15,0.0005617767124826786,LR2TGE,L4TGE,LR2TGE / L4TGE,0.2262789142136241,1_11
3172,1_14_chr14_60655620_60656040_bi,reverse,noSNP,3,0.0002190580503833516,6,0.00022471068499307141,LR2TGE,L4TGE,LR2TGE / L4TGE,-0.03675549162016957,1_14
3173,1_15_chr15_40098659_40099167_bi,forward,noSNP,13,0.0009492515516611902,6,0.00022471068499307141,LR2TGE,L4TGE,LR2TGE / L4TGE,2.0787217257997663,1_15
3174,1_15_chr15_40098659_40099167_bi,reverse,noSNP,34,0.0024826579043446513,12,0.00044942136998614283,LR2TGE,L4TGE,LR2TGE / L4TGE,2.4657448489090137,1_15
3175,1_16_chr16_30805349_30805831_bi,forward,noSNP,398,0.029061701350857977,391,0.01464364630538182,LR2TGE,L4TGE,LR2TGE / L4TGE,0.9888443316161268,1_16
3176,1_16_chr16_30805349_30805831_bi,reverse,noSNP,196,0.014311792625045637,352,0.013183026852926856,LR2TGE,L4TGE,LR2TGE / L4TGE,0.1185227338577413,1_16
3177,1_17_chr16_73068918_73069480_bi,forward,noSNP,127,0.009273457466228551,66,0.0024718175349237857,LR2TGE,L4TGE,LR2TGE / L4TGE,1.9075350757935428,1_17
3178,1_17_chr16_73068918_73069480_bi,reverse,noSNP,37,0.0027017159547280028,47,0.0017602336991123927,LR2TGE,L4TGE,LR2TGE / L4TGE,0.6181090223311427,1_17
3179,1_18_chr16_74297506_74297928_bi,forward,noSNP,144,0.010514786418400876,206,0.007715066851428786,LR2TGE,L4TGE,LR2TGE / L4TGE,0.44666898263892424,1_18
3180,1_18_chr16_74297506_74297928_bi,reverse,noSNP,78,0.005695509309967141,211,0.007902325755589678,LR2TGE,L4TGE,LR2TGE / L4TGE,-0.47245246146510644,1_18
3181,1_19_chr16_807619_808176_bi,forward,SNP,10,0.0007301935012778386,15,0.0005617767124826786,LR2TGE,L4TGE,LR2TGE / L4TGE,0.37828200765867415,1_19
3182,1_19_chr16_807619_808176_bi,forward,noSNP,1,7.301935012778386e-05,8,0.00029961424665742855,LR2TGE,L4TGE,LR2TGE / L4TGE,-2.0367554916201698,1_19
3183,1_19_chr16_807619_808176_bi,reverse,SNP,42,0.0030668127053669223,7,0.00026216246582525,LR2TGE,L4TGE,LR2TGE / L4TGE,3.5482070091009867,1_19
3184,1_19_chr16_807619_808176_bi,reverse,noSNP,47,0.0034319094560058415,22,0.0008239391783079285,LR2TGE,L4TGE,LR2TGE / L4TGE,2.0584017414201705,1_19
3185,1_1_chr1_156748909_156749379_bi,forward,noSNP,12,0.0008762322015334064,68,0.002546721096588143,LR2TGE,L4TGE,LR2TGE / L4TGE,-1.539255832149353,1_1
3186,1_20_chr16_87853532_87854041_bi,forward,SNP,12,0.0008762322015334064,14,0.0005243249316505,LR2TGE,L4TGE,LR2TGE / L4TGE,0.7408520870433825,1_20
3187,1_20_chr16_87853532_87854041_bi,forward,noSNP,4,0.00029207740051113545,5,0.00018725890416089285,LR2TGE,L4TGE,LR2TGE / L4TGE,0.6413164134924679,1_20
3188,1_20_chr16_87853532_87854041_bi,reverse,SNP,27,0.0019715224534501644,20,0.0007490356166435714,LR2TGE,L4TGE,LR2TGE / L4TGE,1.3962039156559367,1_20
3189,1_20_chr16_87853532_87854041_bi,reverse,noSNP,29,0.002117561153705732,25,0.0009362945208044643,LR2TGE,L4TGE,LR2TGE / L4TGE,1.1773693137326777,1_20
3190,1_23_chr2_70142583_70143144_bi,forward,SNP,79,0.005768528660094925,54,0.0020223961649376426,LR2TGE,L4TGE,LR2TGE / L4TGE,1.5121377543934649,1_23
3191,1_23_chr2_70142583_70143144_bi,forward,noSNP,5,0.0003650967506389193,649,0.024306205760083893,LR2TGE,L4TGE,LR2TGE / L4TGE,-6.056902064731946,1_23
3192,1_23_chr2_70142583_70143144_bi,reverse,SNP,11,0.0008032128514056225,13,0.0004868731508183214,LR2TGE,L4TGE,LR2TGE / L4TGE,0.7222364088760355,1_23
3193,1_23_chr2_70142583_70143144_bi,reverse,noSNP,110,0.008032128514056224,469,0.017564885210291748,LR2TGE,L4TGE,LR2TGE / L4TGE,-1.1288398906108865,1_23
3194,1_24_chr21_29002584_29003015_bi,forward,noSNP,110,0.008032128514056224,84,0.003145949589903,LR2TGE,L4TGE,LR2TGE / L4TGE,1.3522867991257295,1_24
3195,1_24_chr21_29002584_29003015_bi,reverse,noSNP,43,0.003139832055494706,76,0.0028463353432455715,LR2TGE,L4TGE,LR2TGE / L4TGE,0.14158174963834275,1_24
3196,1_25_chr22_36465359_36465803_bi,forward,noSNP,105,0.007667031763417305,52,0.0019474926032732856,LR2TGE,L4TGE,LR2TGE / L4TGE,1.9770503079048607,1_25
3197,1_25_chr22_36465359_36465803_bi,reverse,noSNP,58,0.004235122307411464,101,0.0037826298640500355,LR2TGE,L4TGE,LR2TGE / L4TGE,0.1630140207556079,1_25
3198,1_26_chr22_40651538_40652054_bi,forward,noSNP,43,0.003139832055494706,458,0.017152915621137785,LR2TGE,L4TGE,LR2TGE / L4TGE,-2.449694525015016,1_26
3199,1_26_chr22_40651538_40652054_bi,reverse,noSNP,239,0.017451624680540342,508,0.019025504662746714,LR2TGE,L4TGE,LR2TGE / L4TGE,-0.12457337041158718,1_26
3200,1_28_chr7_1532728_1533226_bi,forward,noSNP,12,0.0008762322015334064,17,0.0006366802741470357,LR2TGE,L4TGE,LR2TGE / L4TGE,0.4607441678506471,1_28
3201,1_28_chr7_1532728_1533226_bi,reverse,noSNP,4,0.00029207740051113545,5,0.00018725890416089285,LR2TGE,L4TGE,LR2TGE / L4TGE,0.6413164134924679,1_28
3202,1_29_chr7_25856979_25857429_bi,forward,SNP,35,0.002555677254472435,20,0.0007490356166435714,LR2TGE,L4TGE,LR2TGE / L4TGE,1.7705994304374344,1_29
3203,1_29_chr7_25856979_25857429_bi,reverse,SNP,41,0.0029937933552391383,46,0.0017227819182802143,LR2TGE,L4TGE,LR2TGE / L4TGE,0.7972345569409011,1_29
3204,1_30_chr9_126805681_126806202_bi,forward,noSNP,54,0.003943044906900329,110,0.004119695891539643,LR2TGE,L4TGE,LR2TGE / L4TGE,-0.06322770298136064,1_30
3205,1_30_chr9_126805681_126806202_bi,reverse,noSNP,135,0.009857612267250822,130,0.0048687315081832145,LR2TGE,L4TGE,LR2TGE / L4TGE,1.0176922924022065,1_30
3206,1_5_chr1_33127099_33127603_bi,forward,noSNP,97,0.007082876962395034,264,0.009887270139695143,LR2TGE,L4TGE,LR2TGE / L4TGE,-0.4812367687914956,1_5
3207,1_5_chr1_33127099_33127603_bi,reverse,noSNP,214,0.015626140927345746,280,0.010486498633009999,LR2TGE,L4TGE,LR2TGE / L4TGE,0.5754284778360109,1_5
3208,1_7_chr10_110211049_110211924_bi,forward,noSNP,94,0.006863818912011683,162,0.006067188494812929,LR2TGE,L4TGE,LR2TGE / L4TGE,0.17798335717284275,1_7
3209,1_7_chr10_110211049_110211924_bi,reverse,noSNP,60,0.004381161007667032,21,0.00078648739747575,LR2TGE,L4TGE,LR2TGE / L4TGE,2.4778176812095882,1_7
3210,1_8_chr10_4663047_4663594_bi,forward,noSNP,742,0.05418035779481563,280,0.010486498633009999,LR2TGE,L4TGE,LR2TGE / L4TGE,2.3692368680556672,1_8
3211,1_8_chr10_4663047_4663594_bi,reverse,noSNP,1482,0.10821467688937568,355,0.013295382195423392,LR2TGE,L4TGE,LR2TGE / L4TGE,3.0248990262936197,1_8
3212,1_9_chr10_71860316_71860874_bi,forward,noSNP,30,0.002190580503833516,43,0.0016104265757836784,LR2TGE,L4TGE,LR2TGE / L4TGE,0.443870349286251,1_9
3213,1_9_chr10_71860316_71860874_bi,reverse,noSNP,119,0.00868930266520628,35,0.0013108123291262499,LR2TGE,L4TGE,LR2TGE / L4TGE,2.7287792547428076,1_9
3214,22,any_orientation,any_SNP,283,0.020664476086162835,3904,0.14621175236882514,LR2TGE,L4TGE,LR2TGE / L4TGE,-2.8228345863511737,22
3215,2_10_chr16_3305171_3305501_rc,forward,SNP,295,0.02154070828769624,179,0.006703868768959964,LR2TGE,L4TGE,LR2TGE / L4TGE,1.6839998753647776,2_10
3216,2_10_chr16_3305171_3305501_rc,forward,noSNP,1,7.301935012778386e-05,209,0.00782742219392532,LR2TGE,L4TGE,LR2TGE / L4TGE,-6.744114623701052,2_10
3217,2_10_chr16_3305171_3305501_rc,reverse,SNP,95,0.006936838262139467,153,0.005730122467323321,LR2TGE,L4TGE,LR2TGE / L4TGE,0.2757122740181265,2_10
3218,2_10_chr16_3305171_3305501_rc,reverse,noSNP,146,0.010660825118656445,157,0.005879929590652036,LR2TGE,L4TGE,LR2TGE / L4TGE,0.8584483183682207,2_10
3219,2_11_chr16_4538333_4538583_rc,reverse,SNP,4,0.00029207740051113545,5,0.00018725890416089285,LR2TGE,L4TGE,LR2TGE / L4TGE,0.6413164134924679,2_11
3220,2_11_chr16_4538333_4538583_rc,reverse,noSNP,4,0.00029207740051113545,6,0.00022471068499307141,LR2TGE,L4TGE,LR2TGE / L4TGE,0.37828200765867415,2_11
3221,2_12_chr17_58692543_58692822_fw,forward,noSNP,30,0.002190580503833516,72,0.002696528219916857,LR2TGE,L4TGE,LR2TGE / L4TGE,-0.29978989745396356,2_12
3222,2_12_chr17_58692543_58692822_fw,reverse,noSNP,2,0.00014603870025556772,88,0.003295756713231714,LR2TGE,L4TGE,LR2TGE / L4TGE,-4.496187110257467,2_12
3223,2_13_chr19_41397182_41397493_rc,forward,SNP,42,0.0030668127053669223,260,0.009737463016366429,LR2TGE,L4TGE,LR2TGE / L4TGE,-1.6668058818698641,2_13
3224,2_13_chr19_41397182_41397493_rc,forward,noSNP,31,0.0022635998539613,297,0.011123178907157036,LR2TGE,L4TGE,LR2TGE / L4TGE,-2.2968783020340604,2_13
3225,2_13_chr19_41397182_41397493_rc,reverse,SNP,80,0.005841548010222709,217,0.00812703644058275,LR2TGE,L4TGE,LR2TGE / L4TGE,-0.47637862917728657,2_13
3226,2_13_chr19_41397182_41397493_rc,reverse,noSNP,114,0.00832420591456736,265,0.00992472192052732,LR2TGE,L4TGE,LR2TGE / L4TGE,-0.25371402690598943,2_13
3227,2_15_chr3_122793601_122793905_rc,forward,SNP,42,0.0030668127053669223,102,0.003820081644882214,LR2TGE,L4TGE,LR2TGE / L4TGE,-0.3168634108129049,2_15
3228,2_15_chr3_122793601_122793905_rc,forward,noSNP,24,0.0017524644030668128,90,0.0033706602748960713,LR2TGE,L4TGE,LR2TGE / L4TGE,-0.943646087228688,2_15
3229,2_15_chr3_122793601_122793905_rc,reverse,SNP,27,0.0019715224534501644,74,0.0027714317815812142,LR2TGE,L4TGE,LR2TGE / L4TGE,-0.4913213550856507,2_15
3230,2_15_chr3_122793601_122793905_rc,reverse,noSNP,1,7.301935012778386e-05,54,0.0020223961649376426,LR2TGE,L4TGE,LR2TGE / L4TGE,-4.791642993783638,2_15
3231,2_16_chr6_108562603_108562763_rc,forward,noSNP,180,0.013143483023001095,401,0.015018164113703606,LR2TGE,L4TGE,LR2TGE / L4TGE,-0.19236082174541527,2_16
3232,2_16_chr6_108562603_108562763_rc,reverse,noSNP,68,0.004965315808689303,370,0.013857158907906071,LR2TGE,L4TGE,LR2TGE / L4TGE,-1.4806741108861425,2_16
3233,2_17_chr7_149685_149919_fw,forward,SNP,15,0.001095290251916758,72,0.002696528219916857,LR2TGE,L4TGE,LR2TGE / L4TGE,-1.2997898974539634,2_17
3234,2_17_chr7_149685_149919_fw,forward,noSNP,6,0.0004381161007667032,61,0.0022845586307628928,LR2TGE,L4TGE,LR2TGE / L4TGE,-2.3825303284618995,2_17
3235,2_17_chr7_149685_149919_fw,reverse,SNP,26,0.0018985031033223803,73,0.002733980000749036,LR2TGE,L4TGE,LR2TGE / L4TGE,-0.526140332359095,2_17
3236,2_17_chr7_149685_149919_fw,reverse,noSNP,12,0.0008762322015334064,36,0.0013482641099584285,LR2TGE,L4TGE,LR2TGE / L4TGE,-0.6217179923413259,2_17
3237,2_18_chr7_26398513_26398756_fw,forward,SNP,5,0.0003650967506389193,305,0.011422793153814463,LR2TGE,L4TGE,LR2TGE / L4TGE,-4.967492829183056,2_18
3238,2_18_chr7_26398513_26398756_fw,forward,noSNP,2,0.00014603870025556772,332,0.012433991236283285,LR2TGE,L4TGE,LR2TGE / L4TGE,-6.411794922967094,2_18
3239,2_18_chr7_26398513_26398756_fw,reverse,SNP,4,0.00029207740051113545,349,0.01307067151043032,LR2TGE,L4TGE,LR2TGE / L4TGE,-5.483838717829822,2_18
3240,2_18_chr7_26398513_26398756_fw,reverse,noSNP,2,0.00014603870025556772,308,0.011535148496311,LR2TGE,L4TGE,LR2TGE / L4TGE,-6.303542032315071,2_18
3241,2_19_chr7_27168362_27168894_fw,forward,SNP,10,0.0007301935012778386,230,0.008613909591401072,LR2TGE,L4TGE,LR2TGE / L4TGE,-3.5603174476771824,2_19
3242,2_19_chr7_27168362_27168894_fw,forward,noSNP,1,7.301935012778386e-05,141,0.005280701097337179,LR2TGE,L4TGE,LR2TGE / L4TGE,-6.1763068440189635,2_19
3243,2_19_chr7_27168362_27168894_fw,reverse,noSNP,16,0.0011683096020445418,227,0.008501554248904536,LR2TGE,L4TGE,LR2TGE / L4TGE,-2.863303978911085,2_19
3244,2_1_chr10_24208466_24209279_fw,reverse,SNP,21,0.0015334063526834612,12,0.00044942136998614283,LR2TGE,L4TGE,LR2TGE / L4TGE,1.7705994304374346,2_1
3245,2_20_chr7_7566677_7567687_fw,forward,SNP,14,0.001022270901788974,31,0.0011610052057975356,LR2TGE,L4TGE,LR2TGE / L4TGE,-0.1835968799494408,2_20
3246,2_20_chr7_7566677_7567687_fw,forward,noSNP,29,0.002117561153705732,68,0.002546721096588143,LR2TGE,L4TGE,LR2TGE / L4TGE,-0.266237337742937,2_20
3247,2_20_chr7_7566677_7567687_fw,reverse,noSNP,47,0.0034319094560058415,155,0.005805026028987678,LR2TGE,L4TGE,LR2TGE / L4TGE,-0.7582910452167698,2_20
3248,2_22_chr10_122375105_122375476_rc__2_21_chr10_122375073_122375541_fw,forward,SNP,13,0.0009492515516611902,73,0.002733980000749036,LR2TGE,L4TGE,LR2TGE / L4TGE,-1.526140332359095,2_22
3249,2_22_chr10_122375105_122375476_rc__2_21_chr10_122375073_122375541_fw,forward,noSNP,13,0.0009492515516611902,70,0.0026216246582524997,LR2TGE,L4TGE,LR2TGE / L4TGE,-1.465598790424044,2_22
3250,2_22_chr10_122375105_122375476_rc__2_21_chr10_122375073_122375541_fw,reverse,SNP,6,0.0004381161007667032,44,0.001647878356615857,LR2TGE,L4TGE,LR2TGE / L4TGE,-1.9112246095363106,2_22
3251,2_22_chr10_122375105_122375476_rc__2_21_chr10_122375073_122375541_fw,reverse,noSNP,4,0.00029207740051113545,42,0.0015729747949515,LR2TGE,L4TGE,LR2TGE / L4TGE,-2.42907291439893,2_22
3252,2_23_chr12_53046798_53047380_fw__2_24_chr12_53046888_53047426_rc,forward,SNP,7,0.000511135450894487,47,0.0017602336991123927,LR2TGE,L4TGE,LR2TGE / L4TGE,-1.783989421240203,2_23
3253,2_23_chr12_53046798_53047380_fw__2_24_chr12_53046888_53047426_rc,forward,noSNP,15,0.001095290251916758,49,0.00183513726077675,LR2TGE,L4TGE,LR2TGE / L4TGE,-0.7445747401268594,2_23
3254,2_23_chr12_53046798_53047380_fw__2_24_chr12_53046888_53047426_rc,reverse,SNP,12,0.0008762322015334064,54,0.0020223961649376426,LR2TGE,L4TGE,LR2TGE / L4TGE,-1.206680493062482,2_23
3255,2_23_chr12_53046798_53047380_fw__2_24_chr12_53046888_53047426_rc,reverse,noSNP,9,0.0006571741511500548,59,0.0022096550690985355,LR2TGE,L4TGE,LR2TGE / L4TGE,-1.7494735395396985,2_23
3256,2_32_chr22_44023936_44024267_rc__2_31_chr22_44023811_44024452_fw,forward,SNP,24,0.0017524644030668128,77,0.00288378712407775,LR2TGE,L4TGE,LR2TGE / L4TGE,-0.7185795315939146,2_32
3257,2_32_chr22_44023936_44024267_rc__2_31_chr22_44023811_44024452_fw,forward,noSNP,11,0.0008032128514056225,49,0.00183513726077675,LR2TGE,L4TGE,LR2TGE / L4TGE,-1.1920337170980806,2_32
3258,2_32_chr22_44023936_44024267_rc__2_31_chr22_44023811_44024452_fw,reverse,SNP,19,0.0013873676524278934,62,0.002322010411595071,LR2TGE,L4TGE,LR2TGE / L4TGE,-0.7430242885634591,2_32
3259,2_32_chr22_44023936_44024267_rc__2_31_chr22_44023811_44024452_fw,reverse,noSNP,16,0.0011683096020445418,67,0.002509269315755964,LR2TGE,L4TGE,LR2TGE / L4TGE,-1.102844682077942,2_32
3260,2_33_chr5_132369336_132370461_fw__2_34_chr5_132369418_132370280_rc,forward,SNP,8,0.0005841548010222709,29,0.0010861016441331786,LR2TGE,L4TGE,LR2TGE / L4TGE,-0.8947364867477419,2_33
3261,2_33_chr5_132369336_132370461_fw__2_34_chr5_132369418_132370280_rc,forward,noSNP,28,0.002044541803577948,40,0.0014980712332871428,LR2TGE,L4TGE,LR2TGE / L4TGE,0.44867133555007216,2_33
3262,2_33_chr5_132369336_132370461_fw__2_34_chr5_132369418_132370280_rc,reverse,SNP,3,0.0002190580503833516,30,0.0011235534249653572,LR2TGE,L4TGE,LR2TGE / L4TGE,-2.358683586507532,2_33
3263,2_33_chr5_132369336_132370461_fw__2_34_chr5_132369418_132370280_rc,reverse,noSNP,3,0.0002190580503833516,48,0.0017976854799445713,LR2TGE,L4TGE,LR2TGE / L4TGE,-3.0367554916201698,2_33
3264,2_39_chr14_100375283_100375730_rc__2_35_chr14_100375283_100375730_rc,forward,SNP,116,0.008470244614822929,287,0.01074866109883525,LR2TGE,L4TGE,LR2TGE / L4TGE,-0.34368142316828526,2_39
3265,2_39_chr14_100375283_100375730_rc__2_35_chr14_100375283_100375730_rc,forward,noSNP,179,0.013070463672873312,279,0.010449046852177821,LR2TGE,L4TGE,LR2TGE / L4TGE,0.3229389738148993,2_39
3266,2_39_chr14_100375283_100375730_rc__2_35_chr14_100375283_100375730_rc,reverse,SNP,41,0.0029937933552391383,179,0.006703868768959964,LR2TGE,L4TGE,LR2TGE / L4TGE,-1.1630192642663424,2_39
3267,2_39_chr14_100375283_100375730_rc__2_35_chr14_100375283_100375730_rc,reverse,noSNP,41,0.0029937933552391383,237,0.008876072057226321,LR2TGE,L4TGE,LR2TGE / L4TGE,-1.5679467359003452,2_39
3268,2_3_chr10_71888998_71889183_rc,forward,SNP,15,0.001095290251916758,27,0.0010111980824688213,LR2TGE,L4TGE,LR2TGE / L4TGE,0.11524760182488047,2_3
3269,2_3_chr10_71888998_71889183_rc,forward,noSNP,6,0.0004381161007667032,12,0.00044942136998614283,LR2TGE,L4TGE,LR2TGE / L4TGE,-0.03675549162016957,2_3
3270,2_3_chr10_71888998_71889183_rc,reverse,SNP,3,0.0002190580503833516,11,0.00041196958915396426,LR2TGE,L4TGE,LR2TGE / L4TGE,-0.9112246095363106,2_3
3271,2_40_chr2_27890876_27891263_rc__2_36_chr2_27890876_27891263_rc,forward,SNP,23,0.001679445052939029,45,0.0016853301374480357,LR2TGE,L4TGE,LR2TGE / L4TGE,-0.005046631892831397,2_40
3272,2_40_chr2_27890876_27891263_rc__2_36_chr2_27890876_27891263_rc,forward,noSNP,16,0.0011683096020445418,33,0.0012359087674618928,LR2TGE,L4TGE,LR2TGE / L4TGE,-0.08114961097862321,2_40
3273,2_40_chr2_27890876_27891263_rc__2_36_chr2_27890876_27891263_rc,reverse,SNP,31,0.0022635998539613,64,0.0023969139732594284,LR2TGE,L4TGE,LR2TGE / L4TGE,-0.08255918123329424,2_40
3274,2_40_chr2_27890876_27891263_rc__2_36_chr2_27890876_27891263_rc,reverse,noSNP,18,0.0013143483023001095,30,0.0011235534249653572,LR2TGE,L4TGE,LR2TGE / L4TGE,0.2262789142136241,2_40
3275,2_41_chr2_29114692_29115684_fw__2_37_chr2_29114692_29115684_fw,forward,SNP,23,0.001679445052939029,102,0.003820081644882214,LR2TGE,L4TGE,LR2TGE / L4TGE,-1.1856188775346521,2_41
3276,2_41_chr2_29114692_29115684_fw__2_37_chr2_29114692_29115684_fw,reverse,SNP,26,0.0018985031033223803,90,0.0033706602748960713,LR2TGE,L4TGE,LR2TGE / L4TGE,-0.8281688698087524,2_41
3277,2_41_chr2_29114692_29115684_fw__2_37_chr2_29114692_29115684_fw,reverse,noSNP,9,0.0006571741511500548,34,0.0012733605482940715,LR2TGE,L4TGE,LR2TGE / L4TGE,-0.9542933314281968,2_41
3278,2_42_chr7_158818580_158818984_rc__2_38_chr7_158818580_158818984_rc,forward,SNP,3,0.0002190580503833516,93,0.003483015617392607,LR2TGE,L4TGE,LR2TGE / L4TGE,-3.9909518020070447,2_42
3279,2_42_chr7_158818580_158818984_rc__2_38_chr7_158818580_158818984_rc,forward,noSNP,1,7.301935012778386e-05,115,0.004306954795700536,LR2TGE,L4TGE,LR2TGE / L4TGE,-5.8822455425645455,2_42
3280,2_42_chr7_158818580_158818984_rc__2_38_chr7_158818580_158818984_rc,reverse,SNP,1,7.301935012778386e-05,75,0.0028088835624133926,LR2TGE,L4TGE,LR2TGE / L4TGE,-5.26557418211605,2_42
3281,2_42_chr7_158818580_158818984_rc__2_38_chr7_158818580_158818984_rc,reverse,noSNP,31,0.0022635998539613,96,0.0035953709598891426,LR2TGE,L4TGE,LR2TGE / L4TGE,-0.6675216819544506,2_42
3282,2_4_chr11_124876752_124876939_fw,forward,noSNP,3,0.0002190580503833516,8,0.00029961424665742855,LR2TGE,L4TGE,LR2TGE / L4TGE,-0.45179299089901337,2_4
3283,2_5_chr12_2959230_2960351_fw,forward,SNP,8,0.0005841548010222709,30,0.0011235534249653572,LR2TGE,L4TGE,LR2TGE / L4TGE,-0.9436460872286884,2_5
3284,2_5_chr12_2959230_2960351_fw,forward,noSNP,2,0.00014603870025556772,30,0.0011235534249653572,LR2TGE,L4TGE,LR2TGE / L4TGE,-2.9436460872286885,2_5
3285,2_5_chr12_2959230_2960351_fw,reverse,SNP,3,0.0002190580503833516,27,0.0010111980824688213,LR2TGE,L4TGE,LR2TGE / L4TGE,-2.206680493062482,2_5
3286,2_5_chr12_2959230_2960351_fw,reverse,noSNP,1,7.301935012778386e-05,31,0.0011610052057975356,LR2TGE,L4TGE,LR2TGE / L4TGE,-3.9909518020070447,2_5
3287,2_6_chr12_57611320_57611561_fw,forward,SNP,3,0.0002190580503833516,39,0.0014606194524549641,LR2TGE,L4TGE,LR2TGE / L4TGE,-2.737195209761262,2_6
3288,2_6_chr12_57611320_57611561_fw,forward,noSNP,1,7.301935012778386e-05,27,0.0010111980824688213,LR2TGE,L4TGE,LR2TGE / L4TGE,-3.791642993783638,2_6
3289,2_6_chr12_57611320_57611561_fw,reverse,SNP,14,0.001022270901788974,23,0.0008613909591401071,LR2TGE,L4TGE,LR2TGE / L4TGE,0.24703747438042148,2_6
3290,2_6_chr12_57611320_57611561_fw,reverse,noSNP,9,0.0006571741511500548,19,0.0007115838358113929,LR2TGE,L4TGE,LR2TGE / L4TGE,-0.11475800362144292,2_6
3291,2_7_chr14_75069209_75069609_rc,forward,SNP,130,0.009492515516611903,251,0.00940039698887682,LR2TGE,L4TGE,LR2TGE / L4TGE,0.014068767457513044,2_7
3292,2_7_chr14_75069209_75069609_rc,forward,noSNP,15,0.001095290251916758,37,0.0013857158907906071,LR2TGE,L4TGE,LR2TGE / L4TGE,-0.33931826164060097,2_7
3293,2_7_chr14_75069209_75069609_rc,reverse,SNP,52,0.0037970062066447607,215,0.008052132878918393,LR2TGE,L4TGE,LR2TGE / L4TGE,-1.0845086230685381,2_7
3294,2_7_chr14_75069209_75069609_rc,reverse,noSNP,7,0.000511135450894487,34,0.0012733605482940715,LR2TGE,L4TGE,LR2TGE / L4TGE,-1.3168634108129051,2_7
3295,3,reverse,SNP,10,0.0007301935012778386,61,0.0022845586307628928,LR2TGE,L4TGE,LR2TGE / L4TGE,-1.6455647342956936,3
3296,4,forward,any_SNP,46,0.003358890105878058,1020,0.038200816448822145,LR2TGE,L4TGE,LR2TGE / L4TGE,-3.5075469724220145,4
3297,4,reverse,any_SNP,239,0.017451624680540342,722,0.02704018576083293,LR2TGE,L4TGE,LR2TGE / L4TGE,-0.6317437105265923,4
3298,8,any_orientation,any_SNP,56,0.004089083607155896,311,0.011647503838807536,LR2TGE,L4TGE,LR2TGE / L4TGE,-1.5101713396931682,8
3299,9,any_orientation,any_SNP,39,0.0028477546549835705,1569,0.058761844125688176,LR2TGE,L4TGE,LR2TGE / L4TGE,-4.366982909726019,9
3300,CMV,any_orientation,any_SNP,206,0.015041986126323476,70,0.0026216246582524997,LR2TGE,L4TGE,LR2TGE / L4TGE,2.5204620186180824,CMV
3301,SV40,any_orientation,any_SNP,31,0.0022635998539613,23,0.0008613909591401071,LR2TGE,L4TGE,LR2TGE / L4TGE,1.3938788627096927,SV40
3302,1_11_chr11_65418158_65418613_bi,forward,noSNP,11,0.0008032128514056225,9,0.0003250388240817653,LR2TGE,L5TGE,LR2TGE / L5TGE,1.3051703022529855,1_11
3303,1_11_chr11_65418158_65418613_bi,reverse,noSNP,9,0.0006571741511500548,8,0.0002889233991837914,LR2TGE,L5TGE,LR2TGE / L5TGE,1.1855886865003127,1_11
3304,1_15_chr15_40098659_40099167_bi,reverse,noSNP,34,0.0024826579043446513,11,0.0003972696738777132,LR2TGE,L5TGE,LR2TGE / L5TGE,2.6436949076710423,1_15
3305,1_16_chr16_30805349_30805831_bi,forward,noSNP,398,0.029061701350857977,412,0.014879555057965257,LR2TGE,L5TGE,LR2TGE / L5TGE,0.9657877784184309,1_16
3306,1_16_chr16_30805349_30805831_bi,reverse,noSNP,196,0.014311792625045637,350,0.012640398714290874,LR2TGE,L5TGE,LR2TGE / L5TGE,0.17916241734087987,1_16
3307,1_17_chr16_73068918_73069480_bi,forward,noSNP,127,0.009273457466228551,75,0.0027086568673480443,LR2TGE,L5TGE,LR2TGE / L5TGE,1.7755296813342856,1_17
3308,1_17_chr16_73068918_73069480_bi,reverse,noSNP,37,0.0027017159547280028,52,0.001878002094694644,LR2TGE,L5TGE,LR2TGE / L5TGE,0.5246773325458581,1_17
3309,1_18_chr16_74297506_74297928_bi,forward,noSNP,144,0.010514786418400876,182,0.0065730073314312545,LR2TGE,L5TGE,LR2TGE / L5TGE,0.6777940463016167,1_18
3310,1_18_chr16_74297506_74297928_bi,reverse,noSNP,78,0.005695509309967141,190,0.0068619307306150455,LR2TGE,L5TGE,LR2TGE / L5TGE,-0.26878970441069905,1_18
3311,1_19_chr16_807619_808176_bi,forward,SNP,10,0.0007301935012778386,15,0.0005417313734696089,LR2TGE,L5TGE,LR2TGE / L5TGE,0.4307011843368441,1_19
3312,1_19_chr16_807619_808176_bi,forward,noSNP,1,7.301935012778386e-05,10,0.00036115424897973926,LR2TGE,L5TGE,LR2TGE / L5TGE,-2.306264409829362,1_19
3313,1_19_chr16_807619_808176_bi,reverse,SNP,42,0.0030668127053669223,23,0.0008306547726534003,LR2TGE,L5TGE,LR2TGE / L5TGE,1.884419151779748,1_19
3314,1_19_chr16_807619_808176_bi,reverse,noSNP,47,0.0034319094560058415,26,0.000939001047347322,LR2TGE,L5TGE,LR2TGE / L5TGE,1.8698128185945457,1_19
3315,1_1_chr1_156748909_156749379_bi,forward,noSNP,12,0.0008762322015334064,44,0.0015890786955108527,LR2TGE,L5TGE,LR2TGE / L5TGE,-0.8588054328581407,1_1
3316,1_20_chr16_87853532_87854041_bi,forward,SNP,12,0.0008762322015334064,10,0.00036115424897973926,LR2TGE,L5TGE,LR2TGE / L5TGE,1.2786980908917944,1_20
3317,1_20_chr16_87853532_87854041_bi,reverse,SNP,27,0.0019715224534501644,24,0.0008667701975513742,LR2TGE,L5TGE,LR2TGE / L5TGE,1.1855886865003127,1_20
3318,1_20_chr16_87853532_87854041_bi,reverse,noSNP,29,0.002117561153705732,24,0.0008667701975513742,LR2TGE,L5TGE,LR2TGE / L5TGE,1.2886821794644165,1_20
3319,1_23_chr2_70142583_70143144_bi,forward,SNP,79,0.005768528660094925,46,0.0016613095453068005,LR2TGE,L5TGE,LR2TGE / L5TGE,1.7958824771780906,1_23
3320,1_23_chr2_70142583_70143144_bi,forward,noSNP,5,0.0003650967506389193,671,0.024233450106540502,LR2TGE,L5TGE,LR2TGE / L5TGE,-6.052577176254821,1_23
3321,1_23_chr2_70142583_70143144_bi,reverse,SNP,11,0.0008032128514056225,7,0.00025280797428581746,LR2TGE,L5TGE,LR2TGE / L5TGE,1.667740381637694,1_23
3322,1_23_chr2_70142583_70143144_bi,reverse,noSNP,110,0.008032128514056224,525,0.01896059807143631,LR2TGE,L5TGE,LR2TGE / L5TGE,-1.239150213970825,1_23
3323,1_24_chr21_29002584_29003015_bi,forward,noSNP,110,0.008032128514056224,80,0.002889233991837914,LR2TGE,L5TGE,LR2TGE / L5TGE,1.4750953036952974,1_24
3324,1_24_chr21_29002584_29003015_bi,reverse,noSNP,43,0.003139832055494706,70,0.0025280797428581746,LR2TGE,L5TGE,LR2TGE / L5TGE,0.3126454228151321,1_24
3325,1_25_chr22_36465359_36465803_bi,forward,noSNP,105,0.007667031763417305,53,0.001914117519592618,LR2TGE,L5TGE,LR2TGE / L5TGE,2.0019887481609238,1_25
3326,1_25_chr22_36465359_36465803_bi,reverse,noSNP,58,0.004235122307411464,65,0.002347502618368305,LR2TGE,L5TGE,LR2TGE / L5TGE,0.8512768671571184,1_25
3327,1_26_chr22_40651538_40652054_bi,forward,noSNP,43,0.003139832055494706,544,0.019646791144497817,LR2TGE,L5TGE,LR2TGE / L5TGE,-2.645534401490241,1_26
3328,1_26_chr22_40651538_40652054_bi,reverse,noSNP,239,0.017451624680540342,655,0.023655603308172922,LR2TGE,L5TGE,LR2TGE / L5TGE,-0.4388206033860637,1_26
3329,1_28_chr7_1532728_1533226_bi,forward,noSNP,12,0.0008762322015334064,7,0.00025280797428581746,LR2TGE,L5TGE,LR2TGE / L5TGE,1.7932712637215527,1_28
3330,1_28_chr7_1532728_1533226_bi,reverse,noSNP,4,0.00029207740051113545,10,0.00036115424897973926,LR2TGE,L5TGE,LR2TGE / L5TGE,-0.30626440982936187,1_28
3331,1_29_chr7_25856979_25857429_bi,forward,SNP,35,0.002555677254472435,23,0.0008306547726534003,LR2TGE,L5TGE,LR2TGE / L5TGE,1.621384745945954,1_29
3332,1_29_chr7_25856979_25857429_bi,reverse,SNP,41,0.0029937933552391383,45,0.0016251941204088265,LR2TGE,L5TGE,LR2TGE / L5TGE,0.8813625933464095,1_29
3333,1_30_chr9_126805681_126806202_bi,forward,noSNP,54,0.003943044906900329,126,0.004550543537144715,LR2TGE,L5TGE,LR2TGE / L5TGE,-0.2067287362784475,1_30
3334,1_30_chr9_126805681_126806202_bi,reverse,noSNP,135,0.009857612267250822,157,0.005670121708981906,LR2TGE,L5TGE,LR2TGE / L5TGE,0.7978585332172043,1_30
3335,1_5_chr1_33127099_33127603_bi,forward,noSNP,97,0.007082876962395034,272,0.009823395572248908,LR2TGE,L5TGE,LR2TGE / L5TGE,-0.47188631400521136,1_5
3336,1_5_chr1_33127099_33127603_bi,reverse,noSNP,214,0.015626140927345746,271,0.009787280147350934,LR2TGE,L5TGE,LR2TGE / L5TGE,0.6749816301052758,1_5
3337,1_7_chr10_110211049_110211924_bi,forward,noSNP,94,0.006863818912011683,161,0.005814583408573802,LR2TGE,L5TGE,LR2TGE / L5TGE,0.23933565862102074,1_7
3338,1_7_chr10_110211049_110211924_bi,reverse,noSNP,60,0.004381161007667032,26,0.000939001047347322,LR2TGE,L5TGE,LR2TGE / L5TGE,2.2221145625254266,1_7
3339,1_8_chr10_4663047_4663594_bi,forward,noSNP,742,0.05418035779481563,282,0.010184549821228647,LR2TGE,L5TGE,LR2TGE / L5TGE,2.4113877092800102,1_8
3340,1_8_chr10_4663047_4663594_bi,reverse,noSNP,1482,0.10821467688937568,367,0.01325436093755643,LR2TGE,L5TGE,LR2TGE / L5TGE,3.0293571645206216,1_8
3341,1_9_chr10_71860316_71860874_bi,forward,noSNP,30,0.002190580503833516,35,0.0012640398714290873,LR2TGE,L5TGE,LR2TGE / L5TGE,0.7932712637215525,1_9
3342,1_9_chr10_71860316_71860874_bi,reverse,noSNP,119,0.00868930266520628,44,0.0015890786955108527,LR2TGE,L5TGE,LR2TGE / L5TGE,2.451049829728647,1_9
3343,22,any_orientation,any_SNP,283,0.020664476086162835,4173,0.1507096680992452,LR2TGE,L5TGE,LR2TGE / L5TGE,-2.8665472773735123,22
3344,2_10_chr16_3305171_3305501_rc,forward,noSNP,1,7.301935012778386e-05,300,0.010834627469392177,LR2TGE,L5TGE,LR2TGE / L5TGE,-7.213155005437881,2_10
3345,2_10_chr16_3305171_3305501_rc,reverse,SNP,95,0.006936838262139467,173,0.006247968507349489,LR2TGE,L5TGE,LR2TGE / L5TGE,0.15089106575222364,2_10
3346,2_10_chr16_3305171_3305501_rc,reverse,noSNP,146,0.010660825118656445,191,0.00689804615551302,LR2TGE,L5TGE,LR2TGE / L5TGE,0.6280594159022691,2_10
3347,2_11_chr16_4538333_4538583_rc,reverse,SNP,4,0.00029207740051113545,15,0.0005417313734696089,LR2TGE,L5TGE,LR2TGE / L5TGE,-0.8912269105505182,2_11
3348,2_12_chr17_58692543_58692822_fw,forward,noSNP,30,0.002190580503833516,77,0.0027808877171439923,LR2TGE,L5TGE,LR2TGE / L5TGE,-0.34423226002838253,2_12
3349,2_12_chr17_58692543_58692822_fw,reverse,noSNP,2,0.00014603870025556772,72,0.0026003105926541226,LR2TGE,L5TGE,LR2TGE / L5TGE,-4.154261316384312,2_12
3350,2_13_chr19_41397182_41397493_rc,forward,SNP,42,0.0030668127053669223,191,0.00689804615551302,LR2TGE,L5TGE,LR2TGE / L5TGE,-1.169447720198988,2_13
3351,2_13_chr19_41397182_41397493_rc,forward,noSNP,31,0.0022635998539613,283,0.010220665246126621,LR2TGE,L5TGE,LR2TGE / L5TGE,-2.1747982473870064,2_13
3352,2_13_chr19_41397182_41397493_rc,reverse,SNP,80,0.005841548010222709,168,0.006067391382859619,LR2TGE,L5TGE,LR2TGE / L5TGE,-0.054725642833397384,2_13
3353,2_13_chr19_41397182_41397493_rc,reverse,noSNP,114,0.00832420591456736,248,0.008956625374697533,LR2TGE,L5TGE,LR2TGE / L5TGE,-0.10564261116413287,2_13
3354,2_15_chr3_122793601_122793905_rc,forward,SNP,42,0.0030668127053669223,116,0.004189389288164975,LR2TGE,L5TGE,LR2TGE / L5TGE,-0.4499998872908113,2_15
3355,2_15_chr3_122793601_122793905_rc,forward,noSNP,24,0.0017524644030668128,104,0.003756004189389288,LR2TGE,L5TGE,LR2TGE / L5TGE,-1.0998135323619354,2_15
3356,2_15_chr3_122793601_122793905_rc,reverse,SNP,27,0.0019715224534501644,83,0.002997580266531836,LR2TGE,L5TGE,LR2TGE / L5TGE,-0.6044882441254557,2_15
3357,2_15_chr3_122793601_122793905_rc,reverse,noSNP,1,7.301935012778386e-05,60,0.0021669254938784356,LR2TGE,L5TGE,LR2TGE / L5TGE,-4.891226910550518,2_15
3358,2_16_chr6_108562603_108562763_rc,forward,noSNP,180,0.013143483023001095,10,0.00036115424897973926,LR2TGE,L5TGE,LR2TGE / L5TGE,5.185588686500313,2_16
3359,2_16_chr6_108562603_108562763_rc,reverse,noSNP,68,0.004965315808689303,9,0.0003250388240817653,LR2TGE,L5TGE,LR2TGE / L5TGE,3.9332015248660275,2_16
3360,2_17_chr7_149685_149919_fw,forward,SNP,15,0.001095290251916758,77,0.0027808877171439923,LR2TGE,L5TGE,LR2TGE / L5TGE,-1.3442322600283825,2_17
3361,2_17_chr7_149685_149919_fw,forward,noSNP,6,0.0004381161007667032,71,0.002564195167756149,LR2TGE,L5TGE,LR2TGE / L5TGE,-2.5491209337255256,2_17
3362,2_17_chr7_149685_149919_fw,reverse,SNP,26,0.0018985031033223803,75,0.0027086568673480443,LR2TGE,L5TGE,LR2TGE / L5TGE,-0.5127152872967884,2_17
3363,2_17_chr7_149685_149919_fw,reverse,noSNP,12,0.0008762322015334064,56,0.0020224637942865397,LR2TGE,L5TGE,LR2TGE / L5TGE,-1.2067287362784473,2_17
3364,2_18_chr7_26398513_26398756_fw,forward,SNP,5,0.0003650967506389193,324,0.011701397666943551,LR2TGE,L5TGE,LR2TGE / L5TGE,-5.002258222939262,2_18
3365,2_18_chr7_26398513_26398756_fw,forward,noSNP,2,0.00014603870025556772,297,0.010726281194698256,LR2TGE,L5TGE,LR2TGE / L5TGE,-6.198655435742765,2_18
3366,2_18_chr7_26398513_26398756_fw,reverse,SNP,4,0.00029207740051113545,390,0.014085015710209831,LR2TGE,L5TGE,LR2TGE / L5TGE,-5.59166662869161,2_18
3367,2_18_chr7_26398513_26398756_fw,reverse,noSNP,2,0.00014603870025556772,342,0.012351475315107082,LR2TGE,L5TGE,LR2TGE / L5TGE,-6.402188829827897,2_18
3368,2_19_chr7_27168362_27168894_fw,forward,SNP,10,0.0007301935012778386,157,0.005670121708981906,LR2TGE,L5TGE,LR2TGE / L5TGE,-2.9570289689462643,2_19
3369,2_19_chr7_27168362_27168894_fw,forward,noSNP,1,7.301935012778386e-05,135,0.00487558236122648,LR2TGE,L5TGE,LR2TGE / L5TGE,-6.06115191199283,2_19
3370,2_19_chr7_27168362_27168894_fw,reverse,SNP,10,0.0007301935012778386,206,0.007439777528982628,LR2TGE,L5TGE,LR2TGE / L5TGE,-3.3489087472378554,2_19
3371,2_19_chr7_27168362_27168894_fw,reverse,noSNP,16,0.0011683096020445418,181,0.00653689190653328,LR2TGE,L5TGE,LR2TGE / L5TGE,-2.484182202025205,2_19
3372,2_1_chr10_24208466_24209279_fw,forward,SNP,12,0.0008762322015334064,107,0.00386435046408321,LR2TGE,L5TGE,LR2TGE / L5TGE,-2.1408408006219903,2_1
3373,2_1_chr10_24208466_24209279_fw,forward,noSNP,16,0.0011683096020445418,78,0.002817003142041966,LR2TGE,L5TGE,LR2TGE / L5TGE,-1.2697385338042477,2_1
3374,2_1_chr10_24208466_24209279_fw,reverse,SNP,21,0.0015334063526834612,166,0.005995160533063672,LR2TGE,L5TGE,LR2TGE / L5TGE,-1.9670583235101637,2_1
3375,2_20_chr7_7566677_7567687_fw,forward,SNP,14,0.001022270901788974,34,0.0012279244465311135,LR2TGE,L5TGE,LR2TGE / L5TGE,-0.26444423413473506,2_20
3376,2_20_chr7_7566677_7567687_fw,forward,noSNP,29,0.002117561153705732,11,0.0003972696738777132,LR2TGE,L5TGE,LR2TGE / L5TGE,2.4142130615482755,2_20
3377,2_20_chr7_7566677_7567687_fw,reverse,noSNP,47,0.0034319094560058415,158,0.00570623713387988,LR2TGE,L5TGE,LR2TGE / L5TGE,-0.7335282114414651,2_20
3378,2_22_chr10_122375105_122375476_rc__2_21_chr10_122375073_122375541_fw,forward,SNP,13,0.0009492515516611902,80,0.002889233991837914,LR2TGE,L5TGE,LR2TGE / L5TGE,-1.60582469168827,2_22
3379,2_22_chr10_122375105_122375476_rc__2_21_chr10_122375073_122375541_fw,forward,noSNP,13,0.0009492515516611902,70,0.0025280797428581746,LR2TGE,L5TGE,LR2TGE / L5TGE,-1.4131796137458739,2_22
3380,2_22_chr10_122375105_122375476_rc__2_21_chr10_122375073_122375541_fw,reverse,SNP,6,0.0004381161007667032,39,0.001408501571020983,LR2TGE,L5TGE,LR2TGE / L5TGE,-1.6847760330830914,2_22
3381,2_22_chr10_122375105_122375476_rc__2_21_chr10_122375073_122375541_fw,reverse,noSNP,4,0.00029207740051113545,52,0.001878002094694644,LR2TGE,L5TGE,LR2TGE / L5TGE,-2.6847760330830917,2_22
3382,2_23_chr12_53046798_53047380_fw__2_24_chr12_53046888_53047426_rc,forward,SNP,7,0.000511135450894487,41,0.001480732420816931,LR2TGE,L5TGE,LR2TGE / L5TGE,-1.534533397502479,2_23
3383,2_23_chr12_53046798_53047380_fw__2_24_chr12_53046888_53047426_rc,forward,noSNP,15,0.001095290251916758,54,0.001950232944490592,LR2TGE,L5TGE,LR2TGE / L5TGE,-0.8323332214969495,2_23
3384,2_23_chr12_53046798_53047380_fw__2_24_chr12_53046888_53047426_rc,reverse,SNP,12,0.0008762322015334064,48,0.0017335403951027485,LR2TGE,L5TGE,LR2TGE / L5TGE,-0.9843363149419996,2_23
3385,2_23_chr12_53046798_53047380_fw__2_24_chr12_53046888_53047426_rc,reverse,noSNP,9,0.0006571741511500548,51,0.0018418866697966702,LR2TGE,L5TGE,LR2TGE / L5TGE,-1.4868366554711827,2_23
3386,2_32_chr22_44023936_44024267_rc__2_31_chr22_44023811_44024452_fw,forward,SNP,24,0.0017524644030668128,68,0.002455848893062227,LR2TGE,L5TGE,LR2TGE / L5TGE,-0.4868366554711827,2_32
3387,2_32_chr22_44023936_44024267_rc__2_31_chr22_44023811_44024452_fw,forward,noSNP,11,0.0008032128514056225,50,0.0018057712448986962,LR2TGE,L5TGE,LR2TGE / L5TGE,-1.168760886079427,2_32
3388,2_32_chr22_44023936_44024267_rc__2_31_chr22_44023811_44024452_fw,reverse,SNP,19,0.0013873676524278934,62,0.002239156343674383,LR2TGE,L5TGE,LR2TGE / L5TGE,-0.6906051118852892,2_32
3389,2_32_chr22_44023936_44024267_rc__2_31_chr22_44023811_44024452_fw,reverse,noSNP,16,0.0011683096020445418,76,0.002744772292246018,LR2TGE,L5TGE,LR2TGE / L5TGE,-1.232263828385585,2_32
3390,2_33_chr5_132369336_132370461_fw__2_34_chr5_132369418_132370280_rc,forward,SNP,8,0.0005841548010222709,24,0.0008667701975513742,LR2TGE,L5TGE,LR2TGE / L5TGE,-0.5692988156631559,2_33
3391,2_33_chr5_132369336_132370461_fw__2_34_chr5_132369418_132370280_rc,forward,noSNP,28,0.002044541803577948,37,0.0013362707212250353,LR2TGE,L5TGE,LR2TGE / L5TGE,0.6135652414866546,2_33
3392,2_33_chr5_132369336_132370461_fw__2_34_chr5_132369418_132370280_rc,reverse,SNP,3,0.0002190580503833516,23,0.0008306547726534003,LR2TGE,L5TGE,LR2TGE / L5TGE,-1.922935770277856,2_33
3393,2_33_chr5_132369336_132370461_fw__2_34_chr5_132369418_132370280_rc,reverse,noSNP,3,0.0002190580503833516,34,0.0012279244465311135,LR2TGE,L5TGE,LR2TGE / L5TGE,-2.486836655471183,2_33
3394,2_39_chr14_100375283_100375730_rc__2_35_chr14_100375283_100375730_rc,forward,SNP,116,0.008470244614822929,295,0.010654050344902308,LR2TGE,L5TGE,LR2TGE / L5TGE,-0.3309264640636309,2_39
3395,2_39_chr14_100375283_100375730_rc__2_35_chr14_100375283_100375730_rc,forward,noSNP,179,0.013070463672873312,289,0.010437357795514465,LR2TGE,L5TGE,LR2TGE / L5TGE,0.32455377982157807,2_39
3396,2_39_chr14_100375283_100375730_rc__2_35_chr14_100375283_100375730_rc,reverse,SNP,41,0.0029937933552391383,167,0.006031275957961646,LR2TGE,L5TGE,LR2TGE / L5TGE,-1.010488602797968,2_39
3397,2_39_chr14_100375283_100375730_rc__2_35_chr14_100375283_100375730_rc,reverse,noSNP,41,0.0029937933552391383,218,0.007873162627758315,LR2TGE,L5TGE,LR2TGE / L5TGE,-1.3949686351008423,2_39
3398,2_3_chr10_71888998_71889183_rc,forward,SNP,15,0.001095290251916758,37,0.0013362707212250353,LR2TGE,L5TGE,LR2TGE / L5TGE,-0.28689908496243083,2_3
3399,2_3_chr10_71888998_71889183_rc,forward,noSNP,6,0.0004381161007667032,14,0.0005056159485716349,LR2TGE,L5TGE,LR2TGE / L5TGE,-0.20672873627844732,2_3
3400,2_40_chr2_27890876_27891263_rc__2_36_chr2_27890876_27891263_rc,forward,SNP,23,0.001679445052939029,54,0.001950232944490592,LR2TGE,L5TGE,LR2TGE / L5TGE,-0.21566186104845517,2_40
3401,2_40_chr2_27890876_27891263_rc__2_36_chr2_27890876_27891263_rc,forward,noSNP,16,0.0011683096020445418,40,0.001444616995918957,LR2TGE,L5TGE,LR2TGE / L5TGE,-0.30626440982936187,2_40
3402,2_40_chr2_27890876_27891263_rc__2_36_chr2_27890876_27891263_rc,reverse,SNP,31,0.0022635998539613,47,0.0016974249702047745,LR2TGE,L5TGE,LR2TGE / L5TGE,0.4152711437672385,2_40
3403,2_40_chr2_27890876_27891263_rc__2_36_chr2_27890876_27891263_rc,reverse,noSNP,18,0.0013143483023001095,32,0.0011556935967351656,LR2TGE,L5TGE,LR2TGE / L5TGE,0.18558868650031277,2_40
3404,2_41_chr2_29114692_29115684_fw__2_37_chr2_29114692_29115684_fw,forward,SNP,23,0.001679445052939029,91,0.0032865036657156272,LR2TGE,L5TGE,LR2TGE / L5TGE,-0.9685689990836829,2_41
3405,2_41_chr2_29114692_29115684_fw__2_37_chr2_29114692_29115684_fw,reverse,SNP,26,0.0018985031033223803,80,0.002889233991837914,LR2TGE,L5TGE,LR2TGE / L5TGE,-0.6058246916882699,2_41
3406,2_41_chr2_29114692_29115684_fw__2_37_chr2_29114692_29115684_fw,reverse,noSNP,9,0.0006571741511500548,51,0.0018418866697966702,LR2TGE,L5TGE,LR2TGE / L5TGE,-1.4868366554711827,2_41
3407,2_42_chr7_158818580_158818984_rc__2_38_chr7_158818580_158818984_rc,forward,noSNP,1,7.301935012778386e-05,275,0.00993174184694283,LR2TGE,L5TGE,LR2TGE / L5TGE,-7.087624123354021,2_42
3408,2_42_chr7_158818580_158818984_rc__2_38_chr7_158818580_158818984_rc,reverse,SNP,1,7.301935012778386e-05,254,0.009173317924085376,LR2TGE,L5TGE,LR2TGE / L5TGE,-6.973021001714165,2_42
3409,2_42_chr7_158818580_158818984_rc__2_38_chr7_158818580_158818984_rc,reverse,noSNP,31,0.0022635998539613,230,0.008306547726534002,LR2TGE,L5TGE,LR2TGE / L5TGE,-1.8756300554994993,2_42
3410,2_4_chr11_124876752_124876939_fw,forward,noSNP,3,0.0002190580503833516,5,0.00018057712448986963,LR2TGE,L5TGE,LR2TGE / L5TGE,0.2786980908917944,2_4
3411,2_5_chr12_2959230_2960351_fw,forward,SNP,8,0.0005841548010222709,33,0.0011918090216331396,LR2TGE,L5TGE,LR2TGE / L5TGE,-1.028730434300453,2_5
3412,2_5_chr12_2959230_2960351_fw,forward,noSNP,2,0.00014603870025556772,34,0.0012279244465311135,LR2TGE,L5TGE,LR2TGE / L5TGE,-3.071799156192339,2_5
3413,2_5_chr12_2959230_2960351_fw,reverse,SNP,3,0.0002190580503833516,41,0.001480732420816931,LR2TGE,L5TGE,LR2TGE / L5TGE,-2.756925818838927,2_5
3414,2_5_chr12_2959230_2960351_fw,reverse,noSNP,1,7.301935012778386e-05,38,0.001372386146123009,LR2TGE,L5TGE,LR2TGE / L5TGE,-4.232263828385585,2_5
3415,2_6_chr12_57611320_57611561_fw,forward,noSNP,1,7.301935012778386e-05,59,0.0021308100689804614,LR2TGE,L5TGE,LR2TGE / L5TGE,-4.866979364303841,2_6
3416,2_6_chr12_57611320_57611561_fw,reverse,noSNP,9,0.0006571741511500548,44,0.0015890786955108527,LR2TGE,L5TGE,LR2TGE / L5TGE,-1.2738429321369846,2_6
3417,2_7_chr14_75069209_75069609_rc,forward,SNP,130,0.009492515516611903,320,0.011556935967351656,LR2TGE,L5TGE,LR2TGE / L5TGE,-0.28389659680090734,2_7
3418,2_7_chr14_75069209_75069609_rc,forward,noSNP,15,0.001095290251916758,29,0.0010473473220412438,LR2TGE,L5TGE,LR2TGE / L5TGE,0.06457328553894676,2_7
3419,2_7_chr14_75069209_75069609_rc,reverse,SNP,52,0.0037970062066447607,221,0.007981508902452238,LR2TGE,L5TGE,LR2TGE / L5TGE,-1.0717991561923392,2_7
3420,2_7_chr14_75069209_75069609_rc,reverse,noSNP,7,0.000511135450894487,42,0.0015168478457149048,LR2TGE,L5TGE,LR2TGE / L5TGE,-1.5692988156631555,2_7
3421,3,reverse,SNP,10,0.0007301935012778386,70,0.0025280797428581746,LR2TGE,L5TGE,LR2TGE / L5TGE,-1.7916912369996034,3
3422,4,forward,any_SNP,46,0.003358890105878058,1009,0.03644046372205569,LR2TGE,L5TGE,LR2TGE / L5TGE,-3.4394848179913438,4
3423,4,reverse,any_SNP,239,0.017451624680540342,687,0.024811296904908086,LR2TGE,L5TGE,LR2TGE / L5TGE,-0.5076357957793513,4
3424,8,any_orientation,any_SNP,56,0.004089083607155896,358,0.012929322113474665,LR2TGE,L5TGE,LR2TGE / L5TGE,-1.660797170148652,8
3425,9,any_orientation,any_SNP,39,0.0028477546549835705,1641,0.05926541225757521,LR2TGE,L5TGE,LR2TGE / L5TGE,-4.379293619593464,9
3426,CMV,any_orientation,any_SNP,206,0.015041986126323476,76,0.002744772292246018,LR2TGE,L5TGE,LR2TGE / L5TGE,2.4542366987976334,CMV
3427,SV40,any_orientation,any_SNP,31,0.0022635998539613,19,0.0006861930730615045,LR2TGE,L5TGE,LR2TGE / L5TGE,1.7219324820012902,SV40
3428,11,forward,SNP,1,7.301935012778386e-05,6,0.00014413029378558217,LR2TGE,L6TGE,LR2TGE / L6TGE,-0.981022863880089,11
3429,1_11_chr11_65418158_65418613_bi,forward,noSNP,11,0.0008032128514056225,16,0.0003843474500948858,LR2TGE,L6TGE,LR2TGE / L6TGE,1.0633712554783648,1_11
3430,1_11_chr11_65418158_65418613_bi,reverse,noSNP,9,0.0006571741511500548,21,0.0005044560282495376,LR2TGE,L6TGE,LR2TGE / L6TGE,0.3815472155046195,1_11
3431,1_14_chr14_60655620_60656040_bi,reverse,noSNP,3,0.0002190580503833516,16,0.0003843474500948858,LR2TGE,L6TGE,LR2TGE / L6TGE,-0.8110978624377764,1_14
3432,1_15_chr15_40098659_40099167_bi,forward,noSNP,13,0.0009492515516611902,6,0.00014413029378558217,LR2TGE,L6TGE,LR2TGE / L6TGE,2.7194168542610035,1_15
3433,1_15_chr15_40098659_40099167_bi,reverse,noSNP,34,0.0024826579043446513,15,0.0003603257344639554,LR2TGE,L6TGE,LR2TGE / L6TGE,2.7845118824828883,1_15
3434,1_16_chr16_30805349_30805831_bi,forward,noSNP,398,0.029061701350857977,614,0.014749333397391241,LR2TGE,L6TGE,LR2TGE / L6TGE,0.9784694120145369,1_16
3435,1_16_chr16_30805349_30805831_bi,reverse,noSNP,196,0.014311792625045637,551,0.01323596531264263,LR2TGE,L6TGE,LR2TGE / L6TGE,0.11274097238511781,1_16
3436,1_17_chr16_73068918_73069480_bi,forward,noSNP,127,0.009273457466228551,114,0.0027384755819260614,LR2TGE,L6TGE,LR2TGE / L6TGE,1.7597343094484914,1_17
3437,1_17_chr16_73068918_73069480_bi,reverse,noSNP,37,0.0027017159547280028,43,0.0010329337721300055,LR2TGE,L6TGE,LR2TGE / L6TGE,1.387128247767919,1_17
3438,1_18_chr16_74297506_74297928_bi,forward,noSNP,144,0.010514786418400876,291,0.006990319248600735,LR2TGE,L6TGE,LR2TGE / L6TGE,0.5889892953750959,1_18
3439,1_18_chr16_74297506_74297928_bi,reverse,noSNP,78,0.005695509309967141,16,0.0003843474500948858,LR2TGE,L6TGE,LR2TGE / L6TGE,3.8893418557033157,1_18
3440,1_19_chr16_807619_808176_bi,forward,SNP,10,0.0007301935012778386,17,0.00040836916572581616,LR2TGE,L6TGE,LR2TGE / L6TGE,0.8384048904780902,1_19
3441,1_19_chr16_807619_808176_bi,forward,noSNP,1,7.301935012778386e-05,14,0.00033630401883302503,LR2TGE,L6TGE,LR2TGE / L6TGE,-2.2034152852165367,1_19
3442,1_19_chr16_807619_808176_bi,reverse,SNP,42,0.0030668127053669223,8,0.0001921737250474429,LR2TGE,L6TGE,LR2TGE / L6TGE,3.9962570596198277,1_19
3443,1_19_chr16_807619_808176_bi,reverse,noSNP,47,0.0034319094560058415,52,0.0012491292128083789,LR2TGE,L6TGE,LR2TGE / L6TGE,1.4580887703776126,1_19
3444,1_1_chr1_156748909_156749379_bi,forward,noSNP,12,0.0008762322015334064,108,0.002594345288140479,LR2TGE,L6TGE,LR2TGE / L6TGE,-1.565985364601245,1_1
3445,1_20_chr16_87853532_87854041_bi,forward,SNP,12,0.0008762322015334064,18,0.0004323908813567465,LR2TGE,L6TGE,LR2TGE / L6TGE,1.0189771361199114,1_20
3446,1_20_chr16_87853532_87854041_bi,forward,noSNP,4,0.00029207740051113545,14,0.00033630401883302503,LR2TGE,L6TGE,LR2TGE / L6TGE,-0.2034152852165367,1_20
3447,1_20_chr16_87853532_87854041_bi,reverse,SNP,27,0.0019715224534501644,32,0.0007686949001897716,LR2TGE,L6TGE,LR2TGE / L6TGE,1.3588271390045359,1_20
3448,1_20_chr16_87853532_87854041_bi,reverse,noSNP,29,0.002117561153705732,37,0.0008888034783444234,LR2TGE,L6TGE,LR2TGE / L6TGE,1.2524672663396896,1_20
3449,1_23_chr2_70142583_70143144_bi,forward,SNP,79,0.005768528660094925,52,0.0012491292128083789,LR2TGE,L6TGE,LR2TGE / L6TGE,2.207280666877078,1_23
3450,1_23_chr2_70142583_70143144_bi,reverse,SNP,11,0.0008032128514056225,17,0.00040836916572581616,LR2TGE,L6TGE,LR2TGE / L6TGE,0.9759084142280253,1_23
3451,1_23_chr2_70142583_70143144_bi,reverse,noSNP,110,0.008032128514056224,697,0.016743135794758463,LR2TGE,L6TGE,LR2TGE / L6TGE,-1.0597154955026964,1_23
3452,1_24_chr21_29002584_29003015_bi,forward,noSNP,110,0.008032128514056224,122,0.002930649306973504,LR2TGE,L6TGE,LR2TGE / L6TGE,1.4545620128028407,1_24
3453,1_24_chr21_29002584_29003015_bi,reverse,noSNP,43,0.003139832055494706,116,0.002786519013187922,LR2TGE,L6TGE,LR2TGE / L6TGE,0.17222339641559317,1_24
3454,1_25_chr22_36465359_36465803_bi,forward,noSNP,105,0.007667031763417305,91,0.0021859761224146627,LR2TGE,L6TGE,LR2TGE / L6TGE,1.810390514308494,1_25
3455,1_25_chr22_36465359_36465803_bi,reverse,noSNP,58,0.004235122307411464,139,0.0033390184726993202,LR2TGE,L6TGE,LR2TGE / L6TGE,0.34297955924513207,1_25
3456,1_26_chr22_40651538_40652054_bi,forward,noSNP,43,0.003139832055494706,748,0.01796824329193591,LR2TGE,L6TGE,LR2TGE / L6TGE,-2.5166900683444715,1_26
3457,1_26_chr22_40651538_40652054_bi,reverse,noSNP,239,0.017451624680540342,868,0.020850849167647553,LR2TGE,L6TGE,LR2TGE / L6TGE,-0.25674478762266345,1_26
3458,1_28_chr7_1532728_1533226_bi,forward,noSNP,12,0.0008762322015334064,12,0.00028826058757116434,LR2TGE,L6TGE,LR2TGE / L6TGE,1.6039396368410674,1_28
3459,1_28_chr7_1532728_1533226_bi,reverse,noSNP,4,0.00029207740051113545,12,0.00028826058757116434,LR2TGE,L6TGE,LR2TGE / L6TGE,0.01897713611991102,1_28
3460,1_29_chr7_25856979_25857429_bi,forward,SNP,35,0.002555677254472435,45,0.0010809772033918662,LR2TGE,L6TGE,LR2TGE / L6TGE,1.241369557456359,1_29
3461,1_29_chr7_25856979_25857429_bi,reverse,SNP,41,0.0029937933552391383,78,0.001873693819212568,LR2TGE,L6TGE,LR2TGE / L6TGE,0.6760894225969026,1_29
3462,1_30_chr9_126805681_126806202_bi,forward,noSNP,54,0.003943044906900329,229,0.005500972879483053,LR2TGE,L6TGE,LR2TGE / L6TGE,-0.48037664909240807,1_30
3463,1_30_chr9_126805681_126806202_bi,reverse,noSNP,135,0.009857612267250822,207,0.004972495135602585,LR2TGE,L6TGE,LR2TGE / L6TGE,0.987268276392573,1_30
3464,1_5_chr1_33127099_33127603_bi,forward,noSNP,97,0.007082876962395034,402,0.009656729683634005,LR2TGE,L6TGE,LR2TGE / L6TGE,-0.44719921215073344,1_5
3465,1_5_chr1_33127099_33127603_bi,reverse,noSNP,214,0.015626140927345746,420,0.010089120564990752,LR2TGE,L6TGE,LR2TGE / L6TGE,0.6311611055760915,1_5
3466,1_7_chr10_110211049_110211924_bi,forward,noSNP,94,0.006863818912011683,230,0.005524994595113983,LR2TGE,L6TGE,LR2TGE / L6TGE,0.3130384375743294,1_7
3467,1_7_chr10_110211049_110211924_bi,reverse,noSNP,60,0.004381161007667032,35,0.0008407600470825626,LR2TGE,L6TGE,LR2TGE / L6TGE,2.3815472155046193,1_7
3468,1_8_chr10_4663047_4663594_bi,forward,noSNP,742,0.05418035779481563,420,0.010089120564990752,LR2TGE,L6TGE,LR2TGE / L6TGE,2.424969495795748,1_8
3469,1_8_chr10_4663047_4663594_bi,reverse,noSNP,1482,0.10821467688937568,527,0.0126594441375003,LR2TGE,L6TGE,LR2TGE / L6TGE,3.0956102175096865,1_8
3470,1_9_chr10_71860316_71860874_bi,forward,noSNP,30,0.002190580503833516,54,0.0012971726440702395,LR2TGE,L6TGE,LR2TGE / L6TGE,0.7559427302861175,1_9
3471,1_9_chr10_71860316_71860874_bi,reverse,noSNP,119,0.00868930266520628,35,0.0008407600470825626,LR2TGE,L6TGE,LR2TGE / L6TGE,3.369474383204045,1_9
3472,22,any_orientation,any_SNP,283,0.020664476086162835,6123,0.1470849648081866,LR2TGE,L6TGE,LR2TGE / L6TGE,-2.8314250880809255,22
3473,2_10_chr16_3305171_3305501_rc,forward,SNP,295,0.02154070828769624,469,0.01126618463090634,LR2TGE,L6TGE,LR2TGE / L6TGE,0.9350666685748945,2_10
3474,2_10_chr16_3305171_3305501_rc,forward,noSNP,1,7.301935012778386e-05,463,0.011122054337120758,LR2TGE,L6TGE,LR2TGE / L6TGE,-7.250928746419169,2_10
3475,2_10_chr16_3305171_3305501_rc,reverse,SNP,95,0.006936838262139467,282,0.006774123807922362,LR2TGE,L6TGE,LR2TGE / L6TGE,0.03424389277322162,2_10
3476,2_10_chr16_3305171_3305501_rc,reverse,noSNP,146,0.010660825118656445,354,0.008503687333349347,LR2TGE,L6TGE,LR2TGE / L6TGE,0.3261586456380874,2_10
3477,2_11_chr16_4538333_4538583_rc,forward,noSNP,1,7.301935012778386e-05,8,0.0001921737250474429,LR2TGE,L6TGE,LR2TGE / L6TGE,-1.3960603631589326,2_11
3478,2_11_chr16_4538333_4538583_rc,reverse,SNP,4,0.00029207740051113545,19,0.00045641259698767686,LR2TGE,L6TGE,LR2TGE / L6TGE,-0.643987876602518,2_11
3479,2_11_chr16_4538333_4538583_rc,reverse,noSNP,4,0.00029207740051113545,14,0.00033630401883302503,LR2TGE,L6TGE,LR2TGE / L6TGE,-0.2034152852165367,2_11
3480,2_12_chr17_58692543_58692822_fw,forward,SNP,7,0.000511135450894487,47,0.001129020634653727,LR2TGE,L6TGE,LR2TGE / L6TGE,-1.143294292778966,2_12
3481,2_12_chr17_58692543_58692822_fw,forward,noSNP,30,0.002190580503833516,76,0.0018256503879507074,LR2TGE,L6TGE,LR2TGE / L6TGE,0.2629027190060005,2_12
3482,2_12_chr17_58692543_58692822_fw,reverse,SNP,1,7.301935012778386e-05,75,0.001801628672319777,LR2TGE,L6TGE,LR2TGE / L6TGE,-4.624879053654814,2_12
3483,2_12_chr17_58692543_58692822_fw,reverse,noSNP,2,0.00014603870025556772,80,0.001921737250474429,LR2TGE,L6TGE,LR2TGE / L6TGE,-3.717988458046295,2_12
3484,2_13_chr19_41397182_41397493_rc,forward,SNP,42,0.0030668127053669223,352,0.008455643902087487,LR2TGE,L6TGE,LR2TGE / L6TGE,-1.4631745590174694,2_13
3485,2_13_chr19_41397182_41397493_rc,forward,noSNP,31,0.0022635998539613,491,0.011794662374786807,LR2TGE,L6TGE,LR2TGE / L6TGE,-2.3814432670867505,2_13
3486,2_13_chr19_41397182_41397493_rc,reverse,SNP,80,0.005841548010222709,331,0.00795118787383795,LR2TGE,L6TGE,LR2TGE / L6TGE,-0.44481967507878806,2_13
3487,2_13_chr19_41397182_41397493_rc,reverse,noSNP,114,0.00832420591456736,391,0.009392490811693771,LR2TGE,L6TGE,LR2TGE / L6TGE,-0.1741951463015431,2_13
3488,2_15_chr3_122793601_122793905_rc,forward,SNP,42,0.0030668127053669223,149,0.003579235629008624,LR2TGE,L6TGE,LR2TGE / L6TGE,-0.22291146084233388,2_15
3489,2_15_chr3_122793601_122793905_rc,forward,noSNP,24,0.0017524644030668128,151,0.0036272790602704845,LR2TGE,L6TGE,LR2TGE / L6TGE,-1.0495026017628553,2_15
3490,2_15_chr3_122793601_122793905_rc,reverse,SNP,27,0.0019715224534501644,119,0.002858584160080713,LR2TGE,L6TGE,LR2TGE / L6TGE,-0.5359906243034075,2_15
3491,2_15_chr3_122793601_122793905_rc,reverse,noSNP,1,7.301935012778386e-05,97,0.002330106416200245,LR2TGE,L6TGE,LR2TGE / L6TGE,-4.99597320534606,2_15
3492,2_16_chr6_108562603_108562763_rc,forward,SNP,150,0.01095290251916758,316,0.007590862139373994,LR2TGE,L6TGE,LR2TGE / L6TGE,0.5289775791598453,2_16
3493,2_16_chr6_108562603_108562763_rc,forward,noSNP,180,0.013143483023001095,16,0.0003843474500948858,LR2TGE,L6TGE,LR2TGE / L6TGE,5.095792733170742,2_16
3494,2_16_chr6_108562603_108562763_rc,reverse,SNP,66,0.004819277108433735,8,0.0001921737250474429,LR2TGE,L6TGE,LR2TGE / L6TGE,4.648333756199521,2_16
3495,2_16_chr6_108562603_108562763_rc,reverse,noSNP,68,0.004965315808689303,8,0.0001921737250474429,LR2TGE,L6TGE,LR2TGE / L6TGE,4.6914024780914065,2_16
3496,2_17_chr7_149685_149919_fw,forward,SNP,15,0.001095290251916758,109,0.0026183670037714093,LR2TGE,L6TGE,LR2TGE / L6TGE,-1.2573540923273403,2_17
3497,2_17_chr7_149685_149919_fw,forward,noSNP,6,0.0004381161007667032,100,0.002402171563093036,LR2TGE,L6TGE,LR2TGE / L6TGE,-2.454954052212501,2_17
3498,2_17_chr7_149685_149919_fw,reverse,SNP,26,0.0018985031033223803,106,0.0025463018568786184,LR2TGE,L6TGE,LR2TGE / L6TGE,-0.42354109958103975,2_17
3499,2_17_chr7_149685_149919_fw,reverse,noSNP,12,0.0008762322015334064,90,0.0021619544067837324,LR2TGE,L6TGE,LR2TGE / L6TGE,-1.302950958767451,2_17
3500,2_18_chr7_26398513_26398756_fw,forward,SNP,5,0.0003650967506389193,497,0.011938792668572389,LR2TGE,L6TGE,LR2TGE / L6TGE,-5.031234309833856,2_18
3501,2_18_chr7_26398513_26398756_fw,forward,noSNP,2,0.00014603870025556772,543,0.013043791587595187,LR2TGE,L6TGE,LR2TGE / L6TGE,-6.480868750963294,2_18
3502,2_18_chr7_26398513_26398756_fw,reverse,SNP,4,0.00029207740051113545,629,0.015109659131855198,LR2TGE,L6TGE,LR2TGE / L6TGE,-5.692976570038222,2_18
3503,2_18_chr7_26398513_26398756_fw,reverse,noSNP,2,0.00014603870025556772,461,0.011074010905858897,LR2TGE,L6TGE,LR2TGE / L6TGE,-6.24468330358827,2_18
3504,2_19_chr7_27168362_27168894_fw,forward,SNP,10,0.0007301935012778386,355,0.008527709048980278,LR2TGE,L6TGE,LR2TGE / L6TGE,-3.545807482663615,2_19
3505,2_19_chr7_27168362_27168894_fw,forward,noSNP,1,7.301935012778386e-05,223,0.00535684258569747,LR2TGE,L6TGE,LR2TGE / L6TGE,-6.196960263079237,2_19
3506,2_19_chr7_27168362_27168894_fw,reverse,SNP,10,0.0007301935012778386,436,0.010473468015085637,LR2TGE,L6TGE,LR2TGE / L6TGE,-3.8423165930484964,2_19
3507,2_19_chr7_27168362_27168894_fw,reverse,noSNP,16,0.0011683096020445418,352,0.008455643902087487,LR2TGE,L6TGE,LR2TGE / L6TGE,-2.85549198179623,2_19
3508,2_1_chr10_24208466_24209279_fw,forward,SNP,12,0.0008762322015334064,149,0.003579235629008624,LR2TGE,L6TGE,LR2TGE / L6TGE,-2.030266382899938,2_1
3509,2_1_chr10_24208466_24209279_fw,forward,noSNP,16,0.0011683096020445418,89,0.002137932691152802,LR2TGE,L6TGE,LR2TGE / L6TGE,-0.8717937941253304,2_1
3510,2_1_chr10_24208466_24209279_fw,reverse,SNP,21,0.0015334063526834612,245,0.005885320329577938,LR2TGE,L6TGE,LR2TGE / L6TGE,-1.9403808793827428,2_1
3511,2_1_chr10_24208466_24209279_fw,reverse,noSNP,21,0.0015334063526834612,215,0.005164668860650028,LR2TGE,L6TGE,LR2TGE / L6TGE,-1.7519357899696326,2_1
3512,2_20_chr7_7566677_7567687_fw,forward,SNP,14,0.001022270901788974,50,0.001201085781546518,LR2TGE,L6TGE,LR2TGE / L6TGE,-0.23256163087605328,2_20
3513,2_20_chr7_7566677_7567687_fw,forward,noSNP,29,0.002117561153705732,117,0.0028105407288188523,LR2TGE,L6TGE,LR2TGE / L6TGE,-0.40844408761476503,2_20
3514,2_20_chr7_7566677_7567687_fw,reverse,noSNP,47,0.0034319094560058415,199,0.004780321410555142,LR2TGE,L6TGE,LR2TGE / L6TGE,-0.4780961320249441,2_20
3515,2_22_chr10_122375105_122375476_rc__2_21_chr10_122375073_122375541_fw,forward,SNP,13,0.0009492515516611902,129,0.0030988013163900166,LR2TGE,L6TGE,LR2TGE / L6TGE,-1.7068479004410948,2_22
3516,2_22_chr10_122375105_122375476_rc__2_21_chr10_122375073_122375541_fw,forward,noSNP,13,0.0009492515516611902,128,0.0030747796007590863,LR2TGE,L6TGE,LR2TGE / L6TGE,-1.6956206450178406,2_22
3517,2_22_chr10_122375105_122375476_rc__2_21_chr10_122375073_122375541_fw,reverse,SNP,6,0.0004381161007667032,74,0.0017776069566888468,LR2TGE,L6TGE,LR2TGE / L6TGE,-2.020551228066726,2_22
3518,2_22_chr10_122375105_122375476_rc__2_21_chr10_122375073_122375541_fw,reverse,noSNP,4,0.00029207740051113545,80,0.001921737250474429,LR2TGE,L6TGE,LR2TGE / L6TGE,-2.717988458046295,2_22
3519,2_23_chr12_53046798_53047380_fw__2_24_chr12_53046888_53047426_rc,forward,SNP,7,0.000511135450894487,74,0.0017776069566888468,LR2TGE,L6TGE,LR2TGE / L6TGE,-1.7981588067302785,2_23
3520,2_23_chr12_53046798_53047380_fw__2_24_chr12_53046888_53047426_rc,forward,noSNP,15,0.001095290251916758,71,0.0017055418097960556,LR2TGE,L6TGE,LR2TGE / L6TGE,-0.6389168870550962,2_23
3521,2_23_chr12_53046798_53047380_fw__2_24_chr12_53046888_53047426_rc,reverse,SNP,12,0.0008762322015334064,78,0.001873693819212568,LR2TGE,L6TGE,LR2TGE / L6TGE,-1.0965000813000247,2_23
3522,2_23_chr12_53046798_53047380_fw__2_24_chr12_53046888_53047426_rc,reverse,noSNP,9,0.0006571741511500548,79,0.0018977155348434986,LR2TGE,L6TGE,LR2TGE / L6TGE,-1.5299161098937233,2_23
3523,2_32_chr22_44023936_44024267_rc__2_31_chr22_44023811_44024452_fw,forward,SNP,24,0.0017524644030668128,114,0.0027384755819260614,LR2TGE,L6TGE,LR2TGE / L6TGE,-0.643987876602518,2_32
3524,2_32_chr22_44023936_44024267_rc__2_31_chr22_44023811_44024452_fw,forward,noSNP,11,0.0008032128514056225,91,0.0021859761224146627,LR2TGE,L6TGE,LR2TGE / L6TGE,-1.4444233847203314,2_32
3525,2_32_chr22_44023936_44024267_rc__2_31_chr22_44023811_44024452_fw,reverse,SNP,19,0.0013873676524278934,89,0.002137932691152802,LR2TGE,L6TGE,LR2TGE / L6TGE,-0.6238662806817449,2_32
3526,2_32_chr22_44023936_44024267_rc__2_31_chr22_44023811_44024452_fw,reverse,noSNP,16,0.0011683096020445418,107,0.0025703235725095487,LR2TGE,L6TGE,LR2TGE / L6TGE,-1.1375273495600795,2_32
3527,2_33_chr5_132369336_132370461_fw__2_34_chr5_132369418_132370280_rc,forward,SNP,8,0.0005841548010222709,46,0.0011049989190227967,LR2TGE,L6TGE,LR2TGE / L6TGE,-0.9196223192159456,2_33
3528,2_33_chr5_132369336_132370461_fw__2_34_chr5_132369418_132370280_rc,forward,noSNP,28,0.002044541803577948,56,0.0013452160753321001,LR2TGE,L6TGE,LR2TGE / L6TGE,0.6039396368410674,2_33
3529,2_33_chr5_132369336_132370461_fw__2_34_chr5_132369418_132370280_rc,reverse,SNP,3,0.0002190580503833516,39,0.000936846909606284,LR2TGE,L6TGE,LR2TGE / L6TGE,-2.0965000813000247,2_33
3530,2_33_chr5_132369336_132370461_fw__2_34_chr5_132369418_132370280_rc,reverse,noSNP,3,0.0002190580503833516,53,0.0012731509284393092,LR2TGE,L6TGE,LR2TGE / L6TGE,-2.5390183170009757,2_33
3531,2_39_chr14_100375283_100375730_rc__2_35_chr14_100375283_100375730_rc,forward,SNP,116,0.008470244614822929,441,0.010593576593240289,LR2TGE,L6TGE,LR2TGE / L6TGE,-0.32271421358888097,2_39
3532,2_39_chr14_100375283_100375730_rc__2_35_chr14_100375283_100375730_rc,forward,noSNP,179,0.013070463672873312,496,0.011914770952941458,LR2TGE,L6TGE,LR2TGE / L6TGE,0.13355910371844887,2_39
3533,2_39_chr14_100375283_100375730_rc__2_35_chr14_100375283_100375730_rc,reverse,SNP,41,0.0029937933552391383,321,0.007710970717528646,LR2TGE,L6TGE,LR2TGE / L6TGE,-1.3649378456631522,2_39
3534,2_3_chr10_71888998_71889183_rc,forward,SNP,15,0.001095290251916758,56,0.0013452160753321001,LR2TGE,L6TGE,LR2TGE / L6TGE,-0.29652468960801814,2_3
3535,2_3_chr10_71888998_71889183_rc,forward,noSNP,6,0.0004381161007667032,33,0.0007927166158207019,LR2TGE,L6TGE,LR2TGE / L6TGE,-0.8554919817962298,2_3
3536,2_3_chr10_71888998_71889183_rc,reverse,SNP,3,0.0002190580503833516,16,0.0003843474500948858,LR2TGE,L6TGE,LR2TGE / L6TGE,-0.8110978624377764,2_3
3537,2_40_chr2_27890876_27891263_rc__2_36_chr2_27890876_27891263_rc,forward,SNP,23,0.001679445052939029,68,0.0016334766629032646,LR2TGE,L6TGE,LR2TGE / L6TGE,0.04003875164774095,2_40
3538,2_40_chr2_27890876_27891263_rc__2_36_chr2_27890876_27891263_rc,forward,noSNP,16,0.0011683096020445418,59,0.0014172812222248913,LR2TGE,L6TGE,LR2TGE / L6TGE,-0.27870341252077396,2_40
3539,2_40_chr2_27890876_27891263_rc__2_36_chr2_27890876_27891263_rc,reverse,SNP,31,0.0022635998539613,91,0.0021859761224146627,LR2TGE,L6TGE,LR2TGE / L6TGE,0.05034130702924664,2_40
3540,2_40_chr2_27890876_27891263_rc__2_36_chr2_27890876_27891263_rc,reverse,noSNP,18,0.0013143483023001095,37,0.0008888034783444234,LR2TGE,L6TGE,LR2TGE / L6TGE,0.5644112726544299,2_40
3541,2_41_chr2_29114692_29115684_fw__2_37_chr2_29114692_29115684_fw,forward,SNP,23,0.001679445052939029,164,0.00393956136347258,LR2TGE,L6TGE,LR2TGE / L6TGE,-1.2300504117200035,2_41
3542,2_41_chr2_29114692_29115684_fw__2_37_chr2_29114692_29115684_fw,reverse,SNP,26,0.0018985031033223803,136,0.0032669533258065293,LR2TGE,L6TGE,LR2TGE / L6TGE,-0.78308348626818,2_41
3543,2_41_chr2_29114692_29115684_fw__2_37_chr2_29114692_29115684_fw,reverse,noSNP,9,0.0006571741511500548,56,0.0013452160753321001,LR2TGE,L6TGE,LR2TGE / L6TGE,-1.0334902837742241,2_41
3544,2_42_chr7_158818580_158818984_rc__2_38_chr7_158818580_158818984_rc,forward,noSNP,1,7.301935012778386e-05,392,0.009416512527324701,LR2TGE,L6TGE,LR2TGE / L6TGE,-7.010770207274141,2_42
3545,2_42_chr7_158818580_158818984_rc__2_38_chr7_158818580_158818984_rc,reverse,SNP,1,7.301935012778386e-05,337,0.008095318167623532,LR2TGE,L6TGE,LR2TGE / L6TGE,-6.792665144340791,2_42
3546,2_4_chr11_124876752_124876939_fw,forward,noSNP,3,0.0002190580503833516,10,0.00024021715630930362,LR2TGE,L6TGE,LR2TGE / L6TGE,-0.13302595732513872,2_4
3547,2_5_chr12_2959230_2960351_fw,forward,SNP,8,0.0005841548010222709,45,0.0010809772033918662,LR2TGE,L6TGE,LR2TGE / L6TGE,-0.8879134594886073,2_5
3548,2_5_chr12_2959230_2960351_fw,forward,noSNP,2,0.00014603870025556772,54,0.0012971726440702395,LR2TGE,L6TGE,LR2TGE / L6TGE,-3.1509478653224012,2_5
3549,2_5_chr12_2959230_2960351_fw,reverse,SNP,3,0.0002190580503833516,49,0.0011770640659155877,LR2TGE,L6TGE,LR2TGE / L6TGE,-2.4258077065529844,2_5
3550,2_5_chr12_2959230_2960351_fw,reverse,noSNP,1,7.301935012778386e-05,61,0.001465324653486752,LR2TGE,L6TGE,LR2TGE / L6TGE,-4.326797700721819,2_5
3551,2_6_chr12_57611320_57611561_fw,forward,SNP,3,0.0002190580503833516,67,0.001609454947272334,LR2TGE,L6TGE,LR2TGE / L6TGE,-2.8771870528955485,2_6
3552,2_6_chr12_57611320_57611561_fw,forward,noSNP,1,7.301935012778386e-05,44,0.0010569554877609359,LR2TGE,L6TGE,LR2TGE / L6TGE,-3.85549198179623,2_6
3553,2_6_chr12_57611320_57611561_fw,reverse,SNP,14,0.001022270901788974,30,0.0007206514689279108,LR2TGE,L6TGE,LR2TGE / L6TGE,0.504403963290153,2_6
3554,2_6_chr12_57611320_57611561_fw,reverse,noSNP,9,0.0006571741511500548,35,0.0008407600470825626,LR2TGE,L6TGE,LR2TGE / L6TGE,-0.35541837866158676,2_6
3555,2_7_chr14_75069209_75069609_rc,forward,noSNP,15,0.001095290251916758,5,0.00012010857815465181,LR2TGE,L6TGE,LR2TGE / L6TGE,3.1889021375622235,2_7
3556,2_7_chr14_75069209_75069609_rc,reverse,noSNP,7,0.000511135450894487,12,0.00028826058757116434,LR2TGE,L6TGE,LR2TGE / L6TGE,0.8263320581775152,2_7
3557,3,reverse,SNP,10,0.0007301935012778386,77,0.0018496721035816377,LR2TGE,L6TGE,LR2TGE / L6TGE,-1.3409188089664714,3
3558,4,forward,any_SNP,46,0.003358890105878058,1491,0.035816378005717166,LR2TGE,L6TGE,LR2TGE / L6TGE,-3.414562949385362,4
3559,4,reverse,any_SNP,239,0.017451624680540342,979,0.023517259602680824,LR2TGE,L6TGE,LR2TGE / L6TGE,-0.43035860478187926,4
3560,8,any_orientation,any_SNP,56,0.004089083607155896,461,0.011074010905858897,LR2TGE,L6TGE,LR2TGE / L6TGE,-1.4373283815306666,8
3561,9,any_orientation,any_SNP,39,0.0028477546549835705,2473,0.059405702755290786,LR2TGE,L6TGE,LR2TGE / L6TGE,-4.382704668686622,9
3562,CMV,any_orientation,any_SNP,206,0.015041986126323476,101,0.0024261932787239663,LR2TGE,L6TGE,LR2TGE / L6TGE,2.6322286812724913,CMV
3563,SV40,any_orientation,any_SNP,31,0.0022635998539613,34,0.0008167383314516323,LR2TGE,L6TGE,LR2TGE / L6TGE,1.4706731059776033,SV40
3564,1_14_chr14_60655620_60656040_bi,reverse,noSNP,3,0.0002190580503833516,5,0.00035300762496469926,LR2TGE,L7TGE,LR2TGE / L7TGE,-0.6883861113680305,1_14
3565,1_16_chr16_30805349_30805831_bi,reverse,noSNP,196,0.014311792625045637,7,0.000494210674950579,LR2TGE,L7TGE,LR2TGE / L7TGE,4.8559344048557795,1_16
3566,1_17_chr16_73068918_73069480_bi,forward,noSNP,127,0.009273457466228551,26,0.0018356396498164361,LR2TGE,L7TGE,LR2TGE / L7TGE,2.336824451429249,1_17
3567,1_17_chr16_73068918_73069480_bi,reverse,noSNP,37,0.0027017159547280028,17,0.0012002259248799774,LR2TGE,L7TGE,LR2TGE / L7TGE,1.170570007176786,1_17
3568,1_18_chr16_74297506_74297928_bi,forward,noSNP,144,0.010514786418400876,88,0.006212934199378707,LR2TGE,L7TGE,LR2TGE / L7TGE,0.7590728656031908,1_18
3569,1_18_chr16_74297506_74297928_bi,reverse,noSNP,78,0.005695509309967141,103,0.007271957074272804,LR2TGE,L7TGE,LR2TGE / L7TGE,-0.35251882552279434,1_18
3570,1_19_chr16_807619_808176_bi,reverse,noSNP,47,0.0034319094560058415,15,0.0010590228748940977,LR2TGE,L7TGE,LR2TGE / L7TGE,1.6962777388672945,1_19
3571,1_1_chr1_156748909_156749379_bi,forward,noSNP,12,0.0008762322015334064,25,0.0017650381248234962,LR2TGE,L7TGE,LR2TGE / L7TGE,-1.010314206255393,1_1
3572,1_20_chr16_87853532_87854041_bi,reverse,SNP,27,0.0019715224534501644,9,0.0006354137249364587,LR2TGE,L7TGE,LR2TGE / L7TGE,1.6335419835193317,1_20
3573,1_20_chr16_87853532_87854041_bi,reverse,noSNP,29,0.002117561153705732,19,0.001341428974865857,LR2TGE,L7TGE,LR2TGE / L7TGE,0.6586329644821624,1_20
3574,1_23_chr2_70142583_70143144_bi,forward,SNP,79,0.005768528660094925,30,0.0021180457497881953,LR2TGE,L7TGE,LR2TGE / L7TGE,1.4454696353667602,1_23
3575,1_23_chr2_70142583_70143144_bi,forward,noSNP,5,0.0003650967506389193,328,0.02315730019768427,LR2TGE,L7TGE,LR2TGE / L7TGE,-5.987044426932545,1_23
3576,1_23_chr2_70142583_70143144_bi,reverse,SNP,11,0.0008032128514056225,5,0.00035300762496469926,LR2TGE,L7TGE,LR2TGE / L7TGE,1.1860830065481107,1_23
3577,1_23_chr2_70142583_70143144_bi,reverse,noSNP,110,0.008032128514056224,250,0.017650381248234964,LR2TGE,L7TGE,LR2TGE / L7TGE,-1.135845088339252,1_23
3578,1_24_chr21_29002584_29003015_bi,forward,noSNP,110,0.008032128514056224,52,0.0036712792996328723,LR2TGE,L7TGE,LR2TGE / L7TGE,1.129499478181743,1_24
3579,1_24_chr21_29002584_29003015_bi,reverse,noSNP,43,0.003139832055494706,49,0.0034594747246540526,LR2TGE,L7TGE,LR2TGE / L7TGE,-0.13986560661493466,1_24
3580,1_25_chr22_36465359_36465803_bi,forward,noSNP,105,0.007667031763417305,23,0.0016238350748376165,LR2TGE,L7TGE,LR2TGE / L7TGE,2.239263044407285,1_25
3581,1_25_chr22_36465359_36465803_bi,reverse,noSNP,58,0.004235122307411464,36,0.0025416548997458347,LR2TGE,L7TGE,LR2TGE / L7TGE,0.7366354764834355,1_25
3582,1_26_chr22_40651538_40652054_bi,forward,noSNP,43,0.003139832055494706,218,0.015391132448460887,LR2TGE,L7TGE,LR2TGE / L7TGE,-2.2933400872766527,1_26
3583,1_26_chr22_40651538_40652054_bi,reverse,noSNP,239,0.017451624680540342,331,0.023369104772663088,LR2TGE,L7TGE,LR2TGE / L7TGE,-0.42124111602829356,1_26
3584,1_28_chr7_1532728_1533226_bi,forward,noSNP,12,0.0008762322015334064,13,0.0009178198249082181,LR2TGE,L7TGE,LR2TGE / L7TGE,-0.0668977346217604,1_28
3585,1_28_chr7_1532728_1533226_bi,reverse,noSNP,4,0.00029207740051113545,8,0.0005648121999435188,LR2TGE,L7TGE,LR2TGE / L7TGE,-0.9514205172018245,1_28
3586,1_29_chr7_25856979_25857429_bi,forward,SNP,35,0.002555677254472435,14,0.000988421349901158,LR2TGE,L7TGE,LR2TGE / L7TGE,1.3705075776855378,1_29
3587,1_29_chr7_25856979_25857429_bi,reverse,SNP,41,0.0029937933552391383,19,0.001341428974865857,LR2TGE,L7TGE,LR2TGE / L7TGE,1.158203973972674,1_29
3588,1_30_chr9_126805681_126806202_bi,forward,noSNP,54,0.003943044906900329,58,0.004094888449590511,LR2TGE,L7TGE,LR2TGE / L7TGE,-0.05451401016592775,1_30
3589,1_30_chr9_126805681_126806202_bi,reverse,noSNP,135,0.009857612267250822,70,0.004942106749505789,LR2TGE,L7TGE,LR2TGE / L7TGE,0.9961120629040402,1_30
3590,1_5_chr1_33127099_33127603_bi,forward,noSNP,97,0.007082876962395034,143,0.010096018073990399,LR2TGE,L7TGE,LR2TGE / L7TGE,-0.5113790117930863,1_5
3591,1_5_chr1_33127099_33127603_bi,reverse,noSNP,214,0.015626140927345746,145,0.010237221123976278,LR2TGE,L7TGE,LR2TGE / L7TGE,0.6101373791843879,1_5
3592,1_7_chr10_110211049_110211924_bi,forward,noSNP,94,0.006863818912011683,91,0.006424738774357526,LR2TGE,L7TGE,LR2TGE / L7TGE,0.0953736942771168,1_7
3593,1_7_chr10_110211049_110211924_bi,reverse,noSNP,60,0.004381161007667032,11,0.0007766167749223384,LR2TGE,L7TGE,LR2TGE / L7TGE,2.4960384597693968,1_7
3594,1_8_chr10_4663047_4663594_bi,forward,noSNP,742,0.05418035779481563,148,0.010449025698955098,LR2TGE,L7TGE,LR2TGE / L7TGE,2.374401493790029,1_8
3595,1_8_chr10_4663047_4663594_bi,reverse,noSNP,1482,0.10821467688937568,186,0.013131883648686811,LR2TGE,L7TGE,LR2TGE / L7TGE,3.0427504039959783,1_8
3596,1_9_chr10_71860316_71860874_bi,forward,noSNP,30,0.002190580503833516,25,0.0017650381248234962,LR2TGE,L7TGE,LR2TGE / L7TGE,0.31161388863196954,1_9
3597,1_9_chr10_71860316_71860874_bi,reverse,noSNP,119,0.00868930266520628,18,0.0012708274498729173,LR2TGE,L7TGE,LR2TGE / L7TGE,2.773472244663807,1_9
3598,22,any_orientation,any_SNP,283,0.020664476086162835,2198,0.1551821519344818,LR2TGE,L7TGE,LR2TGE / L7TGE,-2.908737945319173,22
3599,2_10_chr16_3305171_3305501_rc,forward,SNP,295,0.02154070828769624,107,0.007554363174244564,LR2TGE,L7TGE,LR2TGE / L7TGE,1.5116836406462322,2_10
3600,2_10_chr16_3305171_3305501_rc,forward,noSNP,1,7.301935012778386e-05,170,0.012002259248799774,LR2TGE,L7TGE,LR2TGE / L7TGE,-7.360811453339526,2_10
3601,2_10_chr16_3305171_3305501_rc,reverse,SNP,95,0.006936838262139467,101,0.0071307540242869245,LR2TGE,L7TGE,LR2TGE / L7TGE,-0.03977639162267121,2_10
3602,2_10_chr16_3305171_3305501_rc,reverse,noSNP,146,0.010660825118656445,105,0.007413160124258684,LR2TGE,L7TGE,LR2TGE / L7TGE,0.5241585240120703,2_10
3603,2_11_chr16_4538333_4538583_rc,reverse,noSNP,4,0.00029207740051113545,6,0.0004236091499576391,LR2TGE,L7TGE,LR2TGE / L7TGE,-0.5363830179229806,2_11
3604,2_12_chr17_58692543_58692822_fw,forward,SNP,7,0.000511135450894487,27,0.0019062411748093759,LR2TGE,L7TGE,LR2TGE / L7TGE,-1.8989530973076887,2_12
3605,2_12_chr17_58692543_58692822_fw,forward,noSNP,30,0.002190580503833516,20,0.001412030499858797,LR2TGE,L7TGE,LR2TGE / L7TGE,0.6335419835193318,2_12
3606,2_12_chr17_58692543_58692822_fw,reverse,SNP,1,7.301935012778386e-05,37,0.0026122564247387744,LR2TGE,L7TGE,LR2TGE / L7TGE,-5.160873882830774,2_12
3607,2_12_chr17_58692543_58692822_fw,reverse,noSNP,2,0.00014603870025556772,18,0.0012708274498729173,LR2TGE,L7TGE,LR2TGE / L7TGE,-3.121345518644137,2_12
3608,2_13_chr19_41397182_41397493_rc,forward,SNP,42,0.0030668127053669223,112,0.007907370799209263,LR2TGE,L7TGE,LR2TGE / L7TGE,-1.3664580164806683,2_13
3609,2_13_chr19_41397182_41397493_rc,forward,noSNP,31,0.0022635998539613,156,0.011013837898898616,LR2TGE,L7TGE,LR2TGE / L7TGE,-2.282626425677197,2_13
3610,2_13_chr19_41397182_41397493_rc,reverse,SNP,80,0.005841548010222709,110,0.007766167749223383,LR2TGE,L7TGE,LR2TGE / L7TGE,-0.41085213583912156,2_13
3611,2_13_chr19_41397182_41397493_rc,reverse,noSNP,114,0.00832420591456736,139,0.009813611974018638,LR2TGE,L7TGE,LR2TGE / L7TGE,-0.23747157576059,2_13
3612,2_15_chr3_122793601_122793905_rc,forward,SNP,42,0.0030668127053669223,60,0.004236091499576391,LR2TGE,L7TGE,LR2TGE / L7TGE,-0.4659936900315824,2_15
3613,2_15_chr3_122793601_122793905_rc,forward,noSNP,24,0.0017524644030668128,55,0.0038830838746116915,LR2TGE,L7TGE,LR2TGE / L7TGE,-1.1478177300053276,2_15
3614,2_15_chr3_122793601_122793905_rc,reverse,SNP,27,0.0019715224534501644,40,0.002824060999717594,LR2TGE,L7TGE,LR2TGE / L7TGE,-0.5184611099257181,2_15
3615,2_15_chr3_122793601_122793905_rc,reverse,noSNP,1,7.301935012778386e-05,27,0.0019062411748093759,LR2TGE,L7TGE,LR2TGE / L7TGE,-4.706308019365292,2_15
3616,2_16_chr6_108562603_108562763_rc,forward,SNP,150,0.01095290251916758,118,0.008330979949166902,LR2TGE,L7TGE,LR2TGE / L7TGE,0.39475512393221535,2_16
3617,2_16_chr6_108562603_108562763_rc,forward,noSNP,180,0.013143483023001095,105,0.007413160124258684,LR2TGE,L7TGE,LR2TGE / L7TGE,0.8261870614617277,2_16
3618,2_16_chr6_108562603_108562763_rc,reverse,SNP,66,0.004819277108433735,91,0.006424738774357526,LR2TGE,L7TGE,LR2TGE / L7TGE,-0.41482103804206716,2_16
3619,2_16_chr6_108562603_108562763_rc,reverse,noSNP,68,0.004965315808689303,83,0.005859926574414007,LR2TGE,L7TGE,LR2TGE / L7TGE,-0.23899710729840967,2_16
3620,2_17_chr7_149685_149919_fw,forward,SNP,15,0.001095290251916758,37,0.0026122564247387744,LR2TGE,L7TGE,LR2TGE / L7TGE,-1.2539832872222556,2_17
3621,2_17_chr7_149685_149919_fw,forward,noSNP,6,0.0004381161007667032,34,0.0024004518497599547,LR2TGE,L7TGE,LR2TGE / L7TGE,-2.4539208577310077,2_17
3622,2_17_chr7_149685_149919_fw,reverse,SNP,26,0.0018985031033223803,39,0.002753459474724654,LR2TGE,L7TGE,LR2TGE / L7TGE,-0.5363830179229806,2_17
3623,2_17_chr7_149685_149919_fw,reverse,noSNP,12,0.0008762322015334064,29,0.0020474442247952556,LR2TGE,L7TGE,LR2TGE / L7TGE,-1.2244390116082402,2_17
3624,2_18_chr7_26398513_26398756_fw,forward,SNP,5,0.0003650967506389193,165,0.011649251623835075,LR2TGE,L7TGE,LR2TGE / L7TGE,-4.995814636560278,2_18
3625,2_18_chr7_26398513_26398756_fw,forward,noSNP,2,0.00014603870025556772,167,0.011790454673820954,LR2TGE,L7TGE,LR2TGE / L7TGE,-6.335124809675876,2_18
3626,2_18_chr7_26398513_26398756_fw,reverse,SNP,4,0.00029207740051113545,241,0.017014967523298504,LR2TGE,L7TGE,LR2TGE / L7TGE,-5.864309853431786,2_18
3627,2_18_chr7_26398513_26398756_fw,reverse,noSNP,2,0.00014603870025556772,170,0.012002259248799774,LR2TGE,L7TGE,LR2TGE / L7TGE,-6.360811453339526,2_18
3628,2_19_chr7_27168362_27168894_fw,forward,SNP,10,0.0007301935012778386,6,0.0004236091499576391,LR2TGE,L7TGE,LR2TGE / L7TGE,0.7855450769643818,2_19
3629,2_19_chr7_27168362_27168894_fw,reverse,SNP,10,0.0007301935012778386,7,0.000494210674950579,LR2TGE,L7TGE,LR2TGE / L7TGE,0.5631526556279338,2_19
3630,2_19_chr7_27168362_27168894_fw,reverse,noSNP,16,0.0011683096020445418,8,0.0005648121999435188,LR2TGE,L7TGE,LR2TGE / L7TGE,1.0485794827981756,2_19
3631,2_1_chr10_24208466_24209279_fw,forward,SNP,12,0.0008762322015334064,41,0.002894662524710534,LR2TGE,L7TGE,LR2TGE / L7TGE,-1.7240100210987517,2_1
3632,2_20_chr7_7566677_7567687_fw,forward,SNP,14,0.001022270901788974,15,0.0010590228748940977,LR2TGE,L7TGE,LR2TGE / L7TGE,-0.0509561907527387,2_20
3633,2_20_chr7_7566677_7567687_fw,forward,noSNP,29,0.002117561153705732,37,0.0026122564247387744,LR2TGE,L7TGE,LR2TGE / L7TGE,-0.302892887703202,2_20
3634,2_20_chr7_7566677_7567687_fw,reverse,noSNP,47,0.0034319094560058415,69,0.004871505224512849,LR2TGE,L7TGE,LR2TGE / L7TGE,-0.5053561223023559,2_20
3635,2_22_chr10_122375105_122375476_rc__2_21_chr10_122375073_122375541_fw,forward,SNP,13,0.0009492515516611902,49,0.0034594747246540526,LR2TGE,L7TGE,LR2TGE / L7TGE,-1.8656906431759406,2_22
3636,2_22_chr10_122375105_122375476_rc__2_21_chr10_122375073_122375541_fw,forward,noSNP,13,0.0009492515516611902,41,0.002894662524710534,LR2TGE,L7TGE,LR2TGE / L7TGE,-1.608532803678816,2_22
3637,2_22_chr10_122375105_122375476_rc__2_21_chr10_122375073_122375541_fw,reverse,SNP,6,0.0004381161007667032,17,0.0012002259248799774,LR2TGE,L7TGE,LR2TGE / L7TGE,-1.4539208577310074,2_22
3638,2_22_chr10_122375105_122375476_rc__2_21_chr10_122375073_122375541_fw,reverse,noSNP,4,0.00029207740051113545,28,0.001976842699802316,LR2TGE,L7TGE,LR2TGE / L7TGE,-2.758775439259429,2_22
3639,2_23_chr12_53046798_53047380_fw__2_24_chr12_53046888_53047426_rc,forward,SNP,7,0.000511135450894487,24,0.0016944365998305564,LR2TGE,L7TGE,LR2TGE / L7TGE,-1.7290280958653765,2_23
3640,2_23_chr12_53046798_53047380_fw__2_24_chr12_53046888_53047426_rc,forward,noSNP,15,0.001095290251916758,23,0.0016238350748376165,LR2TGE,L7TGE,LR2TGE / L7TGE,-0.5680918776503188,2_23
3641,2_23_chr12_53046798_53047380_fw__2_24_chr12_53046888_53047426_rc,reverse,SNP,12,0.0008762322015334064,30,0.0021180457497881953,LR2TGE,L7TGE,LR2TGE / L7TGE,-1.2733486120891866,2_23
3642,2_23_chr12_53046798_53047380_fw__2_24_chr12_53046888_53047426_rc,reverse,noSNP,9,0.0006571741511500548,28,0.001976842699802316,LR2TGE,L7TGE,LR2TGE / L7TGE,-1.5888504378171162,2_23
3643,2_32_chr22_44023936_44024267_rc__2_31_chr22_44023811_44024452_fw,forward,SNP,24,0.0017524644030668128,44,0.0031064670996893535,LR2TGE,L7TGE,LR2TGE / L7TGE,-0.8258896351179653,2_32
3644,2_32_chr22_44023936_44024267_rc__2_31_chr22_44023811_44024452_fw,forward,noSNP,11,0.0008032128514056225,25,0.0017650381248234962,LR2TGE,L7TGE,LR2TGE / L7TGE,-1.1358450883392517,2_32
3645,2_32_chr22_44023936_44024267_rc__2_31_chr22_44023811_44024452_fw,reverse,SNP,19,0.0013873676524278934,30,0.0021180457497881953,LR2TGE,L7TGE,LR2TGE / L7TGE,-0.6103835993667573,2_32
3646,2_32_chr22_44023936_44024267_rc__2_31_chr22_44023811_44024452_fw,reverse,noSNP,16,0.0011683096020445418,44,0.0031064670996893535,LR2TGE,L7TGE,LR2TGE / L7TGE,-1.4108521358391217,2_32
3647,2_33_chr5_132369336_132370461_fw__2_34_chr5_132369418_132370280_rc,forward,SNP,8,0.0005841548010222709,20,0.001412030499858797,LR2TGE,L7TGE,LR2TGE / L7TGE,-1.2733486120891868,2_33
3648,2_33_chr5_132369336_132370461_fw__2_34_chr5_132369418_132370280_rc,forward,noSNP,28,0.002044541803577948,22,0.0015532335498446767,LR2TGE,L7TGE,LR2TGE / L7TGE,0.39650278621848234,2_33
3649,2_33_chr5_132369336_132370461_fw__2_34_chr5_132369418_132370280_rc,reverse,SNP,3,0.0002190580503833516,14,0.000988421349901158,LR2TGE,L7TGE,LR2TGE / L7TGE,-2.1738129385382723,2_33
3650,2_33_chr5_132369336_132370461_fw__2_34_chr5_132369418_132370280_rc,reverse,noSNP,3,0.0002190580503833516,17,0.0012002259248799774,LR2TGE,L7TGE,LR2TGE / L7TGE,-2.4539208577310077,2_33
3651,2_39_chr14_100375283_100375730_rc__2_35_chr14_100375283_100375730_rc,forward,SNP,116,0.008470244614822929,163,0.011508048573849195,LR2TGE,L7TGE,LR2TGE / L7TGE,-0.44216767630532977,2_39
3652,2_39_chr14_100375283_100375730_rc__2_35_chr14_100375283_100375730_rc,forward,noSNP,179,0.013070463672873312,154,0.010872634848912736,LR2TGE,L7TGE,LR2TGE / L7TGE,0.26560871936753083,2_39
3653,2_39_chr14_100375283_100375730_rc__2_35_chr14_100375283_100375730_rc,reverse,SNP,41,0.0029937933552391383,85,0.006001129624399887,LR2TGE,L7TGE,LR2TGE / L7TGE,-1.0032594487214423,2_39
3654,2_39_chr14_100375283_100375730_rc__2_35_chr14_100375283_100375730_rc,reverse,noSNP,41,0.0029937933552391383,97,0.0068483479243151655,LR2TGE,L7TGE,LR2TGE / L7TGE,-1.1937813547708684,2_39
3655,2_3_chr10_71888998_71889183_rc,forward,SNP,15,0.001095290251916758,20,0.001412030499858797,LR2TGE,L7TGE,LR2TGE / L7TGE,-0.3664580164806682,2_3
3656,2_40_chr2_27890876_27891263_rc__2_36_chr2_27890876_27891263_rc,forward,SNP,23,0.001679445052939029,24,0.0016944365998305564,LR2TGE,L7TGE,LR2TGE / L7TGE,-0.012821061865967601,2_40
3657,2_40_chr2_27890876_27891263_rc__2_36_chr2_27890876_27891263_rc,forward,noSNP,16,0.0011683096020445418,28,0.001976842699802316,LR2TGE,L7TGE,LR2TGE / L7TGE,-0.7587754392594286,2_40
3658,2_40_chr2_27890876_27891263_rc__2_36_chr2_27890876_27891263_rc,reverse,SNP,31,0.0022635998539613,36,0.0025416548997458347,LR2TGE,L7TGE,LR2TGE / L7TGE,-0.16714920825726148,2_40
3659,2_40_chr2_27890876_27891263_rc__2_36_chr2_27890876_27891263_rc,reverse,noSNP,18,0.0013143483023001095,16,0.0011296243998870376,LR2TGE,L7TGE,LR2TGE / L7TGE,0.21850448424048807,2_40
3660,2_41_chr2_29114692_29115684_fw__2_37_chr2_29114692_29115684_fw,forward,SNP,23,0.001679445052939029,45,0.003177068624682293,LR2TGE,L7TGE,LR2TGE / L7TGE,-0.9197116574744861,2_41
3661,2_41_chr2_29114692_29115684_fw__2_37_chr2_29114692_29115684_fw,reverse,SNP,26,0.0018985031033223803,40,0.002824060999717594,LR2TGE,L7TGE,LR2TGE / L7TGE,-0.5729088939480947,2_41
3662,2_41_chr2_29114692_29115684_fw__2_37_chr2_29114692_29115684_fw,reverse,noSNP,9,0.0006571741511500548,27,0.0019062411748093759,LR2TGE,L7TGE,LR2TGE / L7TGE,-1.5363830179229805,2_41
3663,2_42_chr7_158818580_158818984_rc__2_38_chr7_158818580_158818984_rc,forward,SNP,3,0.0002190580503833516,42,0.0029652640497034735,LR2TGE,L7TGE,LR2TGE / L7TGE,-3.7587754392594284,2_42
3664,2_42_chr7_158818580_158818984_rc__2_38_chr7_158818580_158818984_rc,forward,noSNP,1,7.301935012778386e-05,48,0.003388873199661113,LR2TGE,L7TGE,LR2TGE / L7TGE,-5.53638301792298,2_42
3665,2_42_chr7_158818580_158818984_rc__2_38_chr7_158818580_158818984_rc,reverse,SNP,1,7.301935012778386e-05,48,0.003388873199661113,LR2TGE,L7TGE,LR2TGE / L7TGE,-5.53638301792298,2_42
3666,2_42_chr7_158818580_158818984_rc__2_38_chr7_158818580_158818984_rc,reverse,noSNP,31,0.0022635998539613,56,0.003953685399604632,LR2TGE,L7TGE,LR2TGE / L7TGE,-0.8045791288725532,2_42
3667,2_5_chr12_2959230_2960351_fw,forward,SNP,8,0.0005841548010222709,23,0.0016238350748376165,LR2TGE,L7TGE,LR2TGE / L7TGE,-1.474982473258837,2_5
3668,2_5_chr12_2959230_2960351_fw,forward,noSNP,2,0.00014603870025556772,13,0.0009178198249082181,LR2TGE,L7TGE,LR2TGE / L7TGE,-2.651860235342917,2_5
3669,2_5_chr12_2959230_2960351_fw,reverse,SNP,3,0.0002190580503833516,14,0.000988421349901158,LR2TGE,L7TGE,LR2TGE / L7TGE,-2.1738129385382723,2_5
3670,2_5_chr12_2959230_2960351_fw,reverse,noSNP,1,7.301935012778386e-05,16,0.0011296243998870376,LR2TGE,L7TGE,LR2TGE / L7TGE,-3.9514205172018246,2_5
3671,2_6_chr12_57611320_57611561_fw,forward,noSNP,1,7.301935012778386e-05,19,0.001341428974865857,LR2TGE,L7TGE,LR2TGE / L7TGE,-4.199348030645409,2_6
3672,2_6_chr12_57611320_57611561_fw,reverse,noSNP,9,0.0006571741511500548,22,0.0015532335498446767,LR2TGE,L7TGE,LR2TGE / L7TGE,-1.2409271343968091,2_6
3673,2_7_chr14_75069209_75069609_rc,forward,SNP,130,0.009492515516611903,142,0.01002541654899746,LR2TGE,L7TGE,LR2TGE / L7TGE,-0.07879982367805193,2_7
3674,2_7_chr14_75069209_75069609_rc,forward,noSNP,15,0.001095290251916758,21,0.0014826320248517368,LR2TGE,L7TGE,LR2TGE / L7TGE,-0.4368473443720662,2_7
3675,2_7_chr14_75069209_75069609_rc,reverse,SNP,52,0.0037970062066447607,101,0.0071307540242869245,LR2TGE,L7TGE,LR2TGE / L7TGE,-0.9091922818125269,2_7
3676,2_7_chr14_75069209_75069609_rc,reverse,noSNP,7,0.000511135450894487,17,0.0012002259248799774,LR2TGE,L7TGE,LR2TGE / L7TGE,-1.2315284363945598,2_7
3677,3,reverse,SNP,10,0.0007301935012778386,45,0.003177068624682293,LR2TGE,L7TGE,LR2TGE / L7TGE,-2.121345518644137,3
3678,4,forward,any_SNP,46,0.003358890105878058,585,0.041301892120869814,LR2TGE,L7TGE,LR2TGE / L7TGE,-3.6201513756155785,4
3679,4,reverse,any_SNP,239,0.017451624680540342,326,0.02301609714769839,LR2TGE,L7TGE,LR2TGE / L7TGE,-0.39928186345215355,4
3680,8,any_orientation,any_SNP,56,0.004089083607155896,172,0.012143462298785653,LR2TGE,L7TGE,LR2TGE / L7TGE,-1.5703303498463181,8
3681,9,any_orientation,any_SNP,39,0.0028477546549835705,886,0.0625529511437447,LR2TGE,L7TGE,LR2TGE / L7TGE,-4.457181186894594,9
3682,CMV,any_orientation,any_SNP,206,0.015041986126323476,36,0.0025416548997458347,LR2TGE,L7TGE,LR2TGE / L7TGE,2.5651550085390817,CMV
3683,SV40,any_orientation,any_SNP,31,0.0022635998539613,13,0.0009178198249082181,LR2TGE,L7TGE,LR2TGE / L7TGE,1.3023360750439588,SV40
3684,1_11_chr11_65418158_65418613_bi,forward,noSNP,11,0.0008032128514056225,7,0.00025968244546668645,LR2TGE,L8TGE,LR2TGE / L8TGE,1.6290338614662134,1_11
3685,1_11_chr11_65418158_65418613_bi,reverse,noSNP,9,0.0006571741511500548,13,0.0004822673987238463,LR2TGE,L8TGE,LR2TGE / L8TGE,0.4464424481877403,1_11
3686,1_14_chr14_60655620_60656040_bi,reverse,noSNP,3,0.0002190580503833516,13,0.0004822673987238463,LR2TGE,L8TGE,LR2TGE / L8TGE,-1.1385200525334158,1_14
3687,1_15_chr15_40098659_40099167_bi,forward,noSNP,13,0.0009492515516611902,5,0.00018548746104763317,LR2TGE,L8TGE,LR2TGE / L8TGE,2.35546878814025,1_15
3688,1_15_chr15_40098659_40099167_bi,reverse,noSNP,34,0.0024826579043446513,7,0.00025968244546668645,LR2TGE,L8TGE,LR2TGE / L8TGE,3.2570650840792554,1_15
3689,1_16_chr16_30805349_30805831_bi,forward,noSNP,398,0.029061701350857977,348,0.01290992728891527,LR2TGE,L8TGE,LR2TGE / L8TGE,1.1706382895814407,1_16
3690,1_16_chr16_30805349_30805831_bi,reverse,noSNP,196,0.014311792625045637,331,0.012279269921353317,LR2TGE,L8TGE,LR2TGE / L8TGE,0.22097960219451057,1_16
3691,1_17_chr16_73068918_73069480_bi,forward,noSNP,127,0.009273457466228551,83,0.003079091853390711,LR2TGE,L8TGE,LR2TGE / L8TGE,1.5906024203117615,1_17
3692,1_17_chr16_73068918_73069480_bi,reverse,noSNP,37,0.0027017159547280028,50,0.0018548746104763319,LR2TGE,L8TGE,LR2TGE / L8TGE,0.542554340740745,1_17
3693,1_18_chr16_74297506_74297928_bi,forward,noSNP,144,0.010514786418400876,179,0.006640451105505268,LR2TGE,L8TGE,LR2TGE / L8TGE,0.6630663890645762,1_18
3694,1_18_chr16_74297506_74297928_bi,reverse,noSNP,78,0.005695509309967141,178,0.006603353613295742,LR2TGE,L8TGE,LR2TGE / L8TGE,-0.2133740472176293,1_18
3695,1_19_chr16_807619_808176_bi,forward,SNP,10,0.0007301935012778386,15,0.0005564623831428995,LR2TGE,L8TGE,LR2TGE / L8TGE,0.39199466416536405,1_19
3696,1_19_chr16_807619_808176_bi,forward,noSNP,1,7.301935012778386e-05,5,0.00018548746104763317,LR2TGE,L8TGE,LR2TGE / L8TGE,-1.3449709300008421,1_19
3697,1_19_chr16_807619_808176_bi,reverse,SNP,42,0.0030668127053669223,15,0.0005564623831428995,LR2TGE,L8TGE,LR2TGE / L8TGE,2.462383992056762,1_19
3698,1_19_chr16_807619_808176_bi,reverse,noSNP,47,0.0034319094560058415,20,0.0007419498441905327,LR2TGE,L8TGE,LR2TGE / L8TGE,2.209617921676795,1_19
3699,1_1_chr1_156748909_156749379_bi,forward,noSNP,12,0.0008762322015334064,74,0.0027452144235049713,LR2TGE,L8TGE,LR2TGE / L8TGE,-1.6475337000212735,1_1
3700,1_20_chr16_87853532_87854041_bi,forward,SNP,12,0.0008762322015334064,15,0.0005564623831428995,LR2TGE,L8TGE,LR2TGE / L8TGE,0.655029069999158,1_20
3701,1_20_chr16_87853532_87854041_bi,forward,noSNP,4,0.00029207740051113545,8,0.0002967799376762131,LR2TGE,L8TGE,LR2TGE / L8TGE,-0.023042835113479914,1_20
3702,1_20_chr16_87853532_87854041_bi,reverse,SNP,27,0.0019715224534501644,18,0.0006677548597714795,LR2TGE,L8TGE,LR2TGE / L8TGE,1.5619196656076764,1_20
3703,1_20_chr16_87853532_87854041_bi,reverse,noSNP,29,0.002117561153705732,21,0.0007790473364000593,LR2TGE,L8TGE,LR2TGE / L8TGE,1.4426207372353321,1_20
3704,1_23_chr2_70142583_70143144_bi,forward,SNP,79,0.005768528660094925,41,0.001520997180590592,LR2TGE,L8TGE,LR2TGE / L8TGE,1.9231859084455396,1_23
3705,1_23_chr2_70142583_70143144_bi,forward,noSNP,5,0.0003650967506389193,603,0.02236978780234456,LR2TGE,L8TGE,LR2TGE / L8TGE,-5.937128932126202,1_23
3706,1_23_chr2_70142583_70143144_bi,reverse,noSNP,110,0.008032128514056224,442,0.016397091556610774,LR2TGE,L8TGE,LR2TGE / L8TGE,-1.029585680980252,1_23
3707,1_24_chr21_29002584_29003015_bi,forward,noSNP,110,0.008032128514056224,63,0.002337142009200178,LR2TGE,L8TGE,LR2TGE / L8TGE,1.7810369549112632,1_24
3708,1_25_chr22_36465359_36465803_bi,forward,noSNP,105,0.007667031763417305,50,0.0018548746104763319,LR2TGE,L8TGE,LR2TGE / L8TGE,2.047346492777918,1_25
3709,1_25_chr22_36465359_36465803_bi,reverse,noSNP,58,0.004235122307411464,95,0.0035242617599050303,LR2TGE,L8TGE,LR2TGE / L8TGE,0.26508255168314454,1_25
3710,1_26_chr22_40651538_40652054_bi,forward,noSNP,43,0.003139832055494706,614,0.022777860216649355,LR2TGE,L8TGE,LR2TGE / L8TGE,-2.8588729257815615,1_26
3711,1_26_chr22_40651538_40652054_bi,reverse,noSNP,239,0.017451624680540342,712,0.026413414453182966,LR2TGE,L8TGE,LR2TGE / L8TGE,-0.5979094580991291,1_26
3712,1_28_chr7_1532728_1533226_bi,forward,noSNP,12,0.0008762322015334064,14,0.0005193648909333729,LR2TGE,L8TGE,LR2TGE / L8TGE,0.7545647435500724,1_28
3713,1_28_chr7_1532728_1533226_bi,reverse,noSNP,4,0.00029207740051113545,13,0.0004822673987238463,LR2TGE,L8TGE,LR2TGE / L8TGE,-0.7234825532545719,1_28
3714,1_29_chr7_25856979_25857429_bi,forward,SNP,35,0.002555677254472435,29,0.0010758272740762724,LR2TGE,L8TGE,LR2TGE / L8TGE,1.2482591867039143,1_29
3715,1_29_chr7_25856979_25857429_bi,reverse,SNP,41,0.0029937933552391383,41,0.001520997180590592,LR2TGE,L8TGE,LR2TGE / L8TGE,0.9769571648865203,1_29
3716,1_30_chr9_126805681_126806202_bi,forward,noSNP,54,0.003943044906900329,149,0.005527526339219469,LR2TGE,L8TGE,LR2TGE / L8TGE,-0.4873238534121729,1_30
3717,1_30_chr9_126805681_126806202_bi,reverse,noSNP,135,0.009857612267250822,127,0.004711381510609883,LR2TGE,L8TGE,LR2TGE / L8TGE,1.0650880751651854,1_30
3718,1_5_chr1_33127099_33127603_bi,forward,noSNP,97,0.007082876962395034,294,0.01090666270960083,LR2TGE,L8TGE,LR2TGE / L8TGE,-0.6228023377627164,1_5
3719,1_5_chr1_33127099_33127603_bi,reverse,noSNP,214,0.015626140927345746,279,0.010350200326457932,LR2TGE,L8TGE,LR2TGE / L8TGE,0.5943028394584794,1_5
3720,1_7_chr10_110211049_110211924_bi,forward,noSNP,94,0.006863818912011683,146,0.005416233862590889,LR2TGE,L8TGE,LR2TGE / L8TGE,0.34172145768414025,1_7
3721,1_7_chr10_110211049_110211924_bi,reverse,noSNP,60,0.004381161007667032,22,0.000816144828609586,LR2TGE,L8TGE,LR2TGE / L8TGE,2.4244161418577415,1_7
3722,1_8_chr10_4663047_4663594_bi,forward,noSNP,742,0.05418035779481563,294,0.01090666270960083,LR2TGE,L8TGE,LR2TGE / L8TGE,2.312560196670959,1_8
3723,1_8_chr10_4663047_4663594_bi,reverse,noSNP,1482,0.10821467688937568,358,0.013280902211010536,LR2TGE,L8TGE,LR2TGE / L8TGE,3.0264711199280976,1_8
3724,1_9_chr10_71860316_71860874_bi,forward,noSNP,30,0.002190580503833516,49,0.0018177771182668052,LR2TGE,L8TGE,LR2TGE / L8TGE,0.26913791637983053,1_9
3725,1_9_chr10_71860316_71860874_bi,reverse,noSNP,119,0.00868930266520628,26,0.0009645347974476926,LR2TGE,L8TGE,LR2TGE / L8TGE,3.1713352100533716,1_9
3726,22,any_orientation,any_SNP,283,0.020664476086162835,4363,0.16185635851016472,LR2TGE,L8TGE,LR2TGE / L8TGE,-2.9694893506580975,22
3727,2_10_chr16_3305171_3305501_rc,forward,SNP,295,0.02154070828769624,215,0.007975960825048227,LR2TGE,L8TGE,LR2TGE / L8TGE,1.4333354595462637,2_10
3728,2_10_chr16_3305171_3305501_rc,forward,noSNP,1,7.301935012778386e-05,288,0.010684077756343672,LR2TGE,L8TGE,LR2TGE / L8TGE,-7.192967836555792,2_10
3729,2_10_chr16_3305171_3305501_rc,reverse,SNP,95,0.006936838262139467,173,0.006417866152248108,LR2TGE,L8TGE,LR2TGE / L8TGE,0.11218454558074353,2_10
3730,2_10_chr16_3305171_3305501_rc,reverse,noSNP,146,0.010660825118656445,196,0.007271108473067221,LR2TGE,L8TGE,LR2TGE / L8TGE,0.5520718796513292,2_10
3731,2_11_chr16_4538333_4538583_rc,reverse,noSNP,4,0.00029207740051113545,8,0.0002967799376762131,LR2TGE,L8TGE,LR2TGE / L8TGE,-0.023042835113479914,2_11
3732,2_12_chr17_58692543_58692822_fw,forward,noSNP,30,0.002190580503833516,91,0.0033758717910669237,LR2TGE,L8TGE,LR2TGE / L8TGE,-0.6239468797036575,2_12
3733,2_12_chr17_58692543_58692822_fw,reverse,noSNP,2,0.00014603870025556772,87,0.0032274818222288175,LR2TGE,L8TGE,LR2TGE / L8TGE,-4.465986330962208,2_12
3734,2_13_chr19_41397182_41397493_rc,forward,SNP,42,0.0030668127053669223,25,0.0009274373052381659,LR2TGE,L8TGE,LR2TGE / L8TGE,1.7254183978905557,2_13
3735,2_13_chr19_41397182_41397493_rc,forward,noSNP,31,0.0022635998539613,16,0.0005935598753524262,LR2TGE,L8TGE,LR2TGE / L8TGE,1.9311534752733954,2_13
3736,2_13_chr19_41397182_41397493_rc,reverse,noSNP,114,0.00832420591456736,35,0.0012984122273334323,LR2TGE,L8TGE,LR2TGE / L8TGE,2.6805641621062954,2_13
3737,2_15_chr3_122793601_122793905_rc,forward,SNP,42,0.0030668127053669223,112,0.004154919127466983,LR2TGE,L8TGE,LR2TGE / L8TGE,-0.4380803343923236,2_15
3738,2_15_chr3_122793601_122793905_rc,forward,noSNP,24,0.0017524644030668128,106,0.003932334174209824,LR2TGE,L8TGE,LR2TGE / L8TGE,-1.1660007889555228,2_15
3739,2_15_chr3_122793601_122793905_rc,reverse,SNP,27,0.0019715224534501644,77,0.002856506900133551,LR2TGE,L8TGE,LR2TGE / L8TGE,-0.5349418736449125,2_15
3740,2_15_chr3_122793601_122793905_rc,reverse,noSNP,1,7.301935012778386e-05,61,0.0022629470247811246,LR2TGE,L8TGE,LR2TGE / L8TGE,-4.953780172676366,2_15
3741,2_16_chr6_108562603_108562763_rc,forward,SNP,150,0.01095290251916758,176,0.006529158628876688,LR2TGE,L8TGE,LR2TGE / L8TGE,0.7463442367451039,2_16
3742,2_16_chr6_108562603_108562763_rc,forward,noSNP,180,0.013143483023001095,166,0.006158183706781422,LR2TGE,L8TGE,LR2TGE / L8TGE,1.09377082986927,2_16
3743,2_16_chr6_108562603_108562763_rc,reverse,SNP,66,0.004819277108433735,200,0.0074194984419053275,LR2TGE,L8TGE,LR2TGE / L8TGE,-0.622504905529751,2_16
3744,2_16_chr6_108562603_108562763_rc,reverse,noSNP,68,0.004965315808689303,177,0.006566256121086214,LR2TGE,L8TGE,LR2TGE / L8TGE,-0.40318554394613776,2_16
3745,2_17_chr7_149685_149919_fw,forward,SNP,15,0.001095290251916758,81,0.0030048968689716576,LR2TGE,L8TGE,LR2TGE / L8TGE,-1.456002242389586,2_17
3746,2_17_chr7_149685_149919_fw,forward,noSNP,6,0.0004381161007667032,70,0.0025968244546668647,LR2TGE,L8TGE,LR2TGE / L8TGE,-2.56736335133729,2_17
3747,2_17_chr7_149685_149919_fw,reverse,SNP,26,0.0018985031033223803,79,0.0029307018845526043,LR2TGE,L8TGE,LR2TGE / L8TGE,-0.6263838651494906,2_17
3748,2_17_chr7_149685_149919_fw,reverse,noSNP,12,0.0008762322015334064,58,0.002151654548152545,LR2TGE,L8TGE,LR2TGE / L8TGE,-1.2960613295198957,2_17
3749,2_18_chr7_26398513_26398756_fw,forward,SNP,5,0.0003650967506389193,332,0.012316367413562844,LR2TGE,L8TGE,LR2TGE / L8TGE,-5.076154171573042,2_18
3750,2_18_chr7_26398513_26398756_fw,forward,noSNP,2,0.00014603870025556772,338,0.012538952366820002,LR2TGE,L8TGE,LR2TGE / L8TGE,-6.423922271395664,2_18
3751,2_18_chr7_26398513_26398756_fw,reverse,SNP,4,0.00029207740051113545,403,0.014950289360439234,LR2TGE,L8TGE,LR2TGE / L8TGE,-5.6776788636414475,2_18
3752,2_18_chr7_26398513_26398756_fw,reverse,noSNP,2,0.00014603870025556772,354,0.013132512242172429,LR2TGE,L8TGE,LR2TGE / L8TGE,-6.490648385196478,2_18
3753,2_19_chr7_27168362_27168894_fw,forward,SNP,10,0.0007301935012778386,16,0.0005935598753524262,LR2TGE,L8TGE,LR2TGE / L8TGE,0.2988852597738826,2_19
3754,2_19_chr7_27168362_27168894_fw,forward,noSNP,1,7.301935012778386e-05,10,0.00037097492209526634,LR2TGE,L8TGE,LR2TGE / L8TGE,-2.344970930000842,2_19
3755,2_19_chr7_27168362_27168894_fw,reverse,SNP,10,0.0007301935012778386,14,0.0005193648909333729,LR2TGE,L8TGE,LR2TGE / L8TGE,0.4915303377162785,2_19
3756,2_19_chr7_27168362_27168894_fw,reverse,noSNP,16,0.0011683096020445418,29,0.0010758272740762724,LR2TGE,L8TGE,LR2TGE / L8TGE,0.11897616975894801,2_19
3757,2_1_chr10_24208466_24209279_fw,forward,noSNP,16,0.0011683096020445418,66,0.002448434485828758,LR2TGE,L8TGE,LR2TGE / L8TGE,-1.0674369544719333,2_1
3758,2_1_chr10_24208466_24209279_fw,reverse,SNP,21,0.0015334063526834612,6,0.00022258495325715982,LR2TGE,L8TGE,LR2TGE / L8TGE,2.7843120869441242,2_1
3759,2_1_chr10_24208466_24209279_fw,reverse,noSNP,21,0.0015334063526834612,128,0.0047484790028194095,LR2TGE,L8TGE,LR2TGE / L8TGE,-1.6307254123347195,2_1
3760,2_20_chr7_7566677_7567687_fw,forward,SNP,14,0.001022270901788974,49,0.0018177771182668052,LR2TGE,L8TGE,LR2TGE / L8TGE,-0.830397757171084,2_20
3761,2_20_chr7_7566677_7567687_fw,forward,noSNP,29,0.002117561153705732,46,0.0017064846416382253,LR2TGE,L8TGE,LR2TGE / L8TGE,0.31137620395707966,2_20
3762,2_20_chr7_7566677_7567687_fw,reverse,SNP,1,7.301935012778386e-05,41,0.001520997180590592,LR2TGE,L8TGE,LR2TGE / L8TGE,-4.380594839731564,2_20
3763,2_20_chr7_7566677_7567687_fw,reverse,noSNP,47,0.0034319094560058415,97,0.0035984567443240836,LR2TGE,L8TGE,LR2TGE / L8TGE,-0.06836682562297003,2_20
3764,2_22_chr10_122375105_122375476_rc__2_21_chr10_122375073_122375541_fw,forward,SNP,13,0.0009492515516611902,88,0.003264579314438344,LR2TGE,L8TGE,LR2TGE / L8TGE,-1.782034735609685,2_22
3765,2_22_chr10_122375105_122375476_rc__2_21_chr10_122375073_122375541_fw,forward,noSNP,13,0.0009492515516611902,88,0.003264579314438344,LR2TGE,L8TGE,LR2TGE / L8TGE,-1.782034735609685,2_22
3766,2_22_chr10_122375105_122375476_rc__2_21_chr10_122375073_122375541_fw,reverse,SNP,6,0.0004381161007667032,35,0.0012984122273334323,LR2TGE,L8TGE,LR2TGE / L8TGE,-1.5673633513372902,2_22
3767,2_22_chr10_122375105_122375476_rc__2_21_chr10_122375073_122375541_fw,reverse,noSNP,4,0.00029207740051113545,51,0.0018919721026858585,LR2TGE,L8TGE,LR2TGE / L8TGE,-2.6954681770849755,2_22
3768,2_23_chr12_53046798_53047380_fw__2_24_chr12_53046888_53047426_rc,forward,SNP,7,0.000511135450894487,40,0.0014838996883810654,LR2TGE,L8TGE,LR2TGE / L8TGE,-1.5376160079432382,2_23
3769,2_23_chr12_53046798_53047380_fw__2_24_chr12_53046888_53047426_rc,forward,noSNP,15,0.001095290251916758,59,0.0021887520403620717,LR2TGE,L8TGE,LR2TGE / L8TGE,-0.9987952888668026,2_23
3770,2_23_chr12_53046798_53047380_fw__2_24_chr12_53046888_53047426_rc,reverse,SNP,12,0.0008762322015334064,68,0.0025226294702478114,LR2TGE,L8TGE,LR2TGE / L8TGE,-1.5255431756426632,2_23
3771,2_23_chr12_53046798_53047380_fw__2_24_chr12_53046888_53047426_rc,reverse,noSNP,9,0.0006571741511500548,62,0.0023000445169906515,LR2TGE,L8TGE,LR2TGE / L8TGE,-1.8073141440580427,2_23
3772,2_32_chr22_44023936_44024267_rc__2_31_chr22_44023811_44024452_fw,forward,SNP,24,0.0017524644030668128,71,0.002633921946876391,LR2TGE,L8TGE,LR2TGE / L8TGE,-0.5878274538970054,2_32
3773,2_32_chr22_44023936_44024267_rc__2_31_chr22_44023811_44024452_fw,forward,noSNP,11,0.0008032128514056225,52,0.0019290695948953852,LR2TGE,L8TGE,LR2TGE / L8TGE,-1.2640509346172748,2_32
3774,2_32_chr22_44023936_44024267_rc__2_31_chr22_44023811_44024452_fw,reverse,SNP,19,0.0013873676524278934,50,0.0018548746104763319,LR2TGE,L8TGE,LR2TGE / L8TGE,-0.4189715114446191,2_32
3775,2_32_chr22_44023936_44024267_rc__2_31_chr22_44023811_44024452_fw,reverse,noSNP,16,0.0011683096020445418,52,0.0019290695948953852,LR2TGE,L8TGE,LR2TGE / L8TGE,-0.7234825532545719,2_32
3776,2_33_chr5_132369336_132370461_fw__2_34_chr5_132369418_132370280_rc,forward,noSNP,28,0.002044541803577948,6,0.00022258495325715982,LR2TGE,L8TGE,LR2TGE / L8TGE,3.199349586222968,2_33
3777,2_33_chr5_132369336_132370461_fw__2_34_chr5_132369418_132370280_rc,reverse,SNP,3,0.0002190580503833516,26,0.0009645347974476926,LR2TGE,L8TGE,LR2TGE / L8TGE,-2.138520052533416,2_33
3778,2_39_chr14_100375283_100375730_rc__2_35_chr14_100375283_100375730_rc,forward,SNP,116,0.008470244614822929,277,0.010276005342038878,LR2TGE,L8TGE,LR2TGE / L8TGE,-0.27880400603509575,2_39
3779,2_39_chr14_100375283_100375730_rc__2_35_chr14_100375283_100375730_rc,forward,noSNP,179,0.013070463672873312,302,0.011203442647277044,LR2TGE,L8TGE,LR2TGE / L8TGE,0.2223682028256978,2_39
3780,2_39_chr14_100375283_100375730_rc__2_35_chr14_100375283_100375730_rc,reverse,SNP,41,0.0029937933552391383,149,0.005527526339219469,LR2TGE,L8TGE,LR2TGE / L8TGE,-0.8846593509575578,2_39
3781,2_39_chr14_100375283_100375730_rc__2_35_chr14_100375283_100375730_rc,reverse,noSNP,41,0.0029937933552391383,200,0.0074194984419053275,LR2TGE,L8TGE,LR2TGE / L8TGE,-1.309347020270121,2_39
3782,2_3_chr10_71888998_71889183_rc,forward,SNP,15,0.001095290251916758,24,0.0008903398130286393,LR2TGE,L8TGE,LR2TGE / L8TGE,0.2988852597738826,2_3
3783,2_3_chr10_71888998_71889183_rc,forward,noSNP,6,0.0004381161007667032,17,0.0006306573675619528,LR2TGE,L8TGE,LR2TGE / L8TGE,-0.5255431756426631,2_3
3784,2_3_chr10_71888998_71889183_rc,reverse,SNP,3,0.0002190580503833516,7,0.00025968244546668645,LR2TGE,L8TGE,LR2TGE / L8TGE,-0.24543525644992756,2_3
3785,2_40_chr2_27890876_27891263_rc__2_36_chr2_27890876_27891263_rc,forward,SNP,23,0.001679445052939029,70,0.0025968244546668647,LR2TGE,L8TGE,LR2TGE / L8TGE,-0.6287638960014333,2_40
3786,2_40_chr2_27890876_27891263_rc__2_36_chr2_27890876_27891263_rc,forward,noSNP,16,0.0011683096020445418,40,0.0014838996883810654,LR2TGE,L8TGE,LR2TGE / L8TGE,-0.34497093000084217,2_40
3787,2_40_chr2_27890876_27891263_rc__2_36_chr2_27890876_27891263_rc,reverse,SNP,31,0.0022635998539613,61,0.0022629470247811246,LR2TGE,L8TGE,LR2TGE / L8TGE,0.0004161377105094214,2_40
3788,2_40_chr2_27890876_27891263_rc__2_36_chr2_27890876_27891263_rc,reverse,noSNP,18,0.0013143483023001095,32,0.0011871197507048524,LR2TGE,L8TGE,LR2TGE / L8TGE,0.1468821663288326,2_40
3789,2_41_chr2_29114692_29115684_fw__2_37_chr2_29114692_29115684_fw,forward,SNP,23,0.001679445052939029,103,0.0038210416975812435,LR2TGE,L8TGE,LR2TGE / L8TGE,-1.1859814062396852,2_41
3790,2_41_chr2_29114692_29115684_fw__2_37_chr2_29114692_29115684_fw,reverse,SNP,26,0.0018985031033223803,97,0.0035984567443240836,LR2TGE,L8TGE,LR2TGE / L8TGE,-0.9225159591595152,2_41
3791,2_41_chr2_29114692_29115684_fw__2_37_chr2_29114692_29115684_fw,reverse,noSNP,9,0.0006571741511500548,43,0.0015951921650096453,LR2TGE,L8TGE,LR2TGE / L8TGE,-1.2793825883732652,2_41
3792,2_42_chr7_158818580_158818984_rc__2_38_chr7_158818580_158818984_rc,forward,SNP,3,0.0002190580503833516,219,0.008124350793886334,LR2TGE,L8TGE,LR2TGE / L8TGE,-5.212867393993497,2_42
3793,2_42_chr7_158818580_158818984_rc__2_38_chr7_158818580_158818984_rc,forward,noSNP,1,7.301935012778386e-05,210,0.007790473364000594,LR2TGE,L8TGE,LR2TGE / L8TGE,-6.737288352779602,2_42
3794,2_42_chr7_158818580_158818984_rc__2_38_chr7_158818580_158818984_rc,reverse,SNP,1,7.301935012778386e-05,217,0.00805015580946728,LR2TGE,L8TGE,LR2TGE / L8TGE,-6.784594067557959,2_42
3795,2_42_chr7_158818580_158818984_rc__2_38_chr7_158818580_158818984_rc,reverse,noSNP,31,0.0022635998539613,255,0.009459860513429293,LR2TGE,L8TGE,LR2TGE / L8TGE,-2.0631999615854624,2_42
3796,2_5_chr12_2959230_2960351_fw,forward,SNP,8,0.0005841548010222709,46,0.0017064846416382253,LR2TGE,L8TGE,LR2TGE / L8TGE,-1.5466047911704928,2_5
3797,2_5_chr12_2959230_2960351_fw,forward,noSNP,2,0.00014603870025556772,45,0.0016693871494286986,LR2TGE,L8TGE,LR2TGE / L8TGE,-3.5148959314431547,2_5
3798,2_5_chr12_2959230_2960351_fw,reverse,SNP,3,0.0002190580503833516,34,0.0012613147351239057,LR2TGE,L8TGE,LR2TGE / L8TGE,-2.525543175642663,2_5
3799,2_5_chr12_2959230_2960351_fw,reverse,noSNP,1,7.301935012778386e-05,32,0.0011871197507048524,LR2TGE,L8TGE,LR2TGE / L8TGE,-4.02304283511348,2_5
3800,2_6_chr12_57611320_57611561_fw,forward,noSNP,1,7.301935012778386e-05,66,0.002448434485828758,LR2TGE,L8TGE,LR2TGE / L8TGE,-5.067436954471933,2_6
3801,2_6_chr12_57611320_57611561_fw,reverse,noSNP,9,0.0006571741511500548,42,0.0015580946728001187,LR2TGE,L8TGE,LR2TGE / L8TGE,-1.2454352564499276,2_6
3802,2_7_chr14_75069209_75069609_rc,forward,SNP,130,0.009492515516611903,272,0.010090517880991245,LR2TGE,L8TGE,LR2TGE / L8TGE,-0.08813786333536472,2_7
3803,2_7_chr14_75069209_75069609_rc,forward,noSNP,15,0.001095290251916758,34,0.0012613147351239057,LR2TGE,L8TGE,LR2TGE / L8TGE,-0.20361508075530077,2_7
3804,2_7_chr14_75069209_75069609_rc,reverse,SNP,52,0.0037970062066447607,229,0.0084953257159816,LR2TGE,L8TGE,LR2TGE / L8TGE,-1.1618069050693316,2_7
3805,2_7_chr14_75069209_75069609_rc,reverse,noSNP,7,0.000511135450894487,37,0.0013726072117524856,LR2TGE,L8TGE,LR2TGE / L8TGE,-1.4251412786848254,2_7
3806,3,reverse,SNP,10,0.0007301935012778386,44,0.001632289657219172,LR2TGE,L8TGE,LR2TGE / L8TGE,-1.1605463588634146,3
3807,4,forward,any_SNP,46,0.003358890105878058,954,0.03539100756788841,LR2TGE,L8TGE,LR2TGE / L8TGE,-3.3973263350619782,4
3808,4,reverse,any_SNP,239,0.017451624680540342,587,0.021776227926992135,LR2TGE,L8TGE,LR2TGE / L8TGE,-0.3193927202427834,4
3809,8,any_orientation,any_SNP,56,0.004089083607155896,311,0.011537320077162783,LR2TGE,L8TGE,LR2TGE / L8TGE,-1.4964586831864781,8
3810,9,any_orientation,any_SNP,39,0.0028477546549835705,1607,0.0596156699807093,LR2TGE,L8TGE,LR2TGE / L8TGE,-4.387794829926325,9
3811,CMV,any_orientation,any_SNP,206,0.015041986126323476,73,0.0027081169312954444,LR2TGE,L8TGE,LR2TGE / L8TGE,2.4736331331897214,CMV
3812,SV40,any_orientation,any_SNP,31,0.0022635998539613,24,0.0008903398130286393,LR2TGE,L8TGE,LR2TGE / L8TGE,1.3461909745522394,SV40
3813,1_11_chr11_65418158_65418613_bi,forward,noSNP,11,0.0008032128514056225,5,0.00015832805573147562,LR2TGE,LTGE,LR2TGE / LTGE,2.3428654289047937,1_11
3814,1_11_chr11_65418158_65418613_bi,reverse,noSNP,9,0.0006571741511500548,20,0.0006333122229259025,LR2TGE,LTGE,LR2TGE / LTGE,0.053358811709808836,1_11
3815,1_14_chr14_60655620_60656040_bi,reverse,noSNP,3,0.0002190580503833516,8,0.000253324889170361,LR2TGE,LTGE,LR2TGE / LTGE,-0.20967559412398518,1_14
3816,1_15_chr15_40098659_40099167_bi,forward,noSNP,13,0.0009492515516611902,10,0.00031665611146295124,LR2TGE,LTGE,LR2TGE / LTGE,1.5838735284085885,1_15
3817,1_15_chr15_40098659_40099167_bi,reverse,noSNP,34,0.0024826579043446513,14,0.00044331855604813175,LR2TGE,LTGE,LR2TGE / LTGE,2.485469824347594,1_15
3818,1_16_chr16_30805349_30805831_bi,forward,noSNP,398,0.029061701350857977,473,0.014977834072197594,LR2TGE,LTGE,LR2TGE / LTGE,0.9562901523591123,1_16
3819,1_16_chr16_30805349_30805831_bi,reverse,noSNP,196,0.014311792625045637,415,0.013141228625712476,LR2TGE,LTGE,LR2TGE / LTGE,0.12310422303577985,1_16
3820,1_17_chr16_73068918_73069480_bi,forward,noSNP,127,0.009273457466228551,82,0.0025965801139962003,LR2TGE,LTGE,LR2TGE / LTGE,1.8364945873089409,1_17
3821,1_17_chr16_73068918_73069480_bi,reverse,noSNP,37,0.0027017159547280028,37,0.0011716276124129196,LR2TGE,LTGE,LR2TGE / LTGE,1.2053619051548587,1_17
3822,1_18_chr16_74297506_74297928_bi,forward,noSNP,144,0.010514786418400876,247,0.007821405953134896,LR2TGE,LTGE,LR2TGE / LTGE,0.4269196750124934,1_18
3823,1_18_chr16_74297506_74297928_bi,reverse,noSNP,78,0.005695509309967141,10,0.00031665611146295124,LR2TGE,LTGE,LR2TGE / LTGE,4.168836029129745,1_18
3824,1_19_chr16_807619_808176_bi,forward,SNP,10,0.0007301935012778386,15,0.00047498416719442683,LR2TGE,LTGE,LR2TGE / LTGE,0.6203994044337028,1_19
3825,1_19_chr16_807619_808176_bi,forward,noSNP,1,7.301935012778386e-05,7,0.00022165927802406587,LR2TGE,LTGE,LR2TGE / LTGE,-1.6019930169027454,1_19
3826,1_19_chr16_807619_808176_bi,reverse,SNP,42,0.0030668127053669223,22,0.0006966434452184928,LR2TGE,LTGE,LR2TGE / LTGE,2.138247709296322,1_19
3827,1_19_chr16_807619_808176_bi,reverse,noSNP,47,0.0034319094560058415,33,0.001044965167827739,LR2TGE,LTGE,LR2TGE / LTGE,1.7155566374740427,1_19
3828,1_1_chr1_156748909_156749379_bi,forward,noSNP,12,0.0008762322015334064,67,0.0021215959468017733,LR2TGE,LTGE,LR2TGE / LTGE,-1.2757647845817575,1_1
3829,1_20_chr16_87853532_87854041_bi,forward,SNP,12,0.0008762322015334064,16,0.000506649778340722,LR2TGE,LTGE,LR2TGE / LTGE,0.7903244058760148,1_20
3830,1_20_chr16_87853532_87854041_bi,forward,noSNP,4,0.00029207740051113545,11,0.0003483217226092464,LR2TGE,LTGE,LR2TGE / LTGE,-0.2540697134824386,1_20
3831,1_20_chr16_87853532_87854041_bi,reverse,SNP,27,0.0019715224534501644,34,0.0010766307789740342,LR2TGE,LTGE,LR2TGE / LTGE,0.8727865660679879,1_20
3832,1_20_chr16_87853532_87854041_bi,reverse,noSNP,29,0.002117561153705732,24,0.0007599746675110829,LR2TGE,LTGE,LR2TGE / LTGE,1.4783803995612748,1_20
3833,1_23_chr2_70142583_70143144_bi,forward,SNP,79,0.005768528660094925,40,0.001266624445851805,LR2TGE,LTGE,LR2TGE / LTGE,2.187214558444599,1_23
3834,1_23_chr2_70142583_70143144_bi,forward,noSNP,5,0.0003650967506389193,714,0.022609246358454717,LR2TGE,LTGE,LR2TGE / LTGE,-5.952490263986879,1_23
3835,1_23_chr2_70142583_70143144_bi,reverse,SNP,11,0.0008032128514056225,13,0.0004116529449018366,LR2TGE,LTGE,LR2TGE / LTGE,0.964353805651064,1_23
3836,1_23_chr2_70142583_70143144_bi,reverse,noSNP,110,0.008032128514056224,524,0.016592780240658644,LR2TGE,LTGE,LR2TGE / LTGE,-1.046701382857932,1_23
3837,1_24_chr21_29002584_29003015_bi,forward,noSNP,110,0.008032128514056224,120,0.0037998733375554147,LR2TGE,LTGE,LR2TGE / LTGE,1.079831023071,1_24
3838,1_24_chr21_29002584_29003015_bi,reverse,noSNP,43,0.003139832055494706,82,0.0025965801139962003,LR2TGE,LTGE,LR2TGE / LTGE,0.27407465523887287,1_24
3839,1_25_chr22_36465359_36465803_bi,forward,noSNP,105,0.007667031763417305,69,0.0021849271690943636,LR2TGE,LTGE,LR2TGE / LTGE,1.8110829660428123,1_25
3840,1_25_chr22_36465359_36465803_bi,reverse,noSNP,58,0.004235122307411464,99,0.0031348955034832173,LR2TGE,LTGE,LR2TGE / LTGE,0.43398628020282126,1_25
3841,1_26_chr22_40651538_40652054_bi,forward,noSNP,43,0.003139832055494706,512,0.016212792906903105,LR2TGE,LTGE,LR2TGE / LTGE,-2.3683733401430436,1_26
3842,1_26_chr22_40651538_40652054_bi,reverse,noSNP,239,0.017451624680540342,673,0.02131095630145662,LR2TGE,LTGE,LR2TGE / LTGE,-0.28823398147470985,1_26
3843,1_28_chr7_1532728_1533226_bi,forward,noSNP,12,0.0008762322015334064,13,0.0004116529449018366,LR2TGE,LTGE,LR2TGE / LTGE,1.0898846877349229,1_28
3844,1_28_chr7_1532728_1533226_bi,reverse,noSNP,4,0.00029207740051113545,11,0.0003483217226092464,LR2TGE,LTGE,LR2TGE / LTGE,-0.2540697134824386,1_28
3845,1_29_chr7_25856979_25857429_bi,forward,SNP,35,0.002555677254472435,31,0.0009816339455351489,LR2TGE,LTGE,LR2TGE / LTGE,1.3804486117129497,1_29
3846,1_29_chr7_25856979_25857429_bi,reverse,SNP,41,0.0029937933552391383,59,0.0018682710576314124,LR2TGE,LTGE,LR2TGE / LTGE,0.6802708604111011,1_29
3847,1_30_chr9_126805681_126806202_bi,forward,noSNP,54,0.003943044906900329,156,0.004939835338822039,LR2TGE,LTGE,LR2TGE / LTGE,-0.3251528115439209,1_30
3848,1_30_chr9_126805681_126806202_bi,reverse,noSNP,135,0.009857612267250822,198,0.006269791006966435,LR2TGE,LTGE,LR2TGE / LTGE,0.65282088212608,1_30
3849,1_5_chr1_33127099_33127603_bi,forward,noSNP,97,0.007082876962395034,259,0.008201393286890436,LR2TGE,LTGE,LR2TGE / LTGE,-0.21153354034456748,1_5
3850,1_5_chr1_33127099_33127603_bi,reverse,noSNP,214,0.015626140927345746,316,0.010006333122229259,LR2TGE,LTGE,LR2TGE / LTGE,0.6430481433789028,1_5
3851,1_7_chr10_110211049_110211924_bi,forward,noSNP,94,0.006863818912011683,192,0.0060797973400886635,LR2TGE,LTGE,LR2TGE / LTGE,0.17498825611134008,1_7
3852,1_7_chr10_110211049_110211924_bi,reverse,noSNP,60,0.004381161007667032,28,0.0008866371120962635,LR2TGE,LTGE,LR2TGE / LTGE,2.304897578705773,1_7
3853,1_8_chr10_4663047_4663594_bi,forward,noSNP,742,0.05418035779481563,350,0.011082963901203294,LR2TGE,LTGE,LR2TGE / LTGE,2.2894261699433334,1_8
3854,1_8_chr10_4663047_4663594_bi,reverse,noSNP,1482,0.10821467688937568,431,0.013647878404053198,LR2TGE,LTGE,LR2TGE / LTGE,2.9871475783715944,1_8
3855,1_9_chr10_71860316_71860874_bi,forward,noSNP,30,0.002190580503833516,60,0.0018999366687777073,LR2TGE,LTGE,LR2TGE / LTGE,0.20536190515485872,1_9
3856,1_9_chr10_71860316_71860874_bi,reverse,noSNP,119,0.00868930266520628,37,0.0011716276124129196,LR2TGE,LTGE,LR2TGE / LTGE,2.8907263028338526,1_9
3857,22,any_orientation,any_SNP,283,0.020664476086162835,4721,0.14949335022165927,LR2TGE,LTGE,LR2TGE / LTGE,-2.854856619617252,22
3858,2_10_chr16_3305171_3305501_rc,forward,SNP,295,0.02154070828769624,276,0.008739708676377455,LR2TGE,LTGE,LR2TGE / LTGE,1.3014085926258934,2_10
3859,2_10_chr16_3305171_3305501_rc,forward,noSNP,1,7.301935012778386e-05,329,0.010417986067131096,LR2TGE,LTGE,LR2TGE / LTGE,-7.156581868580383,2_10
3860,2_10_chr16_3305171_3305501_rc,reverse,SNP,95,0.006936838262139467,213,0.006744775174160862,LR2TGE,LTGE,LR2TGE / LTGE,0.04050789325996828,2_10
3861,2_10_chr16_3305171_3305501_rc,reverse,noSNP,146,0.010660825118656445,248,0.007853071564281191,LR2TGE,LTGE,LR2TGE / LTGE,0.4409901536480008,2_10
3862,2_11_chr16_4538333_4538583_rc,reverse,SNP,4,0.00029207740051113545,17,0.0005383153894870171,LR2TGE,LTGE,LR2TGE / LTGE,-0.8821009360954807,2_11
3863,2_12_chr17_58692543_58692822_fw,forward,noSNP,30,0.002190580503833516,102,0.0032298923369221025,LR2TGE,LTGE,LR2TGE / LTGE,-0.5601728412081183,2_12
3864,2_12_chr17_58692543_58692822_fw,reverse,noSNP,2,0.00014603870025556772,106,0.0033565547815072832,LR2TGE,LTGE,LR2TGE / LTGE,-4.52255854940834,2_12
3865,2_13_chr19_41397182_41397493_rc,forward,SNP,42,0.0030668127053669223,279,0.00883470550981634,LR2TGE,LTGE,LR2TGE / LTGE,-1.5264419838955685,2_13
3866,2_13_chr19_41397182_41397493_rc,forward,noSNP,31,0.0022635998539613,325,0.010291323622545916,LR2TGE,LTGE,LR2TGE / LTGE,-2.1847376923740827,2_13
3867,2_13_chr19_41397182_41397493_rc,reverse,SNP,80,0.005841548010222709,217,0.006871437618746042,LR2TGE,LTGE,LR2TGE / LTGE,-0.23426123240225816,2_13
3868,2_13_chr19_41397182_41397493_rc,reverse,noSNP,114,0.00832420591456736,316,0.010006333122229259,LR2TGE,LTGE,LR2TGE / LTGE,-0.2655288288575025,2_13
3869,2_15_chr3_122793601_122793905_rc,forward,SNP,42,0.0030668127053669223,125,0.003958201393286891,LR2TGE,LTGE,LR2TGE / LTGE,-0.36810495672846805,2_15
3870,2_15_chr3_122793601_122793905_rc,forward,noSNP,24,0.0017524644030668128,135,0.004274857504749842,LR2TGE,LTGE,LR2TGE / LTGE,-1.286491191174816,2_15
3871,2_15_chr3_122793601_122793905_rc,reverse,SNP,27,0.0019715224534501644,87,0.002754908169727676,LR2TGE,LTGE,LR2TGE / LTGE,-0.48269408853040097,2_15
3872,2_15_chr3_122793601_122793905_rc,reverse,noSNP,1,7.301935012778386e-05,56,0.001773274224192527,LR2TGE,LTGE,LR2TGE / LTGE,-4.601993016902745,2_15
3873,2_16_chr6_108562603_108562763_rc,forward,noSNP,180,0.013143483023001095,337,0.010671310956301456,LR2TGE,LTGE,LR2TGE / LTGE,0.3006102203026749,2_16
3874,2_16_chr6_108562603_108562763_rc,reverse,noSNP,68,0.004965315808689303,330,0.01044965167827739,LR2TGE,LTGE,LR2TGE / LTGE,-1.0734974678406175,2_16
3875,2_17_chr7_149685_149919_fw,forward,SNP,15,0.001095290251916758,96,0.0030398986700443317,LR2TGE,LTGE,LR2TGE / LTGE,-1.4727099999577788,2_17
3876,2_17_chr7_149685_149919_fw,forward,noSNP,6,0.0004381161007667032,83,0.002628245725142495,LR2TGE,LTGE,LR2TGE / LTGE,-2.5847150254709095,2_17
3877,2_17_chr7_149685_149919_fw,reverse,SNP,26,0.0018985031033223803,80,0.00253324889170361,LR2TGE,LTGE,LR2TGE / LTGE,-0.4161264715914114,2_17
3878,2_17_chr7_149685_149919_fw,reverse,noSNP,12,0.0008762322015334064,70,0.002216592780240659,LR2TGE,LTGE,LR2TGE / LTGE,-1.3389586110689515,2_17
3879,2_18_chr7_26398513_26398756_fw,forward,SNP,5,0.0003650967506389193,352,0.011146295123495884,LR2TGE,LTGE,LR2TGE / LTGE,-4.932141618595076,2_18
3880,2_18_chr7_26398513_26398756_fw,forward,noSNP,2,0.00014603870025556772,369,0.0116846105129829,LR2TGE,LTGE,LR2TGE / LTGE,-6.322115100905537,2_18
3881,2_18_chr7_26398513_26398756_fw,reverse,SNP,4,0.00029207740051113545,449,0.014217859404686511,LR2TGE,LTGE,LR2TGE / LTGE,-5.605209729586288,2_18
3882,2_18_chr7_26398513_26398756_fw,reverse,noSNP,2,0.00014603870025556772,339,0.010734642178594047,LR2TGE,LTGE,LR2TGE / LTGE,-6.199779557981485,2_18
3883,2_19_chr7_27168362_27168894_fw,forward,SNP,10,0.0007301935012778386,261,0.008264724509183027,LR2TGE,LTGE,LR2TGE / LTGE,-3.5006159965276633,2_19
3884,2_19_chr7_27168362_27168894_fw,forward,noSNP,1,7.301935012778386e-05,146,0.004623179227359088,LR2TGE,LTGE,LR2TGE / LTGE,-5.984462653725158,2_19
3885,2_19_chr7_27168362_27168894_fw,reverse,SNP,10,0.0007301935012778386,313,0.009911336288790373,LR2TGE,LTGE,LR2TGE / LTGE,-3.762728846890397,2_19
3886,2_19_chr7_27168362_27168894_fw,reverse,noSNP,16,0.0011683096020445418,264,0.008359721342621912,LR2TGE,LTGE,LR2TGE / LTGE,-2.839032214203595,2_19
3887,2_1_chr10_24208466_24209279_fw,forward,SNP,12,0.0008762322015334064,37,0.0011716276124129196,LR2TGE,LTGE,LR2TGE / LTGE,-0.41912895975293485,2_1
3888,2_1_chr10_24208466_24209279_fw,forward,noSNP,16,0.0011683096020445418,47,0.0014882837238758709,LR2TGE,LTGE,LR2TGE / LTGE,-0.34922694652277875,2_1
3889,2_1_chr10_24208466_24209279_fw,reverse,SNP,21,0.0015334063526834612,84,0.0026599113362887903,LR2TGE,LTGE,LR2TGE / LTGE,-0.7946380948451413,2_1
3890,2_1_chr10_24208466_24209279_fw,reverse,noSNP,21,0.0015334063526834612,52,0.0016466117796073464,LR2TGE,LTGE,LR2TGE / LTGE,-0.10276039020747312,2_1
3891,2_20_chr7_7566677_7567687_fw,forward,SNP,14,0.001022270901788974,59,0.0018682710576314124,LR2TGE,LTGE,LR2TGE / LTGE,-0.8699262221493786,2_20
3892,2_20_chr7_7566677_7567687_fw,forward,noSNP,29,0.002117561153705732,37,0.0011716276124129196,LR2TGE,LTGE,LR2TGE / LTGE,0.8538895346534813,2_20
3893,2_20_chr7_7566677_7567687_fw,reverse,SNP,1,7.301935012778386e-05,65,0.002058264724509183,LR2TGE,LTGE,LR2TGE / LTGE,-4.817005907873596,2_20
3894,2_20_chr7_7566677_7567687_fw,reverse,noSNP,47,0.0034319094560058415,118,0.0037365421152628247,LR2TGE,LTGE,LR2TGE / LTGE,-0.12269229252934528,2_20
3895,2_22_chr10_122375105_122375476_rc__2_21_chr10_122375073_122375541_fw,forward,SNP,13,0.0009492515516611902,88,0.002786573780873971,LR2TGE,LTGE,LR2TGE / LTGE,-1.5536299953413466,2_22
3896,2_22_chr10_122375105_122375476_rc__2_21_chr10_122375073_122375541_fw,forward,noSNP,13,0.0009492515516611902,86,0.0027232425585813807,LR2TGE,LTGE,LR2TGE / LTGE,-1.520463131406147,2_22
3897,2_22_chr10_122375105_122375476_rc__2_21_chr10_122375073_122375541_fw,reverse,SNP,6,0.0004381161007667032,36,0.0011399620012666244,LR2TGE,LTGE,LR2TGE / LTGE,-1.3796005955662973,2_22
3898,2_22_chr10_122375105_122375476_rc__2_21_chr10_122375073_122375541_fw,reverse,noSNP,4,0.00029207740051113545,53,0.0016782773907536416,LR2TGE,LTGE,LR2TGE / LTGE,-2.5225585494083407,2_22
3899,2_23_chr12_53046798_53047380_fw__2_24_chr12_53046888_53047426_rc,forward,SNP,7,0.000511135450894487,52,0.0016466117796073464,LR2TGE,LTGE,LR2TGE / LTGE,-1.6877228909286295,2_23
3900,2_23_chr12_53046798_53047380_fw__2_24_chr12_53046888_53047426_rc,forward,noSNP,15,0.001095290251916758,60,0.0018999366687777073,LR2TGE,LTGE,LR2TGE / LTGE,-0.7946380948451413,2_23
3901,2_23_chr12_53046798_53047380_fw__2_24_chr12_53046888_53047426_rc,reverse,SNP,12,0.0008762322015334064,52,0.0016466117796073464,LR2TGE,LTGE,LR2TGE / LTGE,-0.9101153122650771,2_23
3902,2_23_chr12_53046798_53047380_fw__2_24_chr12_53046888_53047426_rc,reverse,noSNP,9,0.0006571741511500548,71,0.0022482583913869536,LR2TGE,LTGE,LR2TGE / LTGE,-1.7744602129075109,2_23
3903,2_32_chr22_44023936_44024267_rc__2_31_chr22_44023811_44024452_fw,forward,SNP,24,0.0017524644030668128,110,0.0034832172260924636,LR2TGE,LTGE,LR2TGE / LTGE,-0.9910353076486446,2_32
3904,2_32_chr22_44023936_44024267_rc__2_31_chr22_44023811_44024452_fw,forward,noSNP,11,0.0008032128514056225,54,0.0017099430018999366,LR2TGE,LTGE,LR2TGE / LTGE,-1.0900939783713124,2_32
3905,2_32_chr22_44023936_44024267_rc__2_31_chr22_44023811_44024452_fw,reverse,SNP,19,0.0013873676524278934,54,0.0017099430018999366,LR2TGE,LTGE,LR2TGE / LTGE,-0.3015980835650242,2_32
3906,2_32_chr22_44023936_44024267_rc__2_31_chr22_44023811_44024452_fw,reverse,noSNP,16,0.0011683096020445418,66,0.002089930335655478,LR2TGE,LTGE,LR2TGE / LTGE,-0.8390322142035946,2_32
3907,2_33_chr5_132369336_132370461_fw__2_34_chr5_132369418_132370280_rc,forward,SNP,8,0.0005841548010222709,31,0.0009816339455351489,LR2TGE,LTGE,LR2TGE / LTGE,-0.7488344052320166,2_33
3908,2_33_chr5_132369336_132370461_fw__2_34_chr5_132369418_132370280_rc,forward,noSNP,28,0.002044541803577948,36,0.0011399620012666244,LR2TGE,LTGE,LR2TGE / LTGE,0.8427918257701505,2_33
3909,2_33_chr5_132369336_132370461_fw__2_34_chr5_132369418_132370280_rc,reverse,SNP,3,0.0002190580503833516,43,0.0013616212792906903,LR2TGE,LTGE,LR2TGE / LTGE,-2.635940348826083,2_33
3910,2_33_chr5_132369336_132370461_fw__2_34_chr5_132369418_132370280_rc,reverse,noSNP,3,0.0002190580503833516,34,0.0010766307789740342,LR2TGE,LTGE,LR2TGE / LTGE,-2.2971384353743245,2_33
3911,2_39_chr14_100375283_100375730_rc__2_35_chr14_100375283_100375730_rc,forward,SNP,116,0.008470244614822929,330,0.01044965167827739,LR2TGE,LTGE,LR2TGE / LTGE,-0.3029793139633848,2_39
3912,2_39_chr14_100375283_100375730_rc__2_35_chr14_100375283_100375730_rc,forward,noSNP,179,0.013070463672873312,369,0.0116846105129829,LR2TGE,LTGE,LR2TGE / LTGE,0.16170067635871907,2_39
3913,2_39_chr14_100375283_100375730_rc__2_35_chr14_100375283_100375730_rc,reverse,SNP,41,0.0029937933552391383,214,0.006776440785307156,LR2TGE,LTGE,LR2TGE / LTGE,-1.1785530766282044,2_39
3914,2_3_chr10_71888998_71889183_rc,forward,SNP,15,0.001095290251916758,32,0.001013299556681444,LR2TGE,LTGE,LR2TGE / LTGE,0.11225250076337717,2_3
3915,2_3_chr10_71888998_71889183_rc,forward,noSNP,6,0.0004381161007667032,18,0.0005699810006333122,LR2TGE,LTGE,LR2TGE / LTGE,-0.3796005955662972,2_3
3916,2_40_chr2_27890876_27891263_rc__2_36_chr2_27890876_27891263_rc,forward,SNP,23,0.001679445052939029,52,0.0016466117796073464,LR2TGE,LTGE,LR2TGE / LTGE,0.028484143070779552,2_40
3917,2_40_chr2_27890876_27891263_rc__2_36_chr2_27890876_27891263_rc,forward,noSNP,16,0.0011683096020445418,41,0.0012982900569981002,LR2TGE,LTGE,LR2TGE / LTGE,-0.15219009946322498,2_40
3918,2_40_chr2_27890876_27891263_rc__2_36_chr2_27890876_27891263_rc,reverse,SNP,31,0.0022635998539613,59,0.0018682710576314124,LR2TGE,LTGE,LR2TGE / LTGE,0.27691516617989287,2_40
3919,2_40_chr2_27890876_27891263_rc__2_36_chr2_27890876_27891263_rc,reverse,noSNP,18,0.0013143483023001095,40,0.001266624445851805,LR2TGE,LTGE,LR2TGE / LTGE,0.053358811709808836,2_40
3920,2_41_chr2_29114692_29115684_fw__2_37_chr2_29114692_29115684_fw,forward,SNP,23,0.001679445052939029,122,0.003863204559848005,LR2TGE,LTGE,LR2TGE / LTGE,-1.2018134763510144,2_41
3921,2_41_chr2_29114692_29115684_fw__2_37_chr2_29114692_29115684_fw,reverse,SNP,26,0.0018985031033223803,104,0.003293223559214693,LR2TGE,LTGE,LR2TGE / LTGE,-0.7946380948451413,2_41
3922,2_41_chr2_29114692_29115684_fw__2_37_chr2_29114692_29115684_fw,reverse,noSNP,9,0.0006571741511500548,38,0.0012032932235592148,LR2TGE,LTGE,LR2TGE / LTGE,-0.8726406068464144,2_41
3923,2_42_chr7_158818580_158818984_rc__2_38_chr7_158818580_158818984_rc,forward,SNP,3,0.0002190580503833516,258,0.008169727675744141,LR2TGE,LTGE,LR2TGE / LTGE,-5.220902849547239,2_42
3924,2_42_chr7_158818580_158818984_rc__2_38_chr7_158818580_158818984_rc,forward,noSNP,1,7.301935012778386e-05,263,0.008328055731475617,LR2TGE,LTGE,LR2TGE / LTGE,-6.833557084137444,2_42
3925,2_42_chr7_158818580_158818984_rc__2_38_chr7_158818580_158818984_rc,reverse,SNP,1,7.301935012778386e-05,222,0.0070297656744775176,LR2TGE,LTGE,LR2TGE / LTGE,-6.589053961195248,2_42
3926,2_42_chr7_158818580_158818984_rc__2_38_chr7_158818580_158818984_rc,reverse,noSNP,31,0.0022635998539613,281,0.00889803673210893,LR2TGE,LTGE,LR2TGE / LTGE,-1.9748681046791923,2_42
3927,2_5_chr12_2959230_2960351_fw,forward,SNP,8,0.0005841548010222709,48,0.0015199493350221659,LR2TGE,LTGE,LR2TGE / LTGE,-1.3796005955662975,2_5
3928,2_5_chr12_2959230_2960351_fw,forward,noSNP,2,0.00014603870025556772,47,0.0014882837238758709,LR2TGE,LTGE,LR2TGE / LTGE,-3.3492269465227786,2_5
3929,2_5_chr12_2959230_2960351_fw,reverse,SNP,3,0.0002190580503833516,29,0.0009183027232425586,LR2TGE,LTGE,LR2TGE / LTGE,-2.067656589251557,2_5
3930,2_5_chr12_2959230_2960351_fw,reverse,noSNP,1,7.301935012778386e-05,37,0.0011716276124129196,LR2TGE,LTGE,LR2TGE / LTGE,-4.004091460474091,2_5
3931,2_6_chr12_57611320_57611561_fw,forward,SNP,3,0.0002190580503833516,51,0.0016149461684610512,LR2TGE,LTGE,LR2TGE / LTGE,-2.8821009360954806,2_6
3932,2_6_chr12_57611320_57611561_fw,forward,noSNP,1,7.301935012778386e-05,28,0.0008866371120962635,LR2TGE,LTGE,LR2TGE / LTGE,-3.601993016902745,2_6
3933,2_6_chr12_57611320_57611561_fw,reverse,SNP,14,0.001022270901788974,31,0.0009816339455351489,LR2TGE,LTGE,LR2TGE / LTGE,0.05852051682558746,2_6
3934,2_6_chr12_57611320_57611561_fw,reverse,noSNP,9,0.0006571741511500548,15,0.00047498416719442683,LR2TGE,LTGE,LR2TGE / LTGE,0.46839631098865264,2_6
3935,2_7_chr14_75069209_75069609_rc,forward,SNP,130,0.009492515516611903,307,0.009721342621912602,LR2TGE,LTGE,LR2TGE / LTGE,-0.034365127186866025,2_7
3936,2_7_chr14_75069209_75069609_rc,forward,noSNP,15,0.001095290251916758,32,0.001013299556681444,LR2TGE,LTGE,LR2TGE / LTGE,0.11225250076337717,2_7
3937,2_7_chr14_75069209_75069609_rc,reverse,SNP,52,0.0037970062066447607,204,0.006459784673844205,LR2TGE,LTGE,LR2TGE / LTGE,-0.7666237186755447,2_7
3938,2_7_chr14_75069209_75069609_rc,reverse,noSNP,7,0.000511135450894487,34,0.0010766307789740342,LR2TGE,LTGE,LR2TGE / LTGE,-1.0747460140378766,2_7
3939,3,reverse,SNP,10,0.0007301935012778386,75,0.0023749208359721344,LR2TGE,LTGE,LR2TGE / LTGE,-1.70152869045366,3
3940,4,reverse,any_SNP,239,0.017451624680540342,871,0.027580747308423054,LR2TGE,LTGE,LR2TGE / LTGE,-0.6603001954632576,4
3941,8,any_orientation,any_SNP,56,0.004089083607155896,392,0.012412919569347688,LR2TGE,LTGE,LR2TGE / LTGE,-1.6019930169027454,8
3942,9,any_orientation,any_SNP,39,0.0028477546549835705,1928,0.061051298290056996,LR2TGE,LTGE,LR2TGE / LTGE,-4.422125212212855,9
3943,CMV,any_orientation,any_SNP,206,0.015041986126323476,90,0.002849905003166561,LR2TGE,LTGE,LR2TGE / LTGE,2.4000093360084023,CMV
3944,SV40,any_orientation,any_SNP,31,0.0022635998539613,26,0.0008233058898036732,LR2TGE,LTGE,LR2TGE / LTGE,1.459118497400642,SV40
3945,1_11_chr11_65418158_65418613_bi,forward,noSNP,8,0.0005880191106210951,10,0.00027867573291717756,LR3TGE,L2TGE,LR3TGE / L2TGE,1.0772756653852393,1_11
3946,1_11_chr11_65418158_65418613_bi,reverse,noSNP,12,0.0008820286659316428,11,0.0003065433062088953,LR3TGE,L2TGE,LR3TGE / L2TGE,1.5247346423564607,1_11
3947,1_14_chr14_60655620_60656040_bi,reverse,noSNP,3,0.0002205071664829107,7,0.0001950730130420243,LR3TGE,L2TGE,LR3TGE / L2TGE,0.1768113389361538,1_14
3948,1_15_chr15_40098659_40099167_bi,forward,noSNP,18,0.001323042998897464,11,0.0003065433062088953,LR3TGE,L2TGE,LR3TGE / L2TGE,2.1096971430776166,1_15
3949,1_15_chr15_40098659_40099167_bi,reverse,noSNP,28,0.002058066887173833,19,0.0005294838925426374,LR3TGE,L2TGE,LR3TGE / L2TGE,1.9586311688866203,1_15
3950,1_16_chr16_30805349_30805831_bi,forward,noSNP,360,0.026460859977949284,472,0.013153494593690782,LR3TGE,L2TGE,LR3TGE / L2TGE,1.0084138072404352,1_16
3951,1_16_chr16_30805349_30805831_bi,reverse,noSNP,214,0.015729511209114297,452,0.012596143127856426,LR3TGE,L2TGE,LR3TGE / L2TGE,0.32049178425856095,1_16
3952,1_17_chr16_73068918_73069480_bi,forward,noSNP,134,0.009849320102903344,93,0.0025916843161297516,LR3TGE,L2TGE,LR3TGE / L2TGE,1.9261341396223426,1_17
3953,1_17_chr16_73068918_73069480_bi,reverse,noSNP,43,0.0031606027195883865,59,0.0016441868242113478,LR3TGE,L2TGE,LR3TGE / L2TGE,0.9428254656128583,1_17
3954,1_18_chr16_74297506_74297928_bi,forward,noSNP,145,0.01065784638000735,262,0.0073013042024300525,LR3TGE,L2TGE,LR3TGE / L2TGE,0.5456898487500859,1_18
3955,1_18_chr16_74297506_74297928_bi,reverse,noSNP,88,0.006468210216832047,254,0.00707836361609631,LR3TGE,L2TGE,LR3TGE / L2TGE,-0.13004930786226684,1_18
3956,1_19_chr16_807619_808176_bi,forward,SNP,16,0.0011760382212421903,20,0.0005573514658343551,LR3TGE,L2TGE,LR3TGE / L2TGE,1.0772756653852393,1_19
3957,1_19_chr16_807619_808176_bi,forward,noSNP,8,0.0005880191106210951,8,0.00022294058633374206,LR3TGE,L2TGE,LR3TGE / L2TGE,1.3992037602726015,1_19
3958,1_19_chr16_807619_808176_bi,reverse,SNP,20,0.001470047776552738,17,0.00047374874595920187,LR3TGE,L2TGE,LR3TGE / L2TGE,1.6336690139096248,1_19
3959,1_19_chr16_807619_808176_bi,reverse,noSNP,73,0.0053656743844174935,29,0.0008081596254598149,LR3TGE,L2TGE,LR3TGE / L2TGE,2.731047324025047,1_19
3960,1_20_chr16_87853532_87854041_bi,forward,SNP,11,0.0008085262771040059,19,0.0005294838925426374,LR3TGE,L2TGE,LR3TGE / L2TGE,0.6107078654663135,1_20
3961,1_20_chr16_87853532_87854041_bi,forward,noSNP,4,0.00029400955531054757,6,0.00016720543975030653,LR3TGE,L2TGE,LR3TGE / L2TGE,0.8142412595514456,1_20
3962,1_20_chr16_87853532_87854041_bi,reverse,SNP,30,0.002205071664829107,30,0.0008360271987515327,LR3TGE,L2TGE,LR3TGE / L2TGE,1.3992037602726017,1_20
3963,1_20_chr16_87853532_87854041_bi,reverse,noSNP,57,0.004189636163175303,22,0.0006130866124177906,LR3TGE,L2TGE,LR3TGE / L2TGE,2.772662155800046,1_20
3964,1_23_chr2_70142583_70143144_bi,forward,SNP,89,0.006541712605659684,50,0.0013933786645858879,LR3TGE,L2TGE,LR3TGE / L2TGE,2.2310810014642746,1_23
3965,1_23_chr2_70142583_70143144_bi,forward,noSNP,741,0.05446527012127894,829,0.02310221825883402,LR3TGE,L2TGE,LR3TGE / L2TGE,1.237305201082685,1_23
3966,1_23_chr2_70142583_70143144_bi,reverse,SNP,6,0.0004410143329658214,13,0.00036227845279233087,LR3TGE,L2TGE,LR3TGE / L2TGE,0.2837265428526657,1_23
3967,1_23_chr2_70142583_70143144_bi,reverse,noSNP,125,0.009187798603454611,628,0.017500836027198752,LR3TGE,L2TGE,LR3TGE / L2TGE,-0.9296327039569384,1_23
3968,1_24_chr21_29002584_29003015_bi,forward,noSNP,86,0.006321205439176773,89,0.0024802140229628804,LR3TGE,L2TGE,LR3TGE / L2TGE,1.349735084008302,1_24
3969,1_24_chr21_29002584_29003015_bi,reverse,noSNP,36,0.002646085997794928,108,0.0030096979155055177,LR3TGE,L2TGE,LR3TGE / L2TGE,-0.18575874044855464,1_24
3970,1_25_chr22_36465359_36465803_bi,forward,noSNP,58,0.00426313855200294,31,0.0008638947720432504,LR3TGE,L2TGE,LR3TGE / L2TGE,2.3029884450132987,1_25
3971,1_25_chr22_36465359_36465803_bi,reverse,noSNP,17,0.0012495406100698273,29,0.0008081596254598149,LR3TGE,L2TGE,LR3TGE / L2TGE,0.6286856063953691,1_25
3972,1_26_chr22_40651538_40652054_bi,forward,noSNP,79,0.005806688717383315,595,0.016581206108572066,LR3TGE,L2TGE,LR3TGE / L2TGE,-1.5137613497456013,1_26
3973,1_26_chr22_40651538_40652054_bi,reverse,noSNP,254,0.01866960676221977,736,0.02051053394270427,LR3TGE,L2TGE,LR3TGE / L2TGE,-0.13567350901224542,1_26
3974,1_28_chr7_1532728_1533226_bi,forward,noSNP,13,0.0009555310547592797,25,0.0006966893322929439,LR3TGE,L2TGE,LR3TGE / L2TGE,0.4557872886389691,1_28
3975,1_28_chr7_1532728_1533226_bi,reverse,noSNP,8,0.0005880191106210951,13,0.00036227845279233087,LR3TGE,L2TGE,LR3TGE / L2TGE,0.6987640421315092,1_28
3976,1_29_chr7_25856979_25857429_bi,forward,SNP,18,0.001323042998897464,39,0.0010868353583769925,LR3TGE,L2TGE,LR3TGE / L2TGE,0.2837265428526657,1_29
3977,1_29_chr7_25856979_25857429_bi,reverse,SNP,50,0.003675119441381845,62,0.0017277895440865009,LR3TGE,L2TGE,LR3TGE / L2TGE,1.0888636396604512,1_29
3978,1_30_chr9_126805681_126806202_bi,forward,noSNP,85,0.006247703050349137,191,0.005322706498718092,LR3TGE,L2TGE,LR3TGE / L2TGE,0.23116586837455472,1_30
3979,1_30_chr9_126805681_126806202_bi,reverse,noSNP,115,0.008452774715178243,204,0.005684984951510422,LR3TGE,L2TGE,LR3TGE / L2TGE,0.5722684692454814,1_30
3980,1_5_chr1_33127099_33127603_bi,forward,noSNP,101,0.007423741271591327,395,0.011007691450228514,LR3TGE,L2TGE,LR3TGE / L2TGE,-0.5682936000400687,1_5
3981,1_5_chr1_33127099_33127603_bi,reverse,noSNP,2,0.00014700477765527378,378,0.010533942704269312,LR3TGE,L2TGE,LR3TGE / L2TGE,-6.163038663948471,1_5
3982,1_7_chr10_110211049_110211924_bi,forward,noSNP,55,0.00404263138552003,206,0.005740720098093858,LR3TGE,L2TGE,LR3TGE / L2TGE,-0.505937053385957,1_7
3983,1_7_chr10_110211049_110211924_bi,reverse,noSNP,55,0.00404263138552003,29,0.0008081596254598149,LR3TGE,L2TGE,LR3TGE / L2TGE,2.3225824786696894,1_7
3984,1_8_chr10_4663047_4663594_bi,forward,noSNP,773,0.056817346563763325,81,0.0022572734366291384,LR3TGE,L2TGE,LR3TGE / L2TGE,4.653678361312824,1_8
3985,1_8_chr10_4663047_4663594_bi,reverse,noSNP,1358,0.0998162440279309,48,0.0013376435180024523,LR3TGE,L2TGE,LR3TGE / L2TGE,6.221509023796178,1_8
3986,1_9_chr10_71860316_71860874_bi,forward,noSNP,28,0.002058066887173833,54,0.0015048489577527589,LR3TGE,L2TGE,LR3TGE / L2TGE,0.45167118016673713,1_9
3987,1_9_chr10_71860316_71860874_bi,reverse,noSNP,55,0.00404263138552003,48,0.0013376435180024523,LR3TGE,L2TGE,LR3TGE / L2TGE,1.5956009730761054,1_9
3988,22,any_orientation,any_SNP,309,0.022712238147739802,5351,0.14911938468398173,LR3TGE,L2TGE,LR3TGE / L2TGE,-2.7149260254243863,22
3989,2_10_chr16_3305171_3305501_rc,forward,SNP,289,0.021242190371187065,320,0.008917623453349682,LR3TGE,L2TGE,LR3TGE / L2TGE,1.2522013478859182,2_10
3990,2_10_chr16_3305171_3305501_rc,forward,noSNP,360,0.026460859977949284,372,0.010366737264519007,LR3TGE,L2TGE,LR3TGE / L2TGE,1.351898045494245,2_10
3991,2_10_chr16_3305171_3305501_rc,reverse,SNP,89,0.006541712605659684,219,0.006102998550886189,LR3TGE,L2TGE,LR3TGE / L2TGE,0.10015013163782585,2_10
3992,2_10_chr16_3305171_3305501_rc,reverse,noSNP,119,0.008746784270488792,265,0.007384906922305205,LR3TGE,L2TGE,LR3TGE / L2TGE,0.24417297412998396,2_10
3993,2_11_chr16_4538333_4538583_rc,reverse,noSNP,1,7.350238882763689e-05,17,0.00047374874595920187,LR3TGE,L2TGE,LR3TGE / L2TGE,-2.688259080977738,2_11
3994,2_12_chr17_58692543_58692822_fw,forward,noSNP,2,0.00014700477765527378,148,0.004124400847174228,LR3TGE,L2TGE,LR3TGE / L2TGE,-4.810249605356348,2_12
3995,2_12_chr17_58692543_58692822_fw,reverse,noSNP,2,0.00014700477765527378,121,0.0033719763682978484,LR3TGE,L2TGE,LR3TGE / L2TGE,-4.519659477001992,2_12
3996,2_13_chr19_41397182_41397493_rc,forward,SNP,28,0.002058066887173833,327,0.009112696466391706,LR3TGE,L2TGE,LR3TGE / L2TGE,-2.1465881431678766,2_13
3997,2_13_chr19_41397182_41397493_rc,reverse,SNP,85,0.006247703050349137,332,0.009252034332850295,LR3TGE,L2TGE,LR3TGE / L2TGE,-0.5664447349366212,2_13
3998,2_15_chr3_122793601_122793905_rc,forward,SNP,26,0.0019110621095185594,149,0.004152268420465946,LR3TGE,L2TGE,LR3TGE / L2TGE,-1.1195250420484677,2_15
3999,2_15_chr3_122793601_122793905_rc,forward,noSNP,29,0.00213156927600147,170,0.004737487459592018,LR3TGE,L2TGE,LR3TGE / L2TGE,-1.1522061807375277,2_15
4000,2_15_chr3_122793601_122793905_rc,reverse,SNP,20,0.001470047776552738,89,0.0024802140229628804,LR3TGE,L2TGE,LR3TGE / L2TGE,-0.7546015758064336,2_15
4001,2_15_chr3_122793601_122793905_rc,reverse,noSNP,19,0.001396545387725101,66,0.0018392598372533719,LR3TGE,L2TGE,LR3TGE / L2TGE,-0.3972628456422661,2_15
4002,2_16_chr6_108562603_108562763_rc,forward,SNP,14,0.0010290334435869165,254,0.00707836361609631,LR3TGE,L2TGE,LR3TGE / L2TGE,-2.78212600444196,2_16
4003,2_16_chr6_108562603_108562763_rc,forward,noSNP,21,0.0015435501653803748,208,0.005796455244677294,LR3TGE,L2TGE,LR3TGE / L2TGE,-1.9089185350897302,2_16
4004,2_16_chr6_108562603_108562763_rc,reverse,SNP,1,7.350238882763689e-05,205,0.00571285252480214,LR3TGE,L2TGE,LR3TGE / L2TGE,-6.280276339232844,2_16
4005,2_16_chr6_108562603_108562763_rc,reverse,noSNP,13,0.0009555310547592797,185,0.005155501058967785,LR3TGE,L2TGE,LR3TGE / L2TGE,-2.4317379821026184,2_16
4006,2_17_chr7_149685_149919_fw,forward,SNP,4,0.00029400955531054757,104,0.002898227622338647,LR3TGE,L2TGE,LR3TGE / L2TGE,-3.301235957868491,2_17
4007,2_17_chr7_149685_149919_fw,forward,noSNP,12,0.0008820286659316428,104,0.002898227622338647,LR3TGE,L2TGE,LR3TGE / L2TGE,-1.7162734571473344,2_17
4008,2_17_chr7_149685_149919_fw,reverse,SNP,35,0.0025725836089672913,102,0.002842492475755211,LR3TGE,L2TGE,LR3TGE / L2TGE,-0.14393856475392744,2_17
4009,2_17_chr7_149685_149919_fw,reverse,noSNP,16,0.0011760382212421903,85,0.002368743729796009,LR3TGE,L2TGE,LR3TGE / L2TGE,-1.0101871758651,2_17
4010,2_19_chr7_27168362_27168894_fw,forward,SNP,175,0.012862918044836457,245,0.006827555456470851,LR3TGE,L2TGE,LR3TGE / L2TGE,0.9137769331023597,2_19
4011,2_19_chr7_27168362_27168894_fw,forward,noSNP,74,0.005439176773245131,204,0.005684984951510422,LR3TGE,L2TGE,LR3TGE / L2TGE,-0.06376821606994398,2_19
4012,2_19_chr7_27168362_27168894_fw,reverse,SNP,260,0.019110621095185593,316,0.008806153160182812,LR3TGE,L2TGE,LR3TGE / L2TGE,1.117790825123953,2_19
4013,2_19_chr7_27168362_27168894_fw,reverse,noSNP,1,7.350238882763689e-05,233,0.006493144576970237,LR3TGE,L2TGE,LR3TGE / L2TGE,-6.4649823843816785,2_19
4014,2_1_chr10_24208466_24209279_fw,forward,SNP,23,0.0016905549430356486,142,0.003957195407423921,LR3TGE,L2TGE,LR3TGE / L2TGE,-1.2269814031750674,2_1
4015,2_1_chr10_24208466_24209279_fw,forward,noSNP,13,0.0009555310547592797,81,0.0022572734366291384,LR3TGE,L2TGE,LR3TGE / L2TGE,-1.2402065244709308,2_1
4016,2_1_chr10_24208466_24209279_fw,reverse,SNP,23,0.0016905549430356486,202,0.005629249804926987,LR3TGE,L2TGE,LR3TGE / L2TGE,-1.7354457664221803,2_1
4017,2_20_chr7_7566677_7567687_fw,forward,SNP,16,0.0011760382212421903,39,0.0010868353583769925,LR3TGE,L2TGE,LR3TGE / L2TGE,0.11380154141035317,2_20
4018,2_20_chr7_7566677_7567687_fw,forward,noSNP,7,0.0005145167217934582,103,0.002870360049046929,LR3TGE,L2TGE,LR3TGE / L2TGE,-2.4799418448530126,2_20
4019,2_20_chr7_7566677_7567687_fw,reverse,noSNP,26,0.0019110621095185594,187,0.00521123620555122,LR3TGE,L2TGE,LR3TGE / L2TGE,-1.4472509814739427,2_20
4020,2_22_chr10_122375105_122375476_rc__2_21_chr10_122375073_122375541_fw,forward,SNP,1,7.350238882763689e-05,80,0.0022294058633374205,LR3TGE,L2TGE,LR3TGE / L2TGE,-4.9227243346147604,2_22
4021,2_22_chr10_122375105_122375476_rc__2_21_chr10_122375073_122375541_fw,forward,noSNP,11,0.0008085262771040059,94,0.002619551889421469,LR3TGE,L2TGE,LR3TGE / L2TGE,-1.6959534727677383,2_22
4022,2_22_chr10_122375105_122375476_rc__2_21_chr10_122375073_122375541_fw,reverse,SNP,10,0.000735023888276369,44,0.0012261732248355812,LR3TGE,L2TGE,LR3TGE / L2TGE,-0.738299763477333,2_22
4023,2_22_chr10_122375105_122375476_rc__2_21_chr10_122375073_122375541_fw,reverse,noSNP,20,0.001470047776552738,74,0.002062200423587114,LR3TGE,L2TGE,LR3TGE / L2TGE,-0.48832151046898564,2_22
4024,2_23_chr12_53046798_53047380_fw__2_24_chr12_53046888_53047426_rc,forward,SNP,17,0.0012495406100698273,61,0.0016999219707947832,LR3TGE,L2TGE,LR3TGE / L2TGE,-0.4440707360399451,2_23
4025,2_23_chr12_53046798_53047380_fw__2_24_chr12_53046888_53047426_rc,forward,noSNP,7,0.0005145167217934582,71,0.0019785977037119606,LR3TGE,L2TGE,LR3TGE / L2TGE,-1.9431884371744763,2_23
4026,2_23_chr12_53046798_53047380_fw__2_24_chr12_53046888_53047426_rc,reverse,SNP,8,0.0005880191106210951,63,0.0017556571173782188,LR3TGE,L2TGE,LR3TGE / L2TGE,-1.5780761632273148,2_23
4027,2_23_chr12_53046798_53047380_fw__2_24_chr12_53046888_53047426_rc,reverse,noSNP,4,0.00029400955531054757,86,0.002396611303087727,LR3TGE,L2TGE,LR3TGE / L2TGE,-3.027060994429496,2_23
4028,2_32_chr22_44023936_44024267_rc__2_31_chr22_44023811_44024452_fw,forward,SNP,18,0.001323042998897464,96,0.0026752870360049045,LR3TGE,L2TGE,LR3TGE / L2TGE,-1.0158337390062422,2_32
4029,2_32_chr22_44023936_44024267_rc__2_31_chr22_44023811_44024452_fw,forward,noSNP,18,0.001323042998897464,67,0.0018671274105450898,LR3TGE,L2TGE,LR3TGE / L2TGE,-0.49696042874285856,2_32
4030,2_32_chr22_44023936_44024267_rc__2_31_chr22_44023811_44024452_fw,reverse,SNP,37,0.0027195883866225653,75,0.002090067996878832,LR3TGE,L2TGE,LR3TGE / L2TGE,0.37983843540567064,2_32
4031,2_32_chr22_44023936_44024267_rc__2_31_chr22_44023811_44024452_fw,reverse,noSNP,43,0.0031606027195883865,80,0.0022294058633374205,LR3TGE,L2TGE,LR3TGE / L2TGE,0.5035404200873373,2_32
4032,2_33_chr5_132369336_132370461_fw__2_34_chr5_132369418_132370280_rc,forward,SNP,20,0.001470047776552738,29,0.0008081596254598149,LR3TGE,L2TGE,LR3TGE / L2TGE,0.8631508600323922,2_33
4033,2_33_chr5_132369336_132370461_fw__2_34_chr5_132369418_132370280_rc,forward,noSNP,26,0.0019110621095185594,54,0.0015048489577527589,LR3TGE,L2TGE,LR3TGE / L2TGE,0.3447559762502253,2_33
4034,2_33_chr5_132369336_132370461_fw__2_34_chr5_132369418_132370280_rc,reverse,noSNP,4,0.00029400955531054757,43,0.0011983056515438636,LR3TGE,L2TGE,LR3TGE / L2TGE,-2.027060994429496,2_33
4035,2_39_chr14_100375283_100375730_rc__2_35_chr14_100375283_100375730_rc,forward,SNP,109,0.008011760382212421,410,0.01142570504960428,LR3TGE,L2TGE,LR3TGE / L2TGE,-0.512092014455918,2_39
4036,2_39_chr14_100375283_100375730_rc__2_35_chr14_100375283_100375730_rc,forward,noSNP,145,0.01065784638000735,407,0.011342102329729127,LR3TGE,L2TGE,LR3TGE / L2TGE,-0.08977213397871088,2_39
4037,2_3_chr10_71888998_71889183_rc,forward,SNP,10,0.000735023888276369,38,0.0010589677850852749,LR3TGE,L2TGE,LR3TGE / L2TGE,-0.5267956582836214,2_3
4038,2_3_chr10_71888998_71889183_rc,forward,noSNP,12,0.0008820286659316428,19,0.0005294838925426374,LR3TGE,L2TGE,LR3TGE / L2TGE,0.7362387475501724,2_3
4039,2_40_chr2_27890876_27891263_rc__2_36_chr2_27890876_27891263_rc,forward,SNP,20,0.001470047776552738,62,0.0017277895440865009,LR3TGE,L2TGE,LR3TGE / L2TGE,-0.23306445522691108,2_40
4040,2_40_chr2_27890876_27891263_rc__2_36_chr2_27890876_27891263_rc,forward,noSNP,11,0.0008085262771040059,54,0.0015048489577527589,LR3TGE,L2TGE,LR3TGE / L2TGE,-0.8962521232535696,2_40
4041,2_40_chr2_27890876_27891263_rc__2_36_chr2_27890876_27891263_rc,reverse,SNP,31,0.0022785740536567438,68,0.0018949949838368075,LR3TGE,L2TGE,LR3TGE / L2TGE,0.26593722940913744,2_40
4042,2_40_chr2_27890876_27891263_rc__2_36_chr2_27890876_27891263_rc,reverse,noSNP,20,0.001470047776552738,53,0.0014769813844610412,LR3TGE,L2TGE,LR3TGE / L2TGE,-0.006788599403234997,2_40
4043,2_41_chr2_29114692_29115684_fw__2_37_chr2_29114692_29115684_fw,forward,SNP,14,0.0010290334435869165,144,0.004012930554007357,LR3TGE,L2TGE,LR3TGE / L2TGE,-1.9633663191121067,2_41
4044,2_41_chr2_29114692_29115684_fw__2_37_chr2_29114692_29115684_fw,forward,noSNP,4,0.00029400955531054757,46,0.0012819083714190169,LR3TGE,L2TGE,LR3TGE / L2TGE,-2.1243581957844113,2_41
4045,2_41_chr2_29114692_29115684_fw__2_37_chr2_29114692_29115684_fw,reverse,SNP,31,0.0022785740536567438,115,0.0032047709285475423,LR3TGE,L2TGE,LR3TGE / L2TGE,-0.4920899802848984,2_41
4046,2_41_chr2_29114692_29115684_fw__2_37_chr2_29114692_29115684_fw,reverse,noSNP,11,0.0008085262771040059,53,0.0014769813844610412,LR3TGE,L2TGE,LR3TGE / L2TGE,-0.8692850756533,2_41
4047,2_42_chr7_158818580_158818984_rc__2_38_chr7_158818580_158818984_rc,forward,SNP,64,0.004704152884968761,263,0.0073291717757217704,LR3TGE,L2TGE,LR3TGE / L2TGE,-0.6397152290197009,2_42
4048,2_42_chr7_158818580_158818984_rc__2_38_chr7_158818580_158818984_rc,forward,noSNP,68,0.004998162440279309,359,0.010004458811726675,LR3TGE,L2TGE,LR3TGE / L2TGE,-1.0011734323001102,2_42
4049,2_42_chr7_158818580_158818984_rc__2_38_chr7_158818580_158818984_rc,reverse,SNP,20,0.001470047776552738,313,0.008722550440307657,LR3TGE,L2TGE,LR3TGE / L2TGE,-2.5688869917726542,2_42
4050,2_42_chr7_158818580_158818984_rc__2_38_chr7_158818580_158818984_rc,reverse,noSNP,10,0.000735023888276369,330,0.00919629918626686,LR3TGE,L2TGE,LR3TGE / L2TGE,-3.6451903590858517,2_42
4051,2_4_chr11_124876752_124876939_fw,reverse,noSNP,3,0.0002205071664829107,5,0.00013933786645858878,LR3TGE,L2TGE,LR3TGE / L2TGE,0.6622381661063956,2_4
4052,2_5_chr12_2959230_2960351_fw,forward,SNP,6,0.0004410143329658214,46,0.0012819083714190169,LR3TGE,L2TGE,LR3TGE / L2TGE,-1.539395695063255,2_5
4053,2_5_chr12_2959230_2960351_fw,forward,noSNP,1,7.350238882763689e-05,51,0.0014212462378776056,LR3TGE,L2TGE,LR3TGE / L2TGE,-4.273221581698894,2_5
4054,2_5_chr12_2959230_2960351_fw,reverse,SNP,8,0.0005880191106210951,38,0.0010589677850852749,LR3TGE,L2TGE,LR3TGE / L2TGE,-0.848723753170984,2_5
4055,2_5_chr12_2959230_2960351_fw,reverse,noSNP,6,0.0004410143329658214,48,0.0013376435180024523,LR3TGE,L2TGE,LR3TGE / L2TGE,-1.600796239727398,2_5
4056,2_6_chr12_57611320_57611561_fw,forward,noSNP,3,0.0002205071664829107,35,0.0009753650652101215,LR3TGE,L2TGE,LR3TGE / L2TGE,-2.1451167559512085,2_6
4057,2_6_chr12_57611320_57611561_fw,reverse,noSNP,12,0.0008820286659316428,29,0.0008081596254598149,LR3TGE,L2TGE,LR3TGE / L2TGE,0.12618526586618575,2_6
4058,2_7_chr14_75069209_75069609_rc,forward,SNP,150,0.011025358324145534,382,0.010645412997436184,LR3TGE,L2TGE,LR3TGE / L2TGE,0.05059362273273373,2_7
4059,2_7_chr14_75069209_75069609_rc,forward,noSNP,17,0.0012495406100698273,42,0.0011704380782521459,LR3TGE,L2TGE,LR3TGE / L2TGE,0.09434917874418085,2_7
4060,2_7_chr14_75069209_75069609_rc,reverse,SNP,74,0.005439176773245131,317,0.008834020733474529,LR3TGE,L2TGE,LR3TGE / L2TGE,-0.6996819042378556,2_7
4061,2_7_chr14_75069209_75069609_rc,reverse,noSNP,7,0.0005145167217934582,44,0.0012261732248355812,LR3TGE,L2TGE,LR3TGE / L2TGE,-1.2528729363070914,2_7
4062,3,reverse,SNP,7,0.0005145167217934582,82,0.002285141009920856,LR3TGE,L2TGE,LR3TGE / L2TGE,-2.150993322287878,3
4063,4,forward,any_SNP,41,0.003013597941933113,1331,0.037091740051276335,LR3TGE,L2TGE,LR3TGE / L2TGE,-3.6215390910212064,4
4064,4,reverse,any_SNP,202,0.014847482543182654,881,0.024551332070003345,LR3TGE,L2TGE,LR3TGE / L2TGE,-0.7255829658960172,4
4065,8,any_orientation,any_SNP,40,0.002940095553105476,442,0.012317467394939248,LR3TGE,L2TGE,LR3TGE / L2TGE,-2.0667707042314674,8
4066,9,any_orientation,any_SNP,18,0.001323042998897464,2120,0.05907925537844164,LR3TGE,L2TGE,LR3TGE / L2TGE,-5.480719787735647,9
4067,CMV,any_orientation,any_SNP,147,0.010804851157662623,107,0.0029818303422138,LR3TGE,L2TGE,LR3TGE / L2TGE,1.857409118707819,CMV
4068,SV40,any_orientation,any_SNP,36,0.002646085997794928,30,0.0008360271987515327,LR3TGE,L2TGE,LR3TGE / L2TGE,1.6622381661063954,SV40
4069,1_11_chr11_65418158_65418613_bi,forward,noSNP,8,0.0005880191106210951,9,0.0003413487066676781,LR3TGE,L3TGE,LR3TGE / L3TGE,0.7846167577351213,1_11
4070,1_11_chr11_65418158_65418613_bi,reverse,noSNP,12,0.0008820286659316428,11,0.00041720397481605096,LR3TGE,L3TGE,LR3TGE / L3TGE,1.0800726412612929,1_11
4071,1_14_chr14_60655620_60656040_bi,reverse,noSNP,3,0.0002205071664829107,11,0.00041720397481605096,LR3TGE,L3TGE,LR3TGE / L3TGE,-0.9199273587387071,1_14
4072,1_15_chr15_40098659_40099167_bi,forward,noSNP,18,0.001323042998897464,8,0.0003034210725934916,LR3TGE,L3TGE,LR3TGE / L3TGE,2.1244667606197463,1_15
4073,1_15_chr15_40098659_40099167_bi,reverse,noSNP,28,0.002058066887173833,19,0.0007206250474095426,LR3TGE,L3TGE,LR3TGE / L3TGE,1.5139691677914524,1_15
4074,1_16_chr16_30805349_30805831_bi,forward,noSNP,360,0.026460859977949284,376,0.014260790411894106,LR3TGE,L3TGE,LR3TGE / L3TGE,0.8918060038294712,1_16
4075,1_16_chr16_30805349_30805831_bi,reverse,noSNP,214,0.015729511209114297,312,0.011833421831146173,LR3TGE,L3TGE,LR3TGE / L3TGE,0.41060652671633247,1_16
4076,1_17_chr16_73068918_73069480_bi,forward,noSNP,134,0.009849320102903344,84,0.003185921262231662,LR3TGE,L3TGE,LR3TGE / L3TGE,1.628313526856446,1_17
4077,1_17_chr16_73068918_73069480_bi,reverse,noSNP,43,0.0031606027195883865,44,0.0016688158992642038,LR3TGE,L3TGE,LR3TGE / L3TGE,0.9213748952422345,1_17
4078,1_18_chr16_74297506_74297928_bi,forward,noSNP,145,0.01065784638000735,176,0.006675263597056815,LR3TGE,L3TGE,LR3TGE / L3TGE,0.6750192305550712,1_18
4079,1_18_chr16_74297506_74297928_bi,reverse,noSNP,88,0.006468210216832047,192,0.007282105742243799,LR3TGE,L3TGE,LR3TGE / L3TGE,-0.17098912290642504,1_18
4080,1_19_chr16_807619_808176_bi,forward,SNP,16,0.0011760382212421903,20,0.000758552681483729,LR3TGE,L3TGE,LR3TGE / L3TGE,0.6326136642900714,1_19
4081,1_19_chr16_807619_808176_bi,forward,noSNP,8,0.0005880191106210951,9,0.0003413487066676781,LR3TGE,L3TGE,LR3TGE / L3TGE,0.7846167577351213,1_19
4082,1_19_chr16_807619_808176_bi,reverse,SNP,20,0.001470047776552738,13,0.0004930592429644239,LR3TGE,L3TGE,LR3TGE / L3TGE,1.5760301359237041,1_19
4083,1_19_chr16_807619_808176_bi,reverse,noSNP,73,0.0053656743844174935,19,0.0007206250474095426,LR3TGE,L3TGE,LR3TGE / L3TGE,2.8964388046138656,1_19
4084,1_20_chr16_87853532_87854041_bi,forward,SNP,11,0.0008085262771040059,11,0.00041720397481605096,LR3TGE,L3TGE,LR3TGE / L3TGE,0.954541759177434,1_20
4085,1_20_chr16_87853532_87854041_bi,forward,noSNP,4,0.00029400955531054757,5,0.00018963817037093226,LR3TGE,L3TGE,LR3TGE / L3TGE,0.6326136642900714,1_20
4086,1_20_chr16_87853532_87854041_bi,reverse,SNP,30,0.002205071664829107,21,0.0007964803155579155,LR3TGE,L3TGE,LR3TGE / L3TGE,1.469114932007192,1_20
4087,1_20_chr16_87853532_87854041_bi,reverse,noSNP,57,0.004189636163175303,28,0.0010619737540772207,LR3TGE,L3TGE,LR3TGE / L3TGE,1.9800768512845712,1_20
4088,1_23_chr2_70142583_70143144_bi,forward,noSNP,741,0.05446527012127894,667,0.025297731927482362,LR3TGE,L3TGE,LR3TGE / L3TGE,1.1063285402986829,1_23
4089,1_23_chr2_70142583_70143144_bi,reverse,noSNP,125,0.009187798603454611,528,0.020025790791170447,LR3TGE,L3TGE,LR3TGE / L3TGE,-1.1240680755189327,1_23
4090,1_24_chr21_29002584_29003015_bi,forward,noSNP,86,0.006321205439176773,98,0.0037169081392702725,LR3TGE,L3TGE,LR3TGE / L3TGE,0.7660966697643234,1_24
4091,1_24_chr21_29002584_29003015_bi,reverse,noSNP,36,0.002646085997794928,77,0.0029204278237123567,LR3TGE,L3TGE,LR3TGE / L3TGE,-0.1423197800751552,1_24
4092,1_25_chr22_36465359_36465803_bi,forward,noSNP,58,0.00426313855200294,58,0.0021998027763028144,LR3TGE,L3TGE,LR3TGE / L3TGE,0.9545417591774338,1_25
4093,1_25_chr22_36465359_36465803_bi,reverse,noSNP,17,0.0012495406100698273,67,0.0025411514829704923,LR3TGE,L3TGE,LR3TGE / L3TGE,-1.0240845900299993,1_25
4094,1_26_chr22_40651538_40652054_bi,forward,noSNP,79,0.005806688717383315,453,0.017181218235606463,LR3TGE,L3TGE,LR3TGE / L3TGE,-1.5650447326916983,1_26
4095,1_26_chr22_40651538_40652054_bi,reverse,noSNP,254,0.01866960676221977,530,0.020101646059318818,LR3TGE,L3TGE,LR3TGE / L3TGE,-0.10662210350096173,1_26
4096,1_28_chr7_1532728_1533226_bi,forward,noSNP,13,0.0009555310547592797,18,0.0006826974133353562,LR3TGE,L3TGE,LR3TGE / L3TGE,0.48505647587621353,1_28
4097,1_28_chr7_1532728_1533226_bi,reverse,noSNP,8,0.0005880191106210951,12,0.00045513160889023744,LR3TGE,L3TGE,LR3TGE / L3TGE,0.3695792584562774,1_28
4098,1_29_chr7_25856979_25857429_bi,forward,SNP,18,0.001323042998897464,33,0.001251611924448153,LR3TGE,L3TGE,LR3TGE / L3TGE,0.08007264126129257,1_29
4099,1_29_chr7_25856979_25857429_bi,reverse,SNP,50,0.003675119441381845,43,0.0016308882651900173,LR3TGE,L3TGE,LR3TGE / L3TGE,1.1721331942500608,1_29
4100,1_30_chr9_126805681_126806202_bi,forward,noSNP,85,0.006247703050349137,147,0.005575362208905408,LR3TGE,L3TGE,LR3TGE / L3TGE,0.16426035047877138,1_30
4101,1_30_chr9_126805681_126806202_bi,reverse,noSNP,115,0.008452774715178243,149,0.005651217477053781,LR3TGE,L3TGE,LR3TGE / L3TGE,0.5808632896596475,1_30
4102,1_5_chr1_33127099_33127603_bi,forward,noSNP,101,0.007423741271591327,261,0.009899112493362665,LR3TGE,L3TGE,LR3TGE / L3TGE,-0.4151527546406561,1_5
4103,1_5_chr1_33127099_33127603_bi,reverse,noSNP,2,0.00014700477765527378,246,0.009330197982249867,LR3TGE,L3TGE,LR3TGE / L3TGE,-5.987972746161806,1_5
4104,1_7_chr10_110211049_110211924_bi,forward,noSNP,55,0.00404263138552003,162,0.006144276720018205,LR3TGE,L3TGE,LR3TGE / L3TGE,-0.6039485301825311,1_7
4105,1_7_chr10_110211049_110211924_bi,reverse,noSNP,55,0.00404263138552003,18,0.0006826974133353562,LR3TGE,L3TGE,LR3TGE / L3TGE,2.565976471259781,1_7
4106,1_8_chr10_4663047_4663594_bi,forward,noSNP,773,0.056817346563763325,275,0.010430099370401274,LR3TGE,L3TGE,LR3TGE / L3TGE,2.4455785546902598,1_8
4107,1_8_chr10_4663047_4663594_bi,reverse,noSNP,1358,0.0998162440279309,344,0.013047106121520139,LR3TGE,L3TGE,LR3TGE / L3TGE,2.9355447687200678,1_8
4108,1_9_chr10_71860316_71860874_bi,forward,noSNP,28,0.002058066887173833,46,0.0017446711674125768,LR3TGE,L3TGE,LR3TGE / L3TGE,0.23833472517802498,1_9
4109,1_9_chr10_71860316_71860874_bi,reverse,noSNP,55,0.00404263138552003,26,0.0009861184859288477,LR3TGE,L3TGE,LR3TGE / L3TGE,2.0354617545610014,1_9
4110,22,any_orientation,any_SNP,309,0.022712238147739802,3778,0.1432906015322764,LR3TGE,L3TGE,LR3TGE / L3TGE,-2.6574021993065613,22
4111,2_10_chr16_3305171_3305501_rc,forward,SNP,289,0.021242190371187065,221,0.008382007130395205,LR3TGE,L3TGE,LR3TGE / L3TGE,1.3415648822866812,2_10
4112,2_10_chr16_3305171_3305501_rc,forward,noSNP,360,0.026460859977949284,235,0.008912994007433816,LR3TGE,L3TGE,LR3TGE / L3TGE,1.5698779089421089,2_10
4113,2_10_chr16_3305171_3305501_rc,reverse,SNP,89,0.006541712605659684,152,0.0057650003792763405,LR3TGE,L3TGE,LR3TGE / L3TGE,0.18234767670024604,2_10
4114,2_10_chr16_3305171_3305501_rc,reverse,noSNP,119,0.008746784270488792,178,0.006751118865205188,LR3TGE,L3TGE,LR3TGE / L3TGE,0.3736260915189798,2_10
4115,2_11_chr16_4538333_4538583_rc,forward,SNP,2,0.00014700477765527378,7,0.0002654934385193052,LR3TGE,L3TGE,LR3TGE / L3TGE,-0.8528131628801703,2_11
4116,2_11_chr16_4538333_4538583_rc,reverse,SNP,4,0.00029400955531054757,14,0.0005309868770386104,LR3TGE,L3TGE,LR3TGE / L3TGE,-0.8528131628801703,2_11
4117,2_12_chr17_58692543_58692822_fw,forward,noSNP,2,0.00014700477765527378,85,0.0032238488963058486,LR3TGE,L3TGE,LR3TGE / L3TGE,-4.454849176960268,2_12
4118,2_12_chr17_58692543_58692822_fw,reverse,noSNP,2,0.00014700477765527378,88,0.0033376317985284077,LR3TGE,L3TGE,LR3TGE / L3TGE,-4.504889859459864,2_12
4119,2_13_chr19_41397182_41397493_rc,forward,SNP,28,0.002058066887173833,196,0.007433816278540545,LR3TGE,L3TGE,LR3TGE / L3TGE,-1.8528131628801703,2_13
4120,2_13_chr19_41397182_41397493_rc,forward,noSNP,51,0.0037486218302094816,297,0.011264507320033377,LR3TGE,L3TGE,LR3TGE / L3TGE,-1.5873520196518365,2_13
4121,2_13_chr19_41397182_41397493_rc,reverse,SNP,85,0.006247703050349137,192,0.007282105742243799,LR3TGE,L3TGE,LR3TGE / L3TGE,-0.2210298054060206,2_13
4122,2_13_chr19_41397182_41397493_rc,reverse,noSNP,123,0.009040793825799339,254,0.009633619054843359,LR3TGE,L3TGE,LR3TGE / L3TGE,-0.09162842225549211,2_13
4123,2_15_chr3_122793601_122793905_rc,forward,SNP,26,0.0019110621095185594,133,0.005044375331866798,LR3TGE,L3TGE,LR3TGE / L3TGE,-1.4003009581826635,2_15
4124,2_15_chr3_122793601_122793905_rc,forward,noSNP,29,0.00213156927600147,114,0.004323750284457256,LR3TGE,L3TGE,LR3TGE / L3TGE,-1.0203672598597358,2_15
4125,2_15_chr3_122793601_122793905_rc,reverse,SNP,20,0.001470047776552738,72,0.0027307896533414248,LR3TGE,L3TGE,LR3TGE / L3TGE,-0.8934551473775162,2_15
4126,2_15_chr3_122793601_122793905_rc,reverse,noSNP,19,0.001396545387725101,50,0.0018963817037093225,LR3TGE,L3TGE,LR3TGE / L3TGE,-0.4413869171537053,2_15
4127,2_16_chr6_108562603_108562763_rc,forward,noSNP,21,0.0015435501653803748,8,0.0003034210725934916,LR3TGE,L3TGE,LR3TGE / L3TGE,2.346859181956194,2_16
4128,2_16_chr6_108562603_108562763_rc,reverse,noSNP,13,0.0009555310547592797,8,0.0003034210725934916,LR3TGE,L3TGE,LR3TGE / L3TGE,1.654981477318526,2_16
4129,2_17_chr7_149685_149919_fw,forward,SNP,4,0.00029400955531054757,77,0.0029204278237123567,LR3TGE,L3TGE,LR3TGE / L3TGE,-3.3122447815174674,2_17
4130,2_17_chr7_149685_149919_fw,forward,noSNP,12,0.0008820286659316428,70,0.002654934385193052,LR3TGE,L3TGE,LR3TGE / L3TGE,-1.5897787570463764,2_17
4131,2_17_chr7_149685_149919_fw,reverse,SNP,35,0.0025725836089672913,69,0.0026170067511188653,LR3TGE,L3TGE,LR3TGE / L3TGE,-0.02469968065576879,2_17
4132,2_17_chr7_149685_149919_fw,reverse,noSNP,16,0.0011760382212421903,58,0.0021998027763028144,LR3TGE,L3TGE,LR3TGE / L3TGE,-0.9034392359501385,2_17
4133,2_19_chr7_27168362_27168894_fw,forward,SNP,175,0.012862918044836457,158,0.0059925661837214594,LR3TGE,L3TGE,LR3TGE / L3TGE,1.1019721228326596,2_19
4134,2_19_chr7_27168362_27168894_fw,forward,noSNP,74,0.005439176773245131,143,0.005423651672608663,LR3TGE,L3TGE,LR3TGE / L3TGE,0.004123788027994293,2_19
4135,2_19_chr7_27168362_27168894_fw,reverse,SNP,260,0.019110621095185593,179,0.006789046499279375,LR3TGE,L3TGE,LR3TGE / L3TGE,1.493093794941632,2_19
4136,2_19_chr7_27168362_27168894_fw,reverse,noSNP,1,7.350238882763689e-05,179,0.006789046499279375,LR3TGE,L3TGE,LR3TGE / L3TGE,-6.529274018086823,2_19
4137,2_1_chr10_24208466_24209279_fw,reverse,SNP,23,0.0016905549430356486,6,0.00022756580444511872,LR3TGE,L3TGE,LR3TGE / L3TGE,2.8931412145132906,2_1
4138,2_20_chr7_7566677_7567687_fw,forward,SNP,16,0.0011760382212421903,5,0.00018963817037093226,LR3TGE,L3TGE,LR3TGE / L3TGE,2.6326136642900715,2_20
4139,2_20_chr7_7566677_7567687_fw,forward,noSNP,7,0.0005145167217934582,7,0.0002654934385193052,LR3TGE,L3TGE,LR3TGE / L3TGE,0.9545417591774337,2_20
4140,2_20_chr7_7566677_7567687_fw,reverse,SNP,22,0.0016170525542080118,51,0.001934309337783509,LR3TGE,L3TGE,LR3TGE / L3TGE,-0.2584519641567644,2_20
4141,2_20_chr7_7566677_7567687_fw,reverse,noSNP,26,0.0019110621095185594,94,0.0035651976029735266,LR3TGE,L3TGE,LR3TGE / L3TGE,-0.8996073743591113,2_20
4142,2_22_chr10_122375105_122375476_rc__2_21_chr10_122375073_122375541_fw,forward,SNP,1,7.350238882763689e-05,81,0.0030721383600091027,LR3TGE,L3TGE,LR3TGE / L3TGE,-5.385308243707191,2_22
4143,2_22_chr10_122375105_122375476_rc__2_21_chr10_122375073_122375541_fw,forward,noSNP,11,0.0008085262771040059,54,0.0020480922400060685,LR3TGE,L3TGE,LR3TGE / L3TGE,-1.3409141243487375,2_22
4144,2_22_chr10_122375105_122375476_rc__2_21_chr10_122375073_122375541_fw,reverse,SNP,10,0.000735023888276369,33,0.001251611924448153,LR3TGE,L3TGE,LR3TGE / L3TGE,-0.7679242652936572,2_22
4145,2_22_chr10_122375105_122375476_rc__2_21_chr10_122375073_122375541_fw,reverse,noSNP,20,0.001470047776552738,53,0.002010164605931882,LR3TGE,L3TGE,LR3TGE / L3TGE,-0.45145060049840297,2_22
4146,2_23_chr12_53046798_53047380_fw__2_24_chr12_53046888_53047426_rc,forward,SNP,17,0.0012495406100698273,48,0.0018205264355609498,LR3TGE,L3TGE,LR3TGE / L3TGE,-0.5429579002933829,2_23
4147,2_32_chr22_44023936_44024267_rc__2_31_chr22_44023811_44024452_fw,forward,SNP,18,0.001323042998897464,75,0.0028445725555639838,LR3TGE,L3TGE,LR3TGE / L3TGE,-1.1043519298761348,2_32
4148,2_32_chr22_44023936_44024267_rc__2_31_chr22_44023811_44024452_fw,forward,noSNP,18,0.001323042998897464,43,0.0016308882651900173,LR3TGE,L3TGE,LR3TGE / L3TGE,-0.3017979940823517,2_32
4149,2_32_chr22_44023936_44024267_rc__2_31_chr22_44023811_44024452_fw,reverse,SNP,37,0.0027195883866225653,63,0.0023894409466737464,LR3TGE,L3TGE,LR3TGE / L3TGE,0.18671520130646735,2_32
4150,2_32_chr22_44023936_44024267_rc__2_31_chr22_44023811_44024452_fw,reverse,noSNP,43,0.0031606027195883865,56,0.0021239475081544414,LR3TGE,L3TGE,LR3TGE / L3TGE,0.5734515918219275,2_32
4151,2_33_chr5_132369336_132370461_fw__2_34_chr5_132369418_132370280_rc,forward,SNP,20,0.001470047776552738,29,0.0010999013881514072,LR3TGE,L3TGE,LR3TGE / L3TGE,0.418488858937224,2_33
4152,2_33_chr5_132369336_132370461_fw__2_34_chr5_132369418_132370280_rc,forward,noSNP,26,0.0019110621095185594,36,0.0013653948266707124,LR3TGE,L3TGE,LR3TGE / L3TGE,0.48505647587621353,2_33
4153,2_33_chr5_132369336_132370461_fw__2_34_chr5_132369418_132370280_rc,reverse,noSNP,4,0.00029400955531054757,39,0.0014791777288932716,LR3TGE,L3TGE,LR3TGE / L3TGE,-2.3308604596848146,2_33
4154,2_39_chr14_100375283_100375730_rc__2_35_chr14_100375283_100375730_rc,forward,SNP,109,0.008011760382212421,280,0.010619737540772207,LR3TGE,L3TGE,LR3TGE / L3TGE,-0.40655693299060647,2_39
4155,2_39_chr14_100375283_100375730_rc__2_35_chr14_100375283_100375730_rc,forward,noSNP,145,0.01065784638000735,281,0.010657665174846393,LR3TGE,L3TGE,LR3TGE / L3TGE,2.4528971442260028e-05,2_39
4156,2_39_chr14_100375283_100375730_rc__2_35_chr14_100375283_100375730_rc,reverse,SNP,41,0.003013597941933113,160,0.006068421451869832,LR3TGE,L3TGE,LR3TGE / L3TGE,-1.0098343310918447,2_39
4157,2_3_chr10_71888998_71889183_rc,forward,SNP,10,0.000735023888276369,36,0.0013653948266707124,LR3TGE,L3TGE,LR3TGE / L3TGE,-0.8934551473775162,2_3
4158,2_3_chr10_71888998_71889183_rc,forward,noSNP,12,0.0008820286659316428,11,0.00041720397481605096,LR3TGE,L3TGE,LR3TGE / L3TGE,1.0800726412612929,2_3
4159,2_3_chr10_71888998_71889183_rc,reverse,SNP,3,0.0002205071664829107,7,0.0002654934385193052,LR3TGE,L3TGE,LR3TGE / L3TGE,-0.26785066215901404,2_3
4160,2_40_chr2_27890876_27891263_rc__2_36_chr2_27890876_27891263_rc,forward,SNP,20,0.001470047776552738,43,0.0016308882651900173,LR3TGE,L3TGE,LR3TGE / L3TGE,-0.14979490063730153,2_40
4161,2_40_chr2_27890876_27891263_rc__2_36_chr2_27890876_27891263_rc,forward,noSNP,11,0.0008085262771040059,38,0.0014412500948190851,LR3TGE,L3TGE,LR3TGE / L3TGE,-0.8339541356288543,2_40
4162,2_40_chr2_27890876_27891263_rc__2_36_chr2_27890876_27891263_rc,reverse,SNP,31,0.0022785740536567438,44,0.0016688158992642038,LR3TGE,L3TGE,LR3TGE / L3TGE,0.44930645092701177,2_40
4163,2_40_chr2_27890876_27891263_rc__2_36_chr2_27890876_27891263_rc,reverse,noSNP,20,0.001470047776552738,41,0.0015550329970416446,LR3TGE,L3TGE,LR3TGE / L3TGE,-0.0810821505532874,2_40
4164,2_41_chr2_29114692_29115684_fw__2_37_chr2_29114692_29115684_fw,forward,SNP,14,0.0010290334435869165,87,0.003299704164454221,LR3TGE,L3TGE,LR3TGE / L3TGE,-1.6810468146136903,2_41
4165,2_41_chr2_29114692_29115684_fw__2_37_chr2_29114692_29115684_fw,forward,noSNP,4,0.00029400955531054757,42,0.001592960631115831,LR3TGE,L3TGE,LR3TGE / L3TGE,-2.4377756636013266,2_41
4166,2_41_chr2_29114692_29115684_fw__2_37_chr2_29114692_29115684_fw,reverse,SNP,31,0.0022785740536567438,76,0.0028825001896381703,LR3TGE,L3TGE,LR3TGE / L3TGE,-0.3391894438792765,2_41
4167,2_41_chr2_29114692_29115684_fw__2_37_chr2_29114692_29115684_fw,reverse,noSNP,11,0.0008085262771040059,45,0.0017067435333383903,LR3TGE,L3TGE,LR3TGE / L3TGE,-1.0778797185149436,2_41
4168,2_42_chr7_158818580_158818984_rc__2_38_chr7_158818580_158818984_rc,forward,noSNP,68,0.004998162440279309,264,0.010012895395585223,LR3TGE,L3TGE,LR3TGE / L3TGE,-1.0023895189306802,2_42
4169,2_42_chr7_158818580_158818984_rc__2_38_chr7_158818580_158818984_rc,reverse,SNP,20,0.001470047776552738,259,0.009823257225214292,LR3TGE,L3TGE,LR3TGE / L3TGE,-2.7403384336217576,2_42
4170,2_42_chr7_158818580_158818984_rc__2_38_chr7_158818580_158818984_rc,reverse,noSNP,10,0.000735023888276369,236,0.008950921641508004,LR3TGE,L3TGE,LR3TGE / L3TGE,-3.606173195297045,2_42
4171,2_4_chr11_124876752_124876939_fw,reverse,noSNP,3,0.0002205071664829107,5,0.00018963817037093226,LR3TGE,L3TGE,LR3TGE / L3TGE,0.21757616501122773,2_4
4172,2_5_chr12_2959230_2960351_fw,forward,SNP,6,0.0004410143329658214,30,0.0011378290222255935,LR3TGE,L3TGE,LR3TGE / L3TGE,-1.3673863357099283,2_5
4173,2_5_chr12_2959230_2960351_fw,forward,noSNP,1,7.350238882763689e-05,28,0.0010619737540772207,LR3TGE,L3TGE,LR3TGE / L3TGE,-3.8528131628801705,2_5
4174,2_5_chr12_2959230_2960351_fw,reverse,SNP,8,0.0005880191106210951,31,0.00117575665629978,LR3TGE,L3TGE,LR3TGE / L3TGE,-0.9996545512094414,2_5
4175,2_5_chr12_2959230_2960351_fw,reverse,noSNP,6,0.0004410143329658214,36,0.0013653948266707124,LR3TGE,L3TGE,LR3TGE / L3TGE,-1.6304207415437224,2_5
4176,2_6_chr12_57611320_57611561_fw,forward,noSNP,3,0.0002205071664829107,21,0.0007964803155579155,LR3TGE,L3TGE,LR3TGE / L3TGE,-1.8528131628801703,2_6
4177,2_6_chr12_57611320_57611561_fw,reverse,noSNP,12,0.0008820286659316428,14,0.0005309868770386104,LR3TGE,L3TGE,LR3TGE / L3TGE,0.732149337840986,2_6
4178,2_7_chr14_75069209_75069609_rc,forward,SNP,150,0.011025358324145534,275,0.010430099370401274,LR3TGE,L3TGE,LR3TGE / L3TGE,0.08007264126129288,2_7
4179,2_7_chr14_75069209_75069609_rc,forward,noSNP,17,0.0012495406100698273,27,0.0010240461200030342,LR3TGE,L3TGE,LR3TGE / L3TGE,0.2871170982643046,2_7
4180,2_7_chr14_75069209_75069609_rc,reverse,SNP,74,0.005439176773245131,210,0.007964803155579155,LR3TGE,L3TGE,LR3TGE / L3TGE,-0.5502503928597389,2_7
4181,2_7_chr14_75069209_75069609_rc,reverse,noSNP,7,0.0005145167217934582,22,0.0008344079496321019,LR3TGE,L3TGE,LR3TGE / L3TGE,-0.6975349374022592,2_7
4182,3,reverse,SNP,7,0.0005145167217934582,41,0.0015550329970416446,LR3TGE,L3TGE,LR3TGE / L3TGE,-1.595655323383046,3
4183,4,forward,any_SNP,41,0.003013597941933113,915,0.03470378517788061,LR3TGE,L3TGE,LR3TGE / L3TGE,-3.525534169375887,4
4184,4,reverse,any_SNP,202,0.014847482543182654,591,0.022415231737844193,LR3TGE,L3TGE,LR3TGE / L3TGE,-0.5942610782483039,4
4185,8,any_orientation,any_SNP,40,0.002940095553105476,291,0.011036941515588258,LR3TGE,L3TGE,LR3TGE / L3TGE,-1.9084054888434876,8
4186,9,any_orientation,any_SNP,18,0.001323042998897464,1565,0.0593567473261018,LR3TGE,L3TGE,LR3TGE / L3TGE,-5.487480181200235,9
4187,CMV,any_orientation,any_SNP,147,0.010804851157662623,75,0.0028445725555639838,LR3TGE,L3TGE,LR3TGE / L3TGE,1.9253954135179174,CMV
4188,SV40,any_orientation,any_SNP,36,0.002646085997794928,22,0.0008344079496321019,LR3TGE,L3TGE,LR3TGE / L3TGE,1.665035141982449,SV40
4189,1_11_chr11_65418158_65418613_bi,forward,noSNP,8,0.0005880191106210951,6,0.00022471068499307141,LR3TGE,L4TGE,LR3TGE / L4TGE,1.3877943171143736,1_11
4190,1_11_chr11_65418158_65418613_bi,reverse,noSNP,12,0.0008820286659316428,15,0.0005617767124826786,LR3TGE,L4TGE,LR3TGE / L4TGE,0.6508287229481675,1_11
4191,1_14_chr14_60655620_60656040_bi,reverse,noSNP,3,0.0002205071664829107,6,0.00022471068499307141,LR3TGE,L4TGE,LR3TGE / L4TGE,-0.027243182164470064,1_14
4192,1_15_chr15_40098659_40099167_bi,forward,noSNP,18,0.001323042998897464,6,0.00022471068499307141,LR3TGE,L4TGE,LR3TGE / L4TGE,2.557719318556686,1_15
4193,1_15_chr15_40098659_40099167_bi,reverse,noSNP,28,0.002058066887173833,12,0.00044942136998614283,LR3TGE,L4TGE,LR3TGE / L4TGE,2.1951492391719776,1_15
4194,1_16_chr16_30805349_30805831_bi,forward,noSNP,360,0.026460859977949284,391,0.01464364630538182,LR3TGE,L4TGE,LR3TGE / L4TGE,0.8535851168578523,1_16
4195,1_16_chr16_30805349_30805831_bi,reverse,noSNP,214,0.015729511209114297,352,0.013183026852926856,LR3TGE,L4TGE,LR3TGE / L4TGE,0.2547921855993797,1_16
4196,1_17_chr16_73068918_73069480_bi,forward,noSNP,134,0.009849320102903344,66,0.0024718175349237857,LR3TGE,L4TGE,LR3TGE / L4TGE,1.9944518889348488,1_17
4197,1_17_chr16_73068918_73069480_bi,reverse,noSNP,43,0.0031606027195883865,47,0.0017602336991123927,LR3TGE,L4TGE,LR3TGE / L4TGE,0.8444327208599905,1_17
4198,1_18_chr16_74297506_74297928_bi,forward,noSNP,145,0.01065784638000735,206,0.007715066851428786,LR3TGE,L4TGE,LR3TGE / L4TGE,0.46616538066724605,1_18
4199,1_18_chr16_74297506_74297928_bi,reverse,noSNP,88,0.006468210216832047,211,0.007902325755589678,LR3TGE,L4TGE,LR3TGE / L4TGE,-0.28891075223435786,1_18
4200,1_19_chr16_807619_808176_bi,forward,SNP,16,0.0011760382212421903,15,0.0005617767124826786,LR3TGE,L4TGE,LR3TGE / L4TGE,1.065866222227011,1_19
4201,1_19_chr16_807619_808176_bi,forward,noSNP,8,0.0005880191106210951,8,0.00029961424665742855,LR3TGE,L4TGE,LR3TGE / L4TGE,0.9727568178355298,1_19
4202,1_19_chr16_807619_808176_bi,reverse,SNP,20,0.001470047776552738,7,0.00026216246582525,LR3TGE,L4TGE,LR3TGE / L4TGE,2.4873299906652884,1_19
4203,1_19_chr16_807619_808176_bi,reverse,noSNP,73,0.0053656743844174935,22,0.0008239391783079285,LR3TGE,L4TGE,LR3TGE / L4TGE,2.7031497580782498,1_19
4204,1_20_chr16_87853532_87854041_bi,forward,SNP,11,0.0008085262771040059,14,0.0005243249316505,LR3TGE,L4TGE,LR3TGE / L4TGE,0.6248335144152231,1_20
4205,1_20_chr16_87853532_87854041_bi,forward,noSNP,4,0.00029400955531054757,5,0.00018725890416089285,LR3TGE,L4TGE,LR3TGE / L4TGE,0.6508287229481675,1_20
4206,1_20_chr16_87853532_87854041_bi,reverse,SNP,30,0.002205071664829107,20,0.0007490356166435714,LR3TGE,L4TGE,LR3TGE / L4TGE,1.5577193185566862,1_20
4207,1_20_chr16_87853532_87854041_bi,reverse,noSNP,57,0.004189636163175303,25,0.0009362945208044643,LR3TGE,L4TGE,LR3TGE / L4TGE,2.161790642225547,1_20
4208,1_23_chr2_70142583_70143144_bi,forward,SNP,89,0.006541712605659684,54,0.0020223961649376426,LR3TGE,L4TGE,LR3TGE / L4TGE,1.6936027466384591,1_23
4209,1_23_chr2_70142583_70143144_bi,forward,noSNP,741,0.05446527012127894,649,0.024306205760083893,LR3TGE,L4TGE,LR3TGE / L4TGE,1.1640118821422252,1_23
4210,1_23_chr2_70142583_70143144_bi,reverse,SNP,6,0.0004410143329658214,13,0.0004868731508183214,LR3TGE,L4TGE,LR3TGE / L4TGE,-0.14272039958440605,1_23
4211,1_23_chr2_70142583_70143144_bi,reverse,noSNP,125,0.009187798603454611,469,0.017564885210291748,LR3TGE,L4TGE,LR3TGE / L4TGE,-0.9349030100177598,1_23
4212,1_24_chr21_29002584_29003015_bi,forward,noSNP,86,0.006321205439176773,84,0.003145949589903,LR3TGE,L4TGE,LR3TGE / L4TGE,1.0067041497588676,1_24
4213,1_24_chr21_29002584_29003015_bi,reverse,noSNP,36,0.002646085997794928,76,0.0028463353432455715,LR3TGE,L4TGE,LR3TGE / L4TGE,-0.10524569416574343,1_24
4214,1_25_chr22_36465359_36465803_bi,forward,noSNP,58,0.00426313855200294,52,0.0019474926032732856,LR3TGE,L4TGE,LR3TGE / L4TGE,1.1302980948220098,1_25
4215,1_25_chr22_36465359_36465803_bi,reverse,noSNP,17,0.0012495406100698273,101,0.0037826298640500355,LR3TGE,L4TGE,LR3TGE / L4TGE,-1.5979918236659254,1_25
4216,1_26_chr22_40651538_40652054_bi,forward,noSNP,79,0.005806688717383315,458,0.017152915621137785,LR3TGE,L4TGE,LR3TGE / L4TGE,-1.562666222084311,1_26
4217,1_26_chr22_40651538_40652054_bi,reverse,noSNP,254,0.01866960676221977,508,0.019025504662746714,LR3TGE,L4TGE,LR3TGE / L4TGE,-0.027243182164470227,1_26
4218,1_28_chr7_1532728_1533226_bi,forward,noSNP,13,0.0009555310547592797,17,0.0006366802741470357,LR3TGE,L4TGE,LR3TGE / L4TGE,0.5857336947262826,1_28
4219,1_28_chr7_1532728_1533226_bi,reverse,noSNP,8,0.0005880191106210951,5,0.00018725890416089285,LR3TGE,L4TGE,LR3TGE / L4TGE,1.6508287229481675,1_28
4220,1_29_chr7_25856979_25857429_bi,forward,SNP,18,0.001323042998897464,20,0.0007490356166435714,LR3TGE,L4TGE,LR3TGE / L4TGE,0.8207537243904799,1_29
4221,1_29_chr7_25856979_25857429_bi,reverse,SNP,50,0.003675119441381845,46,0.0017227819182802143,LR3TGE,L4TGE,LR3TGE / L4TGE,1.0930510515532417,1_29
4222,1_30_chr9_126805681_126806202_bi,forward,noSNP,85,0.006247703050349137,110,0.004119695891539643,LR3TGE,L4TGE,LR3TGE / L4TGE,0.600788040448572,1_30
4223,1_30_chr9_126805681_126806202_bi,reverse,noSNP,115,0.008452774715178243,130,0.0048687315081832145,LR3TGE,L4TGE,LR3TGE / L4TGE,0.7958790557514505,1_30
4224,1_5_chr1_33127099_33127603_bi,forward,noSNP,101,0.007423741271591327,264,0.009887270139695143,LR3TGE,L4TGE,LR3TGE / L4TGE,-0.4134258187711288,1_5
4225,1_5_chr1_33127099_33127603_bi,reverse,noSNP,2,0.00014700477765527378,280,0.010486498633009999,LR3TGE,L4TGE,LR3TGE / L4TGE,-6.156526199109437,1_5
4226,1_7_chr10_110211049_110211924_bi,forward,noSNP,55,0.00404263138552003,162,0.006067188494812929,LR3TGE,L4TGE,LR3TGE / L4TGE,-0.5857334715244353,1_7
4227,1_7_chr10_110211049_110211924_bi,reverse,noSNP,55,0.00404263138552003,21,0.00078648739747575,LR3TGE,L4TGE,LR3TGE / L4TGE,2.361799108581429,1_7
4228,1_8_chr10_4663047_4663594_bi,forward,noSNP,773,0.056817346563763325,280,0.010486498633009999,LR3TGE,L4TGE,LR3TGE / L4TGE,2.437798404815411,1_8
4229,1_8_chr10_4663047_4663594_bi,reverse,noSNP,1358,0.0998162440279309,355,0.013295382195423392,LR3TGE,L4TGE,LR3TGE / L4TGE,2.9083493676882175,1_8
4230,1_9_chr10_71860316_71860874_bi,forward,noSNP,28,0.002058066887173833,43,0.0016104265757836784,LR3TGE,L4TGE,LR3TGE / L4TGE,0.35384698519103613,1_9
4231,1_9_chr10_71860316_71860874_bi,reverse,noSNP,55,0.00404263138552003,35,0.0013108123291262499,LR3TGE,L4TGE,LR3TGE / L4TGE,1.6248335144152233,1_9
4232,22,any_orientation,any_SNP,309,0.022712238147739802,3904,0.14621175236882514,LR3TGE,L4TGE,LR3TGE / L4TGE,-2.6865174918229817,22
4233,2_10_chr16_3305171_3305501_rc,forward,SNP,289,0.021242190371187065,179,0.006703868768959964,LR3TGE,L4TGE,LR3TGE / L4TGE,1.6638667230719522,2_10
4234,2_10_chr16_3305171_3305501_rc,forward,noSNP,360,0.026460859977949284,209,0.00782742219392532,LR3TGE,L4TGE,LR3TGE / L4TGE,1.757250782084322,2_10
4235,2_10_chr16_3305171_3305501_rc,reverse,SNP,89,0.006541712605659684,153,0.005730122467323321,LR3TGE,L4TGE,LR3TGE / L4TGE,0.19110240610927579,2_10
4236,2_10_chr16_3305171_3305501_rc,reverse,noSNP,119,0.008746784270488792,157,0.005879929590652036,LR3TGE,L4TGE,LR3TGE / L4TGE,0.5729538322518464,2_10
4237,2_11_chr16_4538333_4538583_rc,reverse,SNP,4,0.00029400955531054757,5,0.00018725890416089285,LR3TGE,L4TGE,LR3TGE / L4TGE,0.6508287229481675,2_11
4238,2_11_chr16_4538333_4538583_rc,reverse,noSNP,1,7.350238882763689e-05,6,0.00022471068499307141,LR3TGE,L4TGE,LR3TGE / L4TGE,-1.6122056828856264,2_11
4239,2_12_chr17_58692543_58692822_fw,forward,noSNP,2,0.00014700477765527378,72,0.002696528219916857,LR3TGE,L4TGE,LR3TGE / L4TGE,-4.197168183606783,2_12
4240,2_12_chr17_58692543_58692822_fw,reverse,noSNP,2,0.00014700477765527378,88,0.003295756713231714,LR3TGE,L4TGE,LR3TGE / L4TGE,-4.486674800801768,2_12
4241,2_13_chr19_41397182_41397493_rc,forward,SNP,28,0.002058066887173833,260,0.009737463016366429,LR3TGE,L4TGE,LR3TGE / L4TGE,-2.2422560731353207,2_13
4242,2_13_chr19_41397182_41397493_rc,forward,noSNP,51,0.0037486218302094816,297,0.011123178907157036,LR3TGE,L4TGE,LR3TGE / L4TGE,-1.5691369609937404,2_13
4243,2_13_chr19_41397182_41397493_rc,reverse,SNP,85,0.006247703050349137,217,0.00812703644058275,LR3TGE,L4TGE,LR3TGE / L4TGE,-0.37940347847124756,2_13
4244,2_13_chr19_41397182_41397493_rc,reverse,noSNP,123,0.009040793825799339,265,0.00992472192052732,LR3TGE,L4TGE,LR3TGE / L4TGE,-0.13457722627579163,2_13
4245,2_15_chr3_122793601_122793905_rc,forward,SNP,26,0.0019110621095185594,102,0.003820081644882214,LR3TGE,L4TGE,LR3TGE / L4TGE,-0.9992288059948735,2_15
4246,2_15_chr3_122793601_122793905_rc,forward,noSNP,29,0.00213156927600147,90,0.0033706602748960713,LR3TGE,L4TGE,LR3TGE / L4TGE,-0.6611152833665727,2_15
4247,2_15_chr3_122793601_122793905_rc,reverse,SNP,20,0.001470047776552738,74,0.0027714317815812142,LR3TGE,L4TGE,LR3TGE / L4TGE,-0.9147684529060573,2_15
4248,2_15_chr3_122793601_122793905_rc,reverse,noSNP,19,0.001396545387725101,54,0.0020223961649376426,LR3TGE,L4TGE,LR3TGE / L4TGE,-0.534203170884353,2_15
4249,2_16_chr6_108562603_108562763_rc,forward,noSNP,21,0.0015435501653803748,401,0.015018164113703606,LR3TGE,L4TGE,LR3TGE / L4TGE,-3.28238418584063,2_16
4250,2_16_chr6_108562603_108562763_rc,reverse,noSNP,13,0.0009555310547592797,370,0.013857158907906071,LR3TGE,L4TGE,LR3TGE / L4TGE,-3.85818492453969,2_16
4251,2_17_chr7_149685_149919_fw,forward,SNP,4,0.00029400955531054757,72,0.002696528219916857,LR3TGE,L4TGE,LR3TGE / L4TGE,-3.1971681836067827,2_17
4252,2_17_chr7_149685_149919_fw,forward,noSNP,12,0.0008820286659316428,61,0.0022845586307628928,LR3TGE,L4TGE,LR3TGE / L4TGE,-1.3730180190062002,2_17
4253,2_17_chr7_149685_149919_fw,reverse,SNP,35,0.0025725836089672913,73,0.002733980000749036,LR3TGE,L4TGE,LR3TGE / L4TGE,-0.0877847240995211,2_17
4254,2_17_chr7_149685_149919_fw,reverse,noSNP,16,0.0011760382212421903,36,0.0013482641099584285,LR3TGE,L4TGE,LR3TGE / L4TGE,-0.19716818360678245,2_17
4255,2_19_chr7_27168362_27168894_fw,forward,SNP,175,0.012862918044836457,230,0.008613909591401072,LR3TGE,L4TGE,LR3TGE / L4TGE,0.5784778787234834,2_19
4256,2_19_chr7_27168362_27168894_fw,forward,noSNP,74,0.005439176773245131,141,0.005280701097337179,LR3TGE,L4TGE,LR3TGE / L4TGE,0.04265883106568616,2_19
4257,2_19_chr7_27168362_27168894_fw,reverse,noSNP,1,7.350238882763689e-05,227,0.008501554248904536,LR3TGE,L4TGE,LR3TGE / L4TGE,-6.8537916694553855,2_19
4258,2_1_chr10_24208466_24209279_fw,reverse,SNP,23,0.0016905549430356486,12,0.00044942136998614283,LR3TGE,L4TGE,LR3TGE / L4TGE,1.9113562731713867,2_1
4259,2_20_chr7_7566677_7567687_fw,forward,SNP,16,0.0011760382212421903,31,0.0011610052057975356,LR3TGE,L4TGE,LR3TGE / L4TGE,0.01856050744865482,2_20
4260,2_20_chr7_7566677_7567687_fw,forward,noSNP,7,0.0005145167217934582,68,0.002546721096588143,LR3TGE,L4TGE,LR3TGE / L4TGE,-2.3073511013572054,2_20
4261,2_20_chr7_7566677_7567687_fw,reverse,noSNP,26,0.0019110621095185594,155,0.005805026028987678,LR3TGE,L4TGE,LR3TGE / L4TGE,-1.6029278692976154,2_20
4262,2_22_chr10_122375105_122375476_rc__2_21_chr10_122375073_122375541_fw,forward,SNP,1,7.350238882763689e-05,73,0.002733980000749036,LR3TGE,L4TGE,LR3TGE / L4TGE,-5.217067741044487,2_22
4263,2_22_chr10_122375105_122375476_rc__2_21_chr10_122375073_122375541_fw,forward,noSNP,11,0.0008085262771040059,70,0.0026216246582524997,LR3TGE,L4TGE,LR3TGE / L4TGE,-1.6970945804721391,2_22
4264,2_22_chr10_122375105_122375476_rc__2_21_chr10_122375073_122375541_fw,reverse,SNP,10,0.000735023888276369,44,0.001647878356615857,LR3TGE,L4TGE,LR3TGE / L4TGE,-1.1647467059144048,2_22
4265,2_22_chr10_122375105_122375476_rc__2_21_chr10_122375073_122375541_fw,reverse,noSNP,20,0.001470047776552738,42,0.0015729747949515,LR3TGE,L4TGE,LR3TGE / L4TGE,-0.09763251005586795,2_22
4266,2_23_chr12_53046798_53047380_fw__2_24_chr12_53046888_53047426_rc,forward,SNP,17,0.0012495406100698273,47,0.0017602336991123927,LR3TGE,L4TGE,LR3TGE / L4TGE,-0.49436919259176804,2_23
4267,2_23_chr12_53046798_53047380_fw__2_24_chr12_53046888_53047426_rc,forward,noSNP,7,0.0005145167217934582,49,0.00183513726077675,LR3TGE,L4TGE,LR3TGE / L4TGE,-1.8345981042220745,2_23
4268,2_23_chr12_53046798_53047380_fw__2_24_chr12_53046888_53047426_rc,reverse,SNP,8,0.0005880191106210951,54,0.0020223961649376426,LR3TGE,L4TGE,LR3TGE / L4TGE,-1.7821306843279385,2_23
4269,2_23_chr12_53046798_53047380_fw__2_24_chr12_53046888_53047426_rc,reverse,noSNP,4,0.00029400955531054757,59,0.0022096550690985355,LR3TGE,L4TGE,LR3TGE / L4TGE,-2.909886231526311,2_23
4270,2_32_chr22_44023936_44024267_rc__2_31_chr22_44023811_44024452_fw,forward,SNP,18,0.001323042998897464,77,0.00288378712407775,LR3TGE,L4TGE,LR3TGE / L4TGE,-1.1241047214170592,2_32
4271,2_32_chr22_44023936_44024267_rc__2_31_chr22_44023811_44024452_fw,forward,noSNP,18,0.001323042998897464,49,0.00183513726077675,LR3TGE,L4TGE,LR3TGE / L4TGE,-0.47202802483736617,2_32
4272,2_32_chr22_44023936_44024267_rc__2_31_chr22_44023811_44024452_fw,reverse,SNP,37,0.0027195883866225653,62,0.002322010411595071,LR3TGE,L4TGE,LR3TGE / L4TGE,0.2280138730776047,2_32
4273,2_32_chr22_44023936_44024267_rc__2_31_chr22_44023811_44024452_fw,reverse,noSNP,43,0.0031606027195883865,67,0.002509269315755964,LR3TGE,L4TGE,LR3TGE / L4TGE,0.3329323820798553,2_32
4274,2_33_chr5_132369336_132370461_fw__2_34_chr5_132369418_132370280_rc,forward,SNP,20,0.001470047776552738,29,0.0010861016441331786,LR3TGE,L4TGE,LR3TGE / L4TGE,0.43670391759532007,2_33
4275,2_33_chr5_132369336_132370461_fw__2_34_chr5_132369418_132370280_rc,forward,noSNP,26,0.0019110621095185594,40,0.0014980712332871428,LR3TGE,L4TGE,LR3TGE / L4TGE,0.35126844108925986,2_33
4276,2_33_chr5_132369336_132370461_fw__2_34_chr5_132369418_132370280_rc,reverse,noSNP,4,0.00029400955531054757,48,0.0017976854799445713,LR3TGE,L4TGE,LR3TGE / L4TGE,-2.6122056828856266,2_33
4277,2_39_chr14_100375283_100375730_rc__2_35_chr14_100375283_100375730_rc,forward,SNP,109,0.008011760382212421,287,0.01074866109883525,LR3TGE,L4TGE,LR3TGE / L4TGE,-0.4239657840632319,2_39
4278,2_39_chr14_100375283_100375730_rc__2_35_chr14_100375283_100375730_rc,forward,noSNP,145,0.01065784638000735,279,0.010449046852177821,LR3TGE,L4TGE,LR3TGE / L4TGE,0.028544596021276805,2_39
4279,2_39_chr14_100375283_100375730_rc__2_35_chr14_100375283_100375730_rc,reverse,SNP,41,0.003013597941933113,179,0.006703868768959964,LR3TGE,L4TGE,LR3TGE / L4TGE,-1.1535069548106427,2_39
4280,2_39_chr14_100375283_100375730_rc__2_35_chr14_100375283_100375730_rc,reverse,noSNP,37,0.0027195883866225653,237,0.008876072057226321,LR3TGE,L4TGE,LR3TGE / L4TGE,-1.7065330654337796,2_39
4281,2_3_chr10_71888998_71889183_rc,forward,SNP,10,0.000735023888276369,27,0.0010111980824688213,LR3TGE,L4TGE,LR3TGE / L4TGE,-0.4602025894405761,2_3
4282,2_3_chr10_71888998_71889183_rc,forward,noSNP,12,0.0008820286659316428,12,0.00044942136998614283,LR3TGE,L4TGE,LR3TGE / L4TGE,0.9727568178355299,2_3
4283,2_3_chr10_71888998_71889183_rc,reverse,SNP,3,0.0002205071664829107,11,0.00041196958915396426,LR3TGE,L4TGE,LR3TGE / L4TGE,-0.9017123000806111,2_3
4284,2_40_chr2_27890876_27891263_rc__2_36_chr2_27890876_27891263_rc,forward,SNP,20,0.001470047776552738,45,0.0016853301374480357,LR3TGE,L4TGE,LR3TGE / L4TGE,-0.19716818360678245,2_40
4285,2_40_chr2_27890876_27891263_rc__2_36_chr2_27890876_27891263_rc,forward,noSNP,11,0.0008085262771040059,33,0.0012359087674618928,LR3TGE,L4TGE,LR3TGE / L4TGE,-0.6122056828856262,2_40
4286,2_40_chr2_27890876_27891263_rc__2_36_chr2_27890876_27891263_rc,reverse,SNP,31,0.0022785740536567438,64,0.0023969139732594284,LR3TGE,L4TGE,LR3TGE / L4TGE,-0.07304687177759496,2_40
4287,2_40_chr2_27890876_27891263_rc__2_36_chr2_27890876_27891263_rc,reverse,noSNP,20,0.001470047776552738,30,0.0011235534249653572,LR3TGE,L4TGE,LR3TGE / L4TGE,0.38779431711437357,2_40
4288,2_41_chr2_29114692_29115684_fw__2_37_chr2_29114692_29115684_fw,forward,SNP,14,0.0010290334435869165,102,0.003820081644882214,LR3TGE,L4TGE,LR3TGE / L4TGE,-1.8923136020783617,2_41
4289,2_41_chr2_29114692_29115684_fw__2_37_chr2_29114692_29115684_fw,forward,noSNP,4,0.00029400955531054757,34,0.0012733605482940715,LR3TGE,L4TGE,LR3TGE / L4TGE,-2.1147060234148096,2_41
4290,2_41_chr2_29114692_29115684_fw__2_37_chr2_29114692_29115684_fw,reverse,SNP,31,0.0022785740536567438,90,0.0033706602748960713,LR3TGE,L4TGE,LR3TGE / L4TGE,-0.5648999681072696,2_41
4291,2_41_chr2_29114692_29115684_fw__2_37_chr2_29114692_29115684_fw,reverse,noSNP,11,0.0008085262771040059,34,0.0012733605482940715,LR3TGE,L4TGE,LR3TGE / L4TGE,-0.6552744047775123,2_41
4292,2_42_chr7_158818580_158818984_rc__2_38_chr7_158818580_158818984_rc,forward,SNP,64,0.004704152884968761,93,0.003483015617392607,LR3TGE,L4TGE,LR3TGE / L4TGE,0.4335980067274983,2_42
4293,2_42_chr7_158818580_158818984_rc__2_38_chr7_158818580_158818984_rc,forward,noSNP,68,0.004998162440279309,115,0.004306954795700536,LR3TGE,L4TGE,LR3TGE / L4TGE,0.21472960814149397,2_42
4294,2_42_chr7_158818580_158818984_rc__2_38_chr7_158818580_158818984_rc,reverse,SNP,20,0.001470047776552738,75,0.0028088835624133926,LR3TGE,L4TGE,LR3TGE / L4TGE,-0.9341337777729887,2_42
4295,2_42_chr7_158818580_158818984_rc__2_38_chr7_158818580_158818984_rc,reverse,noSNP,10,0.000735023888276369,96,0.0035953709598891426,LR3TGE,L4TGE,LR3TGE / L4TGE,-2.290277587998264,2_42
4296,2_5_chr12_2959230_2960351_fw,forward,SNP,6,0.0004410143329658214,30,0.0011235534249653572,LR3TGE,L4TGE,LR3TGE / L4TGE,-1.3491712770518325,2_5
4297,2_5_chr12_2959230_2960351_fw,forward,noSNP,1,7.350238882763689e-05,30,0.0011235534249653572,LR3TGE,L4TGE,LR3TGE / L4TGE,-3.934133777772989,2_5
4298,2_5_chr12_2959230_2960351_fw,reverse,SNP,8,0.0005880191106210951,27,0.0010111980824688213,LR3TGE,L4TGE,LR3TGE / L4TGE,-0.7821306843279385,2_5
4299,2_5_chr12_2959230_2960351_fw,reverse,noSNP,6,0.0004410143329658214,31,0.0011610052057975356,LR3TGE,L4TGE,LR3TGE / L4TGE,-1.396476991830189,2_5
4300,2_6_chr12_57611320_57611561_fw,forward,noSNP,3,0.0002205071664829107,27,0.0010111980824688213,LR3TGE,L4TGE,LR3TGE / L4TGE,-2.1971681836067822,2_6
4301,2_6_chr12_57611320_57611561_fw,reverse,noSNP,12,0.0008820286659316428,19,0.0007115838358113929,LR3TGE,L4TGE,LR3TGE / L4TGE,0.30979180511310045,2_6
4302,2_7_chr14_75069209_75069609_rc,forward,SNP,150,0.011025358324145534,251,0.00940039698887682,LR3TGE,L4TGE,LR3TGE / L4TGE,0.23003195438063867,2_7
4303,2_7_chr14_75069209_75069609_rc,forward,noSNP,17,0.0012495406100698273,37,0.0013857158907906071,LR3TGE,L4TGE,LR3TGE / L4TGE,-0.14923370654308046,2_7
4304,2_7_chr14_75069209_75069609_rc,reverse,SNP,74,0.005439176773245131,215,0.008052132878918393,LR3TGE,L4TGE,LR3TGE / L4TGE,-0.5659826661249807,2_7
4305,2_7_chr14_75069209_75069609_rc,reverse,noSNP,7,0.0005145167217934582,34,0.0012733605482940715,LR3TGE,L4TGE,LR3TGE / L4TGE,-1.3073511013572057,2_7
4306,3,reverse,SNP,7,0.0005145167217934582,61,0.0022845586307628928,LR3TGE,L4TGE,LR3TGE / L4TGE,-2.1506255976697526,3
4307,4,forward,any_SNP,41,0.003013597941933113,1020,0.038200816448822145,LR3TGE,L4TGE,LR3TGE / L4TGE,-3.6640446144052445,4
4308,4,reverse,any_SNP,202,0.014847482543182654,722,0.02704018576083293,LR3TGE,L4TGE,LR3TGE / L4TGE,-0.8648867262998464,4
4309,8,any_orientation,any_SNP,40,0.002940095553105476,311,0.011647503838807536,LR3TGE,L4TGE,LR3TGE / L4TGE,-1.9860858574077103,8
4310,9,any_orientation,any_SNP,18,0.001323042998897464,1569,0.058761844125688176,LR3TGE,L4TGE,LR3TGE / L4TGE,-5.4729478176902555,9
4311,CMV,any_orientation,any_SNP,147,0.010804851157662623,70,0.0026216246582524997,LR3TGE,L4TGE,LR3TGE / L4TGE,2.043146145726928,CMV
4312,SV40,any_orientation,any_SNP,36,0.002646085997794928,23,0.0008613909591401071,LR3TGE,L4TGE,LR3TGE / L4TGE,1.6191198632208292,SV40
4313,1_11_chr11_65418158_65418613_bi,forward,noSNP,8,0.0005880191106210951,9,0.0003250388240817653,LR3TGE,L5TGE,LR3TGE / L5TGE,0.8552509930713875,1_11
4314,1_11_chr11_65418158_65418613_bi,reverse,noSNP,12,0.0008820286659316428,8,0.0002889233991837914,LR3TGE,L5TGE,LR3TGE / L5TGE,1.6101384952348563,1_11
4315,1_15_chr15_40098659_40099167_bi,reverse,noSNP,28,0.002058066887173833,11,0.0003972696738777132,LR3TGE,L5TGE,LR3TGE / L5TGE,2.3730992979340066,1_15
4316,1_16_chr16_30805349_30805831_bi,forward,noSNP,360,0.026460859977949284,412,0.014879555057965257,LR3TGE,L5TGE,LR3TGE / L5TGE,0.8305285636601565,1_16
4317,1_16_chr16_30805349_30805831_bi,reverse,noSNP,214,0.015729511209114297,350,0.012640398714290874,LR3TGE,L5TGE,LR3TGE / L5TGE,0.31543186908251836,1_16
4318,1_17_chr16_73068918_73069480_bi,forward,noSNP,134,0.009849320102903344,75,0.0027086568673480443,LR3TGE,L5TGE,LR3TGE / L5TGE,1.8624464944755914,1_17
4319,1_17_chr16_73068918_73069480_bi,reverse,noSNP,43,0.0031606027195883865,52,0.001878002094694644,LR3TGE,L5TGE,LR3TGE / L5TGE,0.7510010310747058,1_17
4320,1_18_chr16_74297506_74297928_bi,forward,noSNP,145,0.01065784638000735,182,0.0065730073314312545,LR3TGE,L5TGE,LR3TGE / L5TGE,0.6972904443299383,1_18
4321,1_18_chr16_74297506_74297928_bi,reverse,noSNP,88,0.006468210216832047,190,0.0068619307306150455,LR3TGE,L5TGE,LR3TGE / L5TGE,-0.08524799517995048,1_18
4322,1_19_chr16_807619_808176_bi,forward,SNP,16,0.0011760382212421903,15,0.0005417313734696089,LR3TGE,L5TGE,LR3TGE / L5TGE,1.1182853989051813,1_19
4323,1_19_chr16_807619_808176_bi,forward,noSNP,8,0.0005880191106210951,10,0.00036115424897973926,LR3TGE,L5TGE,LR3TGE / L5TGE,0.7032478996263376,1_19
4324,1_19_chr16_807619_808176_bi,reverse,SNP,20,0.001470047776552738,23,0.0008306547726534003,LR3TGE,L5TGE,LR3TGE / L5TGE,0.8235421333440496,1_19
4325,1_19_chr16_807619_808176_bi,reverse,noSNP,73,0.0053656743844174935,26,0.000939001047347322,LR3TGE,L5TGE,LR3TGE / L5TGE,2.514560835252625,1_19
4326,1_20_chr16_87853532_87854041_bi,forward,SNP,11,0.0008085262771040059,10,0.00036115424897973926,LR3TGE,L5TGE,LR3TGE / L5TGE,1.162679518263635,1_20
4327,1_20_chr16_87853532_87854041_bi,reverse,SNP,30,0.002205071664829107,24,0.0008667701975513742,LR3TGE,L5TGE,LR3TGE / L5TGE,1.3471040894010622,1_20
4328,1_20_chr16_87853532_87854041_bi,reverse,noSNP,57,0.004189636163175303,24,0.0008667701975513742,LR3TGE,L5TGE,LR3TGE / L5TGE,2.2731035079572854,1_20
4329,1_23_chr2_70142583_70143144_bi,forward,SNP,89,0.006541712605659684,46,0.0016613095453068005,LR3TGE,L5TGE,LR3TGE / L5TGE,1.9773474694230848,1_23
4330,1_23_chr2_70142583_70143144_bi,forward,noSNP,741,0.05446527012127894,671,0.024233450106540502,LR3TGE,L5TGE,LR3TGE / L5TGE,1.1683367706193506,1_23
4331,1_23_chr2_70142583_70143144_bi,reverse,SNP,6,0.0004410143329658214,7,0.00025280797428581746,LR3TGE,L5TGE,LR3TGE / L5TGE,0.8027835731772524,1_23
4332,1_23_chr2_70142583_70143144_bi,reverse,noSNP,125,0.009187798603454611,525,0.01896059807143631,LR3TGE,L5TGE,LR3TGE / L5TGE,-1.045213333377698,1_23
4333,1_24_chr21_29002584_29003015_bi,forward,noSNP,86,0.006321205439176773,80,0.002889233991837914,LR3TGE,L5TGE,LR3TGE / L5TGE,1.1295126543284355,1_24
4334,1_24_chr21_29002584_29003015_bi,reverse,noSNP,36,0.002646085997794928,70,0.0025280797428581746,LR3TGE,L5TGE,LR3TGE / L5TGE,0.06581797901104597,1_24
4335,1_25_chr22_36465359_36465803_bi,forward,noSNP,58,0.00426313855200294,53,0.001914117519592618,LR3TGE,L5TGE,LR3TGE / L5TGE,1.1552365350780731,1_25
4336,1_25_chr22_36465359_36465803_bi,reverse,noSNP,17,0.0012495406100698273,65,0.002347502618368305,LR3TGE,L5TGE,LR3TGE / L5TGE,-0.9097289772644149,1_25
4337,1_26_chr22_40651538_40652054_bi,forward,noSNP,79,0.005806688717383315,544,0.019646791144497817,LR3TGE,L5TGE,LR3TGE / L5TGE,-1.7585060985595367,1_26
4338,1_26_chr22_40651538_40652054_bi,reverse,noSNP,254,0.01866960676221977,655,0.023655603308172922,LR3TGE,L5TGE,LR3TGE / L5TGE,-0.3414904151389469,1_26
4339,1_28_chr7_1532728_1533226_bi,forward,noSNP,13,0.0009555310547592797,7,0.00025280797428581746,LR3TGE,L5TGE,LR3TGE / L5TGE,1.9182607905971882,1_28
4340,1_28_chr7_1532728_1533226_bi,reverse,noSNP,8,0.0005880191106210951,10,0.00036115424897973926,LR3TGE,L5TGE,LR3TGE / L5TGE,0.7032478996263376,1_28
4341,1_29_chr7_25856979_25857429_bi,forward,SNP,18,0.001323042998897464,23,0.0008306547726534003,LR3TGE,L5TGE,LR3TGE / L5TGE,0.6715390398989994,1_29
4342,1_29_chr7_25856979_25857429_bi,reverse,SNP,50,0.003675119441381845,45,0.0016251941204088265,LR3TGE,L5TGE,LR3TGE / L5TGE,1.1771790879587503,1_29
4343,1_30_chr9_126805681_126806202_bi,forward,noSNP,85,0.006247703050349137,126,0.004550543537144715,LR3TGE,L5TGE,LR3TGE / L5TGE,0.45728700715148535,1_30
4344,1_30_chr9_126805681_126806202_bi,reverse,noSNP,115,0.008452774715178243,157,0.005670121708981906,LR3TGE,L5TGE,LR3TGE / L5TGE,0.5760452965664481,1_30
4345,1_5_chr1_33127099_33127603_bi,forward,noSNP,101,0.007423741271591327,272,0.009823395572248908,LR3TGE,L5TGE,LR3TGE / L5TGE,-0.4040753639848447,1_5
4346,1_5_chr1_33127099_33127603_bi,reverse,noSNP,2,0.00014700477765527378,271,0.009787280147350934,LR3TGE,L5TGE,LR3TGE / L5TGE,-6.056973046840172,1_5
4347,1_7_chr10_110211049_110211924_bi,forward,noSNP,55,0.00404263138552003,161,0.005814583408573802,LR3TGE,L5TGE,LR3TGE / L5TGE,-0.5243811700762574,1_7
4348,1_7_chr10_110211049_110211924_bi,reverse,noSNP,55,0.00404263138552003,26,0.000939001047347322,LR3TGE,L5TGE,LR3TGE / L5TGE,2.1060959898972675,1_7
4349,1_8_chr10_4663047_4663594_bi,forward,noSNP,773,0.056817346563763325,282,0.010184549821228647,LR3TGE,L5TGE,LR3TGE / L5TGE,2.479949246039754,1_8
4350,1_8_chr10_4663047_4663594_bi,reverse,noSNP,1358,0.0998162440279309,367,0.01325436093755643,LR3TGE,L5TGE,LR3TGE / L5TGE,2.912807505915219,1_8
4351,1_9_chr10_71860316_71860874_bi,forward,noSNP,28,0.002058066887173833,35,0.0012640398714290873,LR3TGE,L5TGE,LR3TGE / L5TGE,0.7032478996263376,1_9
4352,1_9_chr10_71860316_71860874_bi,reverse,noSNP,55,0.00404263138552003,44,0.0015890786955108527,LR3TGE,L5TGE,LR3TGE / L5TGE,1.3471040894010624,1_9
4353,22,any_orientation,any_SNP,309,0.022712238147739802,4173,0.1507096680992452,LR3TGE,L5TGE,LR3TGE / L5TGE,-2.7302301828453204,22
4354,2_10_chr16_3305171_3305501_rc,forward,noSNP,360,0.026460859977949284,300,0.010834627469392177,LR3TGE,L5TGE,LR3TGE / L5TGE,1.2882104003474941,2_10
4355,2_10_chr16_3305171_3305501_rc,reverse,SNP,89,0.006541712605659684,173,0.006247968507349489,LR3TGE,L5TGE,LR3TGE / L5TGE,0.06628119784337291,2_10
4356,2_10_chr16_3305171_3305501_rc,reverse,noSNP,119,0.008746784270488792,191,0.00689804615551302,LR3TGE,L5TGE,LR3TGE / L5TGE,0.342564929785895,2_10
4357,2_11_chr16_4538333_4538583_rc,reverse,SNP,4,0.00029400955531054757,15,0.0005417313734696089,LR3TGE,L5TGE,LR3TGE / L5TGE,-0.8817146010948186,2_11
4358,2_12_chr17_58692543_58692822_fw,forward,noSNP,2,0.00014700477765527378,77,0.0027808877171439923,LR3TGE,L5TGE,LR3TGE / L5TGE,-4.241610546181201,2_12
4359,2_12_chr17_58692543_58692822_fw,reverse,noSNP,2,0.00014700477765527378,72,0.0026003105926541226,LR3TGE,L5TGE,LR3TGE / L5TGE,-4.144749006928612,2_12
4360,2_13_chr19_41397182_41397493_rc,forward,SNP,28,0.002058066887173833,191,0.00689804615551302,LR3TGE,L5TGE,LR3TGE / L5TGE,-1.7448979114644445,2_13
4361,2_13_chr19_41397182_41397493_rc,forward,noSNP,51,0.0037486218302094816,283,0.010220665246126621,LR3TGE,L5TGE,LR3TGE / L5TGE,-1.4470569063466867,2_13
4362,2_13_chr19_41397182_41397493_rc,reverse,SNP,85,0.006247703050349137,168,0.006067391382859619,LR3TGE,L5TGE,LR3TGE / L5TGE,0.04224950787264177,2_13
4363,2_13_chr19_41397182_41397493_rc,reverse,noSNP,123,0.009040793825799339,248,0.008956625374697533,LR3TGE,L5TGE,LR3TGE / L5TGE,0.01349418946606499,2_13
4364,2_15_chr3_122793601_122793905_rc,forward,SNP,26,0.0019110621095185594,116,0.004189389288164975,LR3TGE,L5TGE,LR3TGE / L5TGE,-1.13236528247278,2_15
4365,2_15_chr3_122793601_122793905_rc,forward,noSNP,29,0.00213156927600147,104,0.003756004189389288,LR3TGE,L5TGE,LR3TGE / L5TGE,-0.8172827284998199,2_15
4366,2_15_chr3_122793601_122793905_rc,reverse,SNP,20,0.001470047776552738,83,0.002997580266531836,LR3TGE,L5TGE,LR3TGE / L5TGE,-1.0279353419458623,2_15
4367,2_15_chr3_122793601_122793905_rc,reverse,noSNP,19,0.001396545387725101,60,0.0021669254938784356,LR3TGE,L5TGE,LR3TGE / L5TGE,-0.6337870876512331,2_15
4368,2_16_chr6_108562603_108562763_rc,forward,noSNP,21,0.0015435501653803748,10,0.00036115424897973926,LR3TGE,L5TGE,LR3TGE / L5TGE,2.095565322405098,2_16
4369,2_16_chr6_108562603_108562763_rc,reverse,noSNP,13,0.0009555310547592797,9,0.0003250388240817653,LR3TGE,L5TGE,LR3TGE / L5TGE,1.55569071121248,2_16
4370,2_17_chr7_149685_149919_fw,forward,SNP,4,0.00029400955531054757,77,0.0027808877171439923,LR3TGE,L5TGE,LR3TGE / L5TGE,-3.2416105461812017,2_17
4371,2_17_chr7_149685_149919_fw,forward,noSNP,12,0.0008820286659316428,71,0.002564195167756149,LR3TGE,L5TGE,LR3TGE / L5TGE,-1.539608624269826,2_17
4372,2_17_chr7_149685_149919_fw,reverse,SNP,35,0.0025725836089672913,75,0.0027086568673480443,LR3TGE,L5TGE,LR3TGE / L5TGE,-0.0743596790372145,2_17
4373,2_17_chr7_149685_149919_fw,reverse,noSNP,16,0.0011760382212421903,56,0.0020224637942865397,LR3TGE,L5TGE,LR3TGE / L5TGE,-0.7821789275439042,2_17
4374,2_19_chr7_27168362_27168894_fw,forward,SNP,175,0.012862918044836457,157,0.005670121708981906,LR3TGE,L5TGE,LR3TGE / L5TGE,1.1817663574544017,2_19
4375,2_19_chr7_27168362_27168894_fw,forward,noSNP,74,0.005439176773245131,135,0.00487558236122648,LR3TGE,L5TGE,LR3TGE / L5TGE,0.15781376309181883,2_19
4376,2_19_chr7_27168362_27168894_fw,reverse,SNP,260,0.019110621095185593,206,0.007439777528982628,LR3TGE,L5TGE,LR3TGE / L5TGE,1.3610432803589363,2_19
4377,2_19_chr7_27168362_27168894_fw,reverse,noSNP,1,7.350238882763689e-05,181,0.00653689190653328,LR3TGE,L5TGE,LR3TGE / L5TGE,-6.474669892569506,2_19
4378,2_1_chr10_24208466_24209279_fw,forward,SNP,23,0.0016905549430356486,107,0.00386435046408321,LR3TGE,L5TGE,LR3TGE / L5TGE,-1.192729035830434,2_1
4379,2_1_chr10_24208466_24209279_fw,forward,noSNP,13,0.0009555310547592797,78,0.002817003142041966,LR3TGE,L5TGE,LR3TGE / L5TGE,-1.559786506207456,2_1
4380,2_1_chr10_24208466_24209279_fw,reverse,SNP,23,0.0016905549430356486,166,0.005995160533063672,LR3TGE,L5TGE,LR3TGE / L5TGE,-1.826301480776212,2_1
4381,2_20_chr7_7566677_7567687_fw,forward,SNP,16,0.0011760382212421903,34,0.0012279244465311135,LR3TGE,L5TGE,LR3TGE / L5TGE,-0.06228684673663958,2_20
4382,2_20_chr7_7566677_7567687_fw,forward,noSNP,7,0.0005145167217934582,11,0.0003972696738777132,LR3TGE,L5TGE,LR3TGE / L5TGE,0.3730992979340067,2_20
4383,2_20_chr7_7566677_7567687_fw,reverse,noSNP,26,0.0019110621095185594,158,0.00570623713387988,LR3TGE,L5TGE,LR3TGE / L5TGE,-1.5781650355223105,2_20
4384,2_22_chr10_122375105_122375476_rc__2_21_chr10_122375073_122375541_fw,forward,SNP,1,7.350238882763689e-05,80,0.002889233991837914,LR3TGE,L5TGE,LR3TGE / L5TGE,-5.296752100373663,2_22
4385,2_22_chr10_122375105_122375476_rc__2_21_chr10_122375073_122375541_fw,forward,noSNP,11,0.0008085262771040059,70,0.0025280797428581746,LR3TGE,L5TGE,LR3TGE / L5TGE,-1.644675403793969,2_22
4386,2_22_chr10_122375105_122375476_rc__2_21_chr10_122375073_122375541_fw,reverse,SNP,10,0.000735023888276369,39,0.001408501571020983,LR3TGE,L5TGE,LR3TGE / L5TGE,-0.9382981294611858,2_22
4387,2_22_chr10_122375105_122375476_rc__2_21_chr10_122375073_122375541_fw,reverse,noSNP,20,0.001470047776552738,52,0.001878002094694644,LR3TGE,L5TGE,LR3TGE / L5TGE,-0.3533356287400295,2_22
4388,2_23_chr12_53046798_53047380_fw__2_24_chr12_53046888_53047426_rc,forward,SNP,17,0.0012495406100698273,41,0.001480732420816931,LR3TGE,L5TGE,LR3TGE / L5TGE,-0.24491316885404438,2_23
4389,2_23_chr12_53046798_53047380_fw__2_24_chr12_53046888_53047426_rc,forward,noSNP,7,0.0005145167217934582,54,0.001950232944490592,LR3TGE,L5TGE,LR3TGE / L5TGE,-1.9223565855921645,2_23
4390,2_23_chr12_53046798_53047380_fw__2_24_chr12_53046888_53047426_rc,reverse,SNP,8,0.0005880191106210951,48,0.0017335403951027485,LR3TGE,L5TGE,LR3TGE / L5TGE,-1.5597865062074563,2_23
4391,2_23_chr12_53046798_53047380_fw__2_24_chr12_53046888_53047426_rc,reverse,noSNP,4,0.00029400955531054757,51,0.0018418866697966702,LR3TGE,L5TGE,LR3TGE / L5TGE,-2.6472493474577954,2_23
4392,2_32_chr22_44023936_44024267_rc__2_31_chr22_44023811_44024452_fw,forward,SNP,18,0.001323042998897464,68,0.002455848893062227,LR3TGE,L5TGE,LR3TGE / L5TGE,-0.8923618452943272,2_32
4393,2_32_chr22_44023936_44024267_rc__2_31_chr22_44023811_44024452_fw,forward,noSNP,18,0.001323042998897464,50,0.0018057712448986962,LR3TGE,L5TGE,LR3TGE / L5TGE,-0.4487551938187124,2_32
4394,2_32_chr22_44023936_44024267_rc__2_31_chr22_44023811_44024452_fw,reverse,SNP,37,0.0027195883866225653,62,0.002239156343674383,LR3TGE,L5TGE,LR3TGE / L5TGE,0.2804330497557749,2_32
4395,2_32_chr22_44023936_44024267_rc__2_31_chr22_44023811_44024452_fw,reverse,noSNP,43,0.0031606027195883865,76,0.002744772292246018,LR3TGE,L5TGE,LR3TGE / L5TGE,0.20351323577221242,2_32
4396,2_33_chr5_132369336_132370461_fw__2_34_chr5_132369418_132370280_rc,forward,SNP,20,0.001470047776552738,24,0.0008667701975513742,LR3TGE,L5TGE,LR3TGE / L5TGE,0.7621415886799063,2_33
4397,2_33_chr5_132369336_132370461_fw__2_34_chr5_132369418_132370280_rc,forward,noSNP,26,0.0019110621095185594,37,0.0013362707212250353,LR3TGE,L5TGE,LR3TGE / L5TGE,0.5161623470258424,2_33
4398,2_33_chr5_132369336_132370461_fw__2_34_chr5_132369418_132370280_rc,reverse,noSNP,4,0.00029400955531054757,34,0.0012279244465311135,LR3TGE,L5TGE,LR3TGE / L5TGE,-2.0622868467366398,2_33
4399,2_39_chr14_100375283_100375730_rc__2_35_chr14_100375283_100375730_rc,forward,SNP,109,0.008011760382212421,295,0.010654050344902308,LR3TGE,L5TGE,LR3TGE / L5TGE,-0.41121082495857747,2_39
4400,2_39_chr14_100375283_100375730_rc__2_35_chr14_100375283_100375730_rc,forward,noSNP,145,0.01065784638000735,289,0.010437357795514465,LR3TGE,L5TGE,LR3TGE / L5TGE,0.03015940202795562,2_39
4401,2_39_chr14_100375283_100375730_rc__2_35_chr14_100375283_100375730_rc,reverse,SNP,41,0.003013597941933113,167,0.006031275957961646,LR3TGE,L5TGE,LR3TGE / L5TGE,-1.0009762933422686,2_39
4402,2_39_chr14_100375283_100375730_rc__2_35_chr14_100375283_100375730_rc,reverse,noSNP,37,0.0027195883866225653,218,0.007873162627758315,LR3TGE,L5TGE,LR3TGE / L5TGE,-1.5335549646342763,2_39
4403,2_3_chr10_71888998_71889183_rc,forward,SNP,10,0.000735023888276369,37,0.0013362707212250353,LR3TGE,L5TGE,LR3TGE / L5TGE,-0.8623492762278874,2_3
4404,2_3_chr10_71888998_71889183_rc,forward,noSNP,12,0.0008820286659316428,14,0.0005056159485716349,LR3TGE,L5TGE,LR3TGE / L5TGE,0.8027835731772524,2_3
4405,2_40_chr2_27890876_27891263_rc__2_36_chr2_27890876_27891263_rc,forward,SNP,20,0.001470047776552738,54,0.001950232944490592,LR3TGE,L5TGE,LR3TGE / L5TGE,-0.40778341276240604,2_40
4406,2_40_chr2_27890876_27891263_rc__2_36_chr2_27890876_27891263_rc,forward,noSNP,11,0.0008085262771040059,40,0.001444616995918957,LR3TGE,L5TGE,LR3TGE / L5TGE,-0.837320481736365,2_40
4407,2_40_chr2_27890876_27891263_rc__2_36_chr2_27890876_27891263_rc,reverse,SNP,31,0.0022785740536567438,47,0.0016974249702047745,LR3TGE,L5TGE,LR3TGE / L5TGE,0.42478345322293776,2_40
4408,2_40_chr2_27890876_27891263_rc__2_36_chr2_27890876_27891263_rc,reverse,noSNP,20,0.001470047776552738,32,0.0011556935967351656,LR3TGE,L5TGE,LR3TGE / L5TGE,0.34710408940106247,2_40
4409,2_41_chr2_29114692_29115684_fw__2_37_chr2_29114692_29115684_fw,forward,SNP,14,0.0010290334435869165,91,0.0032865036657156272,LR3TGE,L5TGE,LR3TGE / L5TGE,-1.6752637236273924,2_41
4410,2_41_chr2_29114692_29115684_fw__2_37_chr2_29114692_29115684_fw,forward,noSNP,4,0.00029400955531054757,37,0.0013362707212250353,LR3TGE,L5TGE,LR3TGE / L5TGE,-2.18427737111525,2_41
4411,2_41_chr2_29114692_29115684_fw__2_37_chr2_29114692_29115684_fw,reverse,SNP,31,0.0022785740536567438,80,0.002889233991837914,LR3TGE,L5TGE,LR3TGE / L5TGE,-0.34255578998678715,2_41
4412,2_41_chr2_29114692_29115684_fw__2_37_chr2_29114692_29115684_fw,reverse,noSNP,11,0.0008085262771040059,51,0.0018418866697966702,LR3TGE,L5TGE,LR3TGE / L5TGE,-1.1878177288204983,2_41
4413,2_42_chr7_158818580_158818984_rc__2_38_chr7_158818580_158818984_rc,forward,noSNP,68,0.004998162440279309,275,0.00993174184694283,LR3TGE,L5TGE,LR3TGE / L5TGE,-0.9906489726479826,2_42
4414,2_42_chr7_158818580_158818984_rc__2_38_chr7_158818580_158818984_rc,reverse,SNP,20,0.001470047776552738,254,0.009173317924085376,LR3TGE,L5TGE,LR3TGE / L5TGE,-2.6415805973711035,2_42
4415,2_42_chr7_158818580_158818984_rc__2_38_chr7_158818580_158818984_rc,reverse,noSNP,10,0.000735023888276369,230,0.008306547726534002,LR3TGE,L5TGE,LR3TGE / L5TGE,-3.4983859615433124,2_42
4416,2_5_chr12_2959230_2960351_fw,forward,SNP,6,0.0004410143329658214,33,0.0011918090216331396,LR3TGE,L5TGE,LR3TGE / L5TGE,-1.4342556241235973,2_5
4417,2_5_chr12_2959230_2960351_fw,forward,noSNP,1,7.350238882763689e-05,34,0.0012279244465311135,LR3TGE,L5TGE,LR3TGE / L5TGE,-4.062286846736639,2_5
4418,2_5_chr12_2959230_2960351_fw,reverse,SNP,8,0.0005880191106210951,41,0.001480732420816931,LR3TGE,L5TGE,LR3TGE / L5TGE,-1.332376010104384,2_5
4419,2_5_chr12_2959230_2960351_fw,reverse,noSNP,6,0.0004410143329658214,38,0.001372386146123009,LR3TGE,L5TGE,LR3TGE / L5TGE,-1.6377890182087291,2_5
4420,2_6_chr12_57611320_57611561_fw,forward,noSNP,3,0.0002205071664829107,59,0.0021308100689804614,LR3TGE,L5TGE,LR3TGE / L5TGE,-3.272504554126985,2_6
4421,2_6_chr12_57611320_57611561_fw,reverse,noSNP,12,0.0008820286659316428,44,0.0015890786955108527,LR3TGE,L5TGE,LR3TGE / L5TGE,-0.8492931234024411,2_6
4422,2_7_chr14_75069209_75069609_rc,forward,SNP,150,0.011025358324145534,320,0.011556935967351656,LR3TGE,L5TGE,LR3TGE / L5TGE,-0.06793340987778151,2_7
4423,2_7_chr14_75069209_75069609_rc,forward,noSNP,17,0.0012495406100698273,29,0.0010473473220412438,LR3TGE,L5TGE,LR3TGE / L5TGE,0.25465784063646735,2_7
4424,2_7_chr14_75069209_75069609_rc,reverse,SNP,74,0.005439176773245131,221,0.007981508902452238,LR3TGE,L5TGE,LR3TGE / L5TGE,-0.5532731992487818,2_7
4425,2_7_chr14_75069209_75069609_rc,reverse,noSNP,7,0.0005145167217934582,42,0.0015168478457149048,LR3TGE,L5TGE,LR3TGE / L5TGE,-1.5597865062074563,2_7
4426,3,reverse,SNP,7,0.0005145167217934582,70,0.0025280797428581746,LR3TGE,L5TGE,LR3TGE / L5TGE,-2.2967521003736624,3
4427,4,forward,any_SNP,41,0.003013597941933113,1009,0.03644046372205569,LR3TGE,L5TGE,LR3TGE / L5TGE,-3.5959824599745738,4
4428,4,reverse,any_SNP,202,0.014847482543182654,687,0.024811296904908086,LR3TGE,L5TGE,LR3TGE / L5TGE,-0.7407788115526052,4
4429,8,any_orientation,any_SNP,40,0.002940095553105476,358,0.012929322113474665,LR3TGE,L5TGE,LR3TGE / L5TGE,-2.136711687863194,8
4430,9,any_orientation,any_SNP,18,0.001323042998897464,1641,0.05926541225757521,LR3TGE,L5TGE,LR3TGE / L5TGE,-5.485258527557701,9
4431,CMV,any_orientation,any_SNP,147,0.010804851157662623,76,0.002744772292246018,LR3TGE,L5TGE,LR3TGE / L5TGE,1.976920825906479,CMV
4432,SV40,any_orientation,any_SNP,36,0.002646085997794928,19,0.0006861930730615045,LR3TGE,L5TGE,LR3TGE / L5TGE,1.947173482512427,SV40
4433,1_11_chr11_65418158_65418613_bi,forward,noSNP,8,0.0005880191106210951,16,0.0003843474500948858,LR3TGE,L6TGE,LR3TGE / L6TGE,0.6134519462967668,1_11
4434,1_11_chr11_65418158_65418613_bi,reverse,noSNP,12,0.0008820286659316428,21,0.0005044560282495376,LR3TGE,L6TGE,LR3TGE / L6TGE,0.8060970242391629,1_11
4435,1_14_chr14_60655620_60656040_bi,reverse,noSNP,3,0.0002205071664829107,16,0.0003843474500948858,LR3TGE,L6TGE,LR3TGE / L6TGE,-0.8015855529820768,1_14
4436,1_15_chr15_40098659_40099167_bi,forward,noSNP,18,0.001323042998897464,6,0.00014413029378558217,LR3TGE,L6TGE,LR3TGE / L6TGE,3.1984144470179228,1_15
4437,1_15_chr15_40098659_40099167_bi,reverse,noSNP,28,0.002058066887173833,15,0.0003603257344639554,LR3TGE,L6TGE,LR3TGE / L6TGE,2.5139162727458526,1_15
4438,1_16_chr16_30805349_30805831_bi,forward,noSNP,360,0.026460859977949284,614,0.014749333397391241,LR3TGE,L6TGE,LR3TGE / L6TGE,0.8432101972562623,1_16
4439,1_16_chr16_30805349_30805831_bi,reverse,noSNP,214,0.015729511209114297,551,0.01323596531264263,LR3TGE,L6TGE,LR3TGE / L6TGE,0.24901042412675625,1_16
4440,1_17_chr16_73068918_73069480_bi,forward,noSNP,134,0.009849320102903344,114,0.0027384755819260614,LR3TGE,L6TGE,LR3TGE / L6TGE,1.8466511225897975,1_17
4441,1_17_chr16_73068918_73069480_bi,reverse,noSNP,43,0.0031606027195883865,43,0.0010329337721300055,LR3TGE,L6TGE,LR3TGE / L6TGE,1.613451946296767,1_17
4442,1_18_chr16_74297506_74297928_bi,forward,noSNP,145,0.01065784638000735,291,0.006990319248600735,LR3TGE,L6TGE,LR3TGE / L6TGE,0.6084856934034176,1_18
4443,1_18_chr16_74297506_74297928_bi,reverse,noSNP,88,0.006468210216832047,16,0.0003843474500948858,LR3TGE,L6TGE,LR3TGE / L6TGE,4.072883564934064,1_18
4444,1_19_chr16_807619_808176_bi,forward,SNP,16,0.0011760382212421903,17,0.00040836916572581616,LR3TGE,L6TGE,LR3TGE / L6TGE,1.5259891050464274,1_19
4445,1_19_chr16_807619_808176_bi,forward,noSNP,8,0.0005880191106210951,14,0.00033630401883302503,LR3TGE,L6TGE,LR3TGE / L6TGE,0.8060970242391629,1_19
4446,1_19_chr16_807619_808176_bi,reverse,SNP,20,0.001470047776552738,8,0.0001921737250474429,LR3TGE,L6TGE,LR3TGE / L6TGE,2.9353800411841293,1_19
4447,1_19_chr16_807619_808176_bi,reverse,noSNP,73,0.0053656743844174935,52,0.0012491292128083789,LR3TGE,L6TGE,LR3TGE / L6TGE,2.1028367870356917,1_19
4448,1_20_chr16_87853532_87854041_bi,forward,SNP,11,0.0008085262771040059,18,0.0004323908813567465,LR3TGE,L6TGE,LR3TGE / L6TGE,0.902958563491752,1_20
4449,1_20_chr16_87853532_87854041_bi,forward,noSNP,4,0.00029400955531054757,14,0.00033630401883302503,LR3TGE,L6TGE,LR3TGE / L6TGE,-0.19390297576083715,1_20
4450,1_20_chr16_87853532_87854041_bi,reverse,SNP,30,0.002205071664829107,32,0.0007686949001897716,LR3TGE,L6TGE,LR3TGE / L6TGE,1.5203425419052856,1_20
4451,1_20_chr16_87853532_87854041_bi,reverse,noSNP,57,0.004189636163175303,37,0.0008888034783444234,LR3TGE,L6TGE,LR3TGE / L6TGE,2.2368885948325588,1_20
4452,1_23_chr2_70142583_70143144_bi,forward,SNP,89,0.006541712605659684,52,0.0012491292128083789,LR3TGE,L6TGE,LR3TGE / L6TGE,2.3887456591220726,1_23
4453,1_23_chr2_70142583_70143144_bi,reverse,SNP,6,0.0004410143329658214,17,0.00040836916572581616,LR3TGE,L6TGE,LR3TGE / L6TGE,0.11095160576758384,1_23
4454,1_23_chr2_70142583_70143144_bi,reverse,noSNP,125,0.009187798603454611,697,0.016743135794758463,LR3TGE,L6TGE,LR3TGE / L6TGE,-0.8657786149095693,1_23
4455,1_24_chr21_29002584_29003015_bi,forward,noSNP,86,0.006321205439176773,122,0.002930649306973504,LR3TGE,L6TGE,LR3TGE / L6TGE,1.1089793634359786,1_24
4456,1_24_chr21_29002584_29003015_bi,reverse,noSNP,36,0.002646085997794928,116,0.002786519013187922,LR3TGE,L6TGE,LR3TGE / L6TGE,-0.07460404738849302,1_24
4457,1_25_chr22_36465359_36465803_bi,forward,noSNP,58,0.00426313855200294,91,0.0021859761224146627,LR3TGE,L6TGE,LR3TGE / L6TGE,0.963638301225643,1_25
4458,1_25_chr22_36465359_36465803_bi,reverse,noSNP,17,0.0012495406100698273,139,0.0033390184726993202,LR3TGE,L6TGE,LR3TGE / L6TGE,-1.4180262851764012,1_25
4459,1_26_chr22_40651538_40652054_bi,forward,noSNP,79,0.005806688717383315,748,0.01796824329193591,LR3TGE,L6TGE,LR3TGE / L6TGE,-1.6296617654137668,1_26
4460,1_26_chr22_40651538_40652054_bi,reverse,noSNP,254,0.01866960676221977,868,0.020850849167647553,LR3TGE,L6TGE,LR3TGE / L6TGE,-0.15941459937554647,1_26
4461,1_28_chr7_1532728_1533226_bi,forward,noSNP,13,0.0009555310547592797,12,0.00028826058757116434,LR3TGE,L6TGE,LR3TGE / L6TGE,1.728929163716703,1_28
4462,1_28_chr7_1532728_1533226_bi,reverse,noSNP,8,0.0005880191106210951,12,0.00028826058757116434,LR3TGE,L6TGE,LR3TGE / L6TGE,1.0284894455756106,1_28
4463,1_29_chr7_25856979_25857429_bi,forward,SNP,18,0.001323042998897464,45,0.0010809772033918662,LR3TGE,L6TGE,LR3TGE / L6TGE,0.2915238514094046,1_29
4464,1_29_chr7_25856979_25857429_bi,reverse,SNP,50,0.003675119441381845,78,0.001873693819212568,LR3TGE,L6TGE,LR3TGE / L6TGE,0.9719059172092432,1_29
4465,1_30_chr9_126805681_126806202_bi,forward,noSNP,85,0.006247703050349137,229,0.005500972879483053,LR3TGE,L6TGE,LR3TGE / L6TGE,0.1836390943375248,1_30
4466,1_30_chr9_126805681_126806202_bi,reverse,noSNP,115,0.008452774715178243,207,0.004972495135602585,LR3TGE,L6TGE,LR3TGE / L6TGE,0.7654550397418167,1_30
4467,1_5_chr1_33127099_33127603_bi,forward,noSNP,101,0.007423741271591327,402,0.009656729683634005,LR3TGE,L6TGE,LR3TGE / L6TGE,-0.3793882621303668,1_5
4468,1_5_chr1_33127099_33127603_bi,reverse,noSNP,2,0.00014700477765527378,420,0.010089120564990752,LR3TGE,L6TGE,LR3TGE / L6TGE,-6.100793571369356,1_5
4469,1_7_chr10_110211049_110211924_bi,forward,noSNP,55,0.00404263138552003,230,0.005524994595113983,LR3TGE,L6TGE,LR3TGE / L6TGE,-0.45067839112294866,1_7
4470,1_7_chr10_110211049_110211924_bi,reverse,noSNP,55,0.00404263138552003,35,0.0008407600470825626,LR3TGE,L6TGE,LR3TGE / L6TGE,2.2655286428764603,1_7
4471,1_8_chr10_4663047_4663594_bi,forward,noSNP,773,0.056817346563763325,420,0.010089120564990752,LR3TGE,L6TGE,LR3TGE / L6TGE,2.4935310325554916,1_8
4472,1_8_chr10_4663047_4663594_bi,reverse,noSNP,1358,0.0998162440279309,527,0.0126594441375003,LR3TGE,L6TGE,LR3TGE / L6TGE,2.9790605589042842,1_8
4473,1_9_chr10_71860316_71860874_bi,forward,noSNP,28,0.002058066887173833,54,0.0012971726440702395,LR3TGE,L6TGE,LR3TGE / L6TGE,0.6659193661909024,1_9
4474,1_9_chr10_71860316_71860874_bi,reverse,noSNP,55,0.00404263138552003,35,0.0008407600470825626,LR3TGE,L6TGE,LR3TGE / L6TGE,2.2655286428764603,1_9
4475,22,any_orientation,any_SNP,309,0.022712238147739802,6123,0.1470849648081866,LR3TGE,L6TGE,LR3TGE / L6TGE,-2.695107993552734,22
4476,2_10_chr16_3305171_3305501_rc,forward,SNP,289,0.021242190371187065,469,0.01126618463090634,LR3TGE,L6TGE,LR3TGE / L6TGE,0.9149335162820693,2_10
4477,2_10_chr16_3305171_3305501_rc,forward,noSNP,360,0.026460859977949284,463,0.011122054337120758,LR3TGE,L6TGE,LR3TGE / L6TGE,1.2504366593662053,2_10
4478,2_10_chr16_3305171_3305501_rc,reverse,SNP,89,0.006541712605659684,282,0.006774123807922362,LR3TGE,L6TGE,LR3TGE / L6TGE,-0.05036597513562883,2_10
4479,2_10_chr16_3305171_3305501_rc,reverse,noSNP,119,0.008746784270488792,354,0.008503687333349347,LR3TGE,L6TGE,LR3TGE / L6TGE,0.04066415952171324,2_10
4480,2_11_chr16_4538333_4538583_rc,forward,noSNP,1,7.350238882763689e-05,8,0.0001921737250474429,LR3TGE,L6TGE,LR3TGE / L6TGE,-1.386548053703233,2_11
4481,2_11_chr16_4538333_4538583_rc,reverse,SNP,4,0.00029400955531054757,19,0.00045641259698767686,LR3TGE,L6TGE,LR3TGE / L6TGE,-0.6344755671468186,2_11
4482,2_11_chr16_4538333_4538583_rc,reverse,noSNP,1,7.350238882763689e-05,14,0.00033630401883302503,LR3TGE,L6TGE,LR3TGE / L6TGE,-2.193902975760837,2_11
4483,2_12_chr17_58692543_58692822_fw,forward,SNP,1,7.350238882763689e-05,47,0.001129020634653727,LR3TGE,L6TGE,LR3TGE / L6TGE,-3.9411369053808705,2_12
4484,2_12_chr17_58692543_58692822_fw,forward,noSNP,2,0.00014700477765527378,76,0.0018256503879507074,LR3TGE,L6TGE,LR3TGE / L6TGE,-3.6344755671468185,2_12
4485,2_12_chr17_58692543_58692822_fw,reverse,SNP,25,0.0018375597206909224,75,0.001801628672319777,LR3TGE,L6TGE,LR3TGE / L6TGE,0.028489445575610856,2_12
4486,2_12_chr17_58692543_58692822_fw,reverse,noSNP,2,0.00014700477765527378,80,0.001921737250474429,LR3TGE,L6TGE,LR3TGE / L6TGE,-3.7084761485905955,2_12
4487,2_13_chr19_41397182_41397493_rc,forward,SNP,28,0.002058066887173833,352,0.008455643902087487,LR3TGE,L6TGE,LR3TGE / L6TGE,-2.0386247502829264,2_13
4488,2_13_chr19_41397182_41397493_rc,forward,noSNP,51,0.0037486218302094816,491,0.011794662374786807,LR3TGE,L6TGE,LR3TGE / L6TGE,-1.6537019260464305,2_13
4489,2_13_chr19_41397182_41397493_rc,reverse,SNP,85,0.006247703050349137,331,0.00795118787383795,LR3TGE,L6TGE,LR3TGE / L6TGE,-0.34784452437274904,2_13
4490,2_13_chr19_41397182_41397493_rc,reverse,noSNP,123,0.009040793825799339,391,0.009392490811693771,LR3TGE,L6TGE,LR3TGE / L6TGE,-0.055058345671345446,2_13
4491,2_15_chr3_122793601_122793905_rc,forward,SNP,26,0.0019110621095185594,149,0.003579235629008624,LR3TGE,L6TGE,LR3TGE / L6TGE,-0.9052768560243025,2_15
4492,2_15_chr3_122793601_122793905_rc,forward,noSNP,29,0.00213156927600147,151,0.0036272790602704845,LR3TGE,L6TGE,LR3TGE / L6TGE,-0.7669717979007397,2_15
4493,2_15_chr3_122793601_122793905_rc,reverse,SNP,20,0.001470047776552738,119,0.002858584160080713,LR3TGE,L6TGE,LR3TGE / L6TGE,-0.9594377221238141,2_15
4494,2_15_chr3_122793601_122793905_rc,reverse,noSNP,19,0.001396545387725101,97,0.002330106416200245,LR3TGE,L6TGE,LR3TGE / L6TGE,-0.7385333824467752,2_15
4495,2_16_chr6_108562603_108562763_rc,forward,SNP,14,0.0010290334435869165,316,0.007590862139373994,LR3TGE,L6TGE,LR3TGE / L6TGE,-2.882973879822732,2_16
4496,2_16_chr6_108562603_108562763_rc,forward,noSNP,21,0.0015435501653803748,16,0.0003843474500948858,LR3TGE,L6TGE,LR3TGE / L6TGE,2.005769369075527,2_16
4497,2_16_chr6_108562603_108562763_rc,reverse,SNP,1,7.350238882763689e-05,8,0.0001921737250474429,LR3TGE,L6TGE,LR3TGE / L6TGE,-1.386548053703233,2_16
4498,2_16_chr6_108562603_108562763_rc,reverse,noSNP,13,0.0009555310547592797,8,0.0001921737250474429,LR3TGE,L6TGE,LR3TGE / L6TGE,2.3138916644378593,2_16
4499,2_17_chr7_149685_149919_fw,forward,SNP,4,0.00029400955531054757,109,0.0026183670037714093,LR3TGE,L6TGE,LR3TGE / L6TGE,-3.1547323784801593,2_17
4500,2_17_chr7_149685_149919_fw,forward,noSNP,12,0.0008820286659316428,100,0.002402171563093036,LR3TGE,L6TGE,LR3TGE / L6TGE,-1.4454417427568014,2_17
4501,2_17_chr7_149685_149919_fw,reverse,SNP,35,0.0025725836089672913,106,0.0025463018568786184,LR3TGE,L6TGE,LR3TGE / L6TGE,0.01481450867853408,2_17
4502,2_17_chr7_149685_149919_fw,reverse,noSNP,16,0.0011760382212421903,90,0.0021619544067837324,LR3TGE,L6TGE,LR3TGE / L6TGE,-0.8784011500329079,2_17
4503,2_19_chr7_27168362_27168894_fw,forward,SNP,175,0.012862918044836457,355,0.008527709048980278,LR3TGE,L6TGE,LR3TGE / L6TGE,0.5929878437370513,2_19
4504,2_19_chr7_27168362_27168894_fw,forward,noSNP,74,0.005439176773245131,223,0.00535684258569747,LR3TGE,L6TGE,LR3TGE / L6TGE,0.02200541200541227,2_19
4505,2_19_chr7_27168362_27168894_fw,reverse,SNP,260,0.019110621095185593,436,0.010473468015085637,LR3TGE,L6TGE,LR3TGE / L6TGE,0.8676354345482951,2_19
4506,2_19_chr7_27168362_27168894_fw,reverse,noSNP,1,7.350238882763689e-05,352,0.008455643902087487,LR3TGE,L6TGE,LR3TGE / L6TGE,-6.845979672340531,2_19
4507,2_1_chr10_24208466_24209279_fw,forward,SNP,23,0.0016905549430356486,149,0.003579235629008624,LR3TGE,L6TGE,LR3TGE / L6TGE,-1.0821546181083819,2_1
4508,2_1_chr10_24208466_24209279_fw,forward,noSNP,13,0.0009555310547592797,89,0.002137932691152802,LR3TGE,L6TGE,LR3TGE / L6TGE,-1.1618417665285385,2_1
4509,2_1_chr10_24208466_24209279_fw,reverse,SNP,23,0.0016905549430356486,245,0.005885320329577938,LR3TGE,L6TGE,LR3TGE / L6TGE,-1.7996240366487908,2_1
4510,2_1_chr10_24208466_24209279_fw,reverse,noSNP,15,0.0011025358324145535,215,0.005164668860650028,LR3TGE,L6TGE,LR3TGE / L6TGE,-2.2278503076841747,2_1
4511,2_20_chr7_7566677_7567687_fw,forward,SNP,16,0.0011760382212421903,50,0.001201085781546518,LR3TGE,L6TGE,LR3TGE / L6TGE,-0.030404243477957744,2_20
4512,2_20_chr7_7566677_7567687_fw,forward,noSNP,7,0.0005145167217934582,117,0.0028105407288188523,LR3TGE,L6TGE,LR3TGE / L6TGE,-2.4495578512290335,2_20
4513,2_20_chr7_7566677_7567687_fw,reverse,noSNP,26,0.0019110621095185594,199,0.004780321410555142,LR3TGE,L6TGE,LR3TGE / L6TGE,-1.3227329561057897,2_20
4514,2_22_chr10_122375105_122375476_rc__2_21_chr10_122375073_122375541_fw,forward,SNP,1,7.350238882763689e-05,129,0.0030988013163900166,LR3TGE,L6TGE,LR3TGE / L6TGE,-5.397775309126487,2_22
4515,2_22_chr10_122375105_122375476_rc__2_21_chr10_122375073_122375541_fw,forward,noSNP,11,0.0008085262771040059,128,0.0030747796007590863,LR3TGE,L6TGE,LR3TGE / L6TGE,-1.9271164350659358,2_22
4516,2_22_chr10_122375105_122375476_rc__2_21_chr10_122375073_122375541_fw,reverse,SNP,10,0.000735023888276369,74,0.0017776069566888468,LR3TGE,L6TGE,LR3TGE / L6TGE,-1.2740733244448204,2_22
4517,2_22_chr10_122375105_122375476_rc__2_21_chr10_122375073_122375541_fw,reverse,noSNP,20,0.001470047776552738,80,0.001921737250474429,LR3TGE,L6TGE,LR3TGE / L6TGE,-0.386548053703233,2_22
4518,2_23_chr12_53046798_53047380_fw__2_24_chr12_53046888_53047426_rc,forward,SNP,17,0.0012495406100698273,74,0.0017776069566888468,LR3TGE,L6TGE,LR3TGE / L6TGE,-0.5085385780818436,2_23
4519,2_23_chr12_53046798_53047380_fw__2_24_chr12_53046888_53047426_rc,forward,noSNP,7,0.0005145167217934582,71,0.0017055418097960556,LR3TGE,L6TGE,LR3TGE / L6TGE,-1.7289402511503111,2_23
4520,2_23_chr12_53046798_53047380_fw__2_24_chr12_53046888_53047426_rc,reverse,SNP,8,0.0005880191106210951,78,0.001873693819212568,LR3TGE,L6TGE,LR3TGE / L6TGE,-1.6719502725654816,2_23
4521,2_23_chr12_53046798_53047380_fw__2_24_chr12_53046888_53047426_rc,reverse,noSNP,4,0.00029400955531054757,79,0.0018977155348434986,LR3TGE,L6TGE,LR3TGE / L6TGE,-2.690328801880336,2_23
4522,2_32_chr22_44023936_44024267_rc__2_31_chr22_44023811_44024452_fw,forward,SNP,18,0.001323042998897464,114,0.0027384755819260614,LR3TGE,L6TGE,LR3TGE / L6TGE,-1.0495130664256624,2_32
4523,2_32_chr22_44023936_44024267_rc__2_31_chr22_44023811_44024452_fw,forward,noSNP,18,0.001323042998897464,91,0.0021859761224146627,LR3TGE,L6TGE,LR3TGE / L6TGE,-0.7244176924596171,2_32
4524,2_32_chr22_44023936_44024267_rc__2_31_chr22_44023811_44024452_fw,reverse,SNP,37,0.0027195883866225653,89,0.002137932691152802,LR3TGE,L6TGE,LR3TGE / L6TGE,0.3471718809593192,2_32
4525,2_32_chr22_44023936_44024267_rc__2_31_chr22_44023811_44024452_fw,reverse,noSNP,43,0.0031606027195883865,107,0.0025703235725095487,LR3TGE,L6TGE,LR3TGE / L6TGE,0.298249714597718,2_32
4526,2_33_chr5_132369336_132370461_fw__2_34_chr5_132369418_132370280_rc,forward,SNP,20,0.001470047776552738,46,0.0011049989190227967,LR3TGE,L6TGE,LR3TGE / L6TGE,0.4118180851271163,2_33
4527,2_33_chr5_132369336_132370461_fw__2_34_chr5_132369418_132370280_rc,forward,noSNP,26,0.0019110621095185594,56,0.0013452160753321001,LR3TGE,L6TGE,LR3TGE / L6TGE,0.5065367423802553,2_33
4528,2_33_chr5_132369336_132370461_fw__2_34_chr5_132369418_132370280_rc,reverse,noSNP,4,0.00029400955531054757,53,0.0012731509284393092,LR3TGE,L6TGE,LR3TGE / L6TGE,-2.1144685082664325,2_33
4529,2_39_chr14_100375283_100375730_rc__2_35_chr14_100375283_100375730_rc,forward,SNP,109,0.008011760382212421,441,0.010593576593240289,LR3TGE,L6TGE,LR3TGE / L6TGE,-0.4029985744838274,2_39
4530,2_39_chr14_100375283_100375730_rc__2_35_chr14_100375283_100375730_rc,forward,noSNP,145,0.01065784638000735,496,0.011914770952941458,LR3TGE,L6TGE,LR3TGE / L6TGE,-0.16083527407517365,2_39
4531,2_39_chr14_100375283_100375730_rc__2_35_chr14_100375283_100375730_rc,reverse,SNP,41,0.003013597941933113,321,0.007710970717528646,LR3TGE,L6TGE,LR3TGE / L6TGE,-1.3554255362074525,2_39
4532,2_3_chr10_71888998_71889183_rc,forward,SNP,10,0.000735023888276369,56,0.0013452160753321001,LR3TGE,L6TGE,LR3TGE / L6TGE,-0.8719748808734745,2_3
4533,2_3_chr10_71888998_71889183_rc,forward,noSNP,12,0.0008820286659316428,33,0.0007927166158207019,LR3TGE,L6TGE,LR3TGE / L6TGE,0.15402032765946985,2_3
4534,2_3_chr10_71888998_71889183_rc,reverse,SNP,3,0.0002205071664829107,16,0.0003843474500948858,LR3TGE,L6TGE,LR3TGE / L6TGE,-0.8015855529820768,2_3
4535,2_40_chr2_27890876_27891263_rc__2_36_chr2_27890876_27891263_rc,forward,SNP,20,0.001470047776552738,68,0.0016334766629032646,LR3TGE,L6TGE,LR3TGE / L6TGE,-0.1520828000662101,2_40
4536,2_40_chr2_27890876_27891263_rc__2_36_chr2_27890876_27891263_rc,forward,noSNP,11,0.0008085262771040059,59,0.0014172812222248913,LR3TGE,L6TGE,LR3TGE / L6TGE,-0.809759484427777,2_40
4537,2_40_chr2_27890876_27891263_rc__2_36_chr2_27890876_27891263_rc,reverse,SNP,31,0.0022785740536567438,91,0.0021859761224146627,LR3TGE,L6TGE,LR3TGE / L6TGE,0.05985361648494608,2_40
4538,2_40_chr2_27890876_27891263_rc__2_36_chr2_27890876_27891263_rc,reverse,noSNP,20,0.001470047776552738,37,0.0008888034783444234,LR3TGE,L6TGE,LR3TGE / L6TGE,0.7259266755551795,2_40
4539,2_41_chr2_29114692_29115684_fw__2_37_chr2_29114692_29115684_fw,forward,SNP,14,0.0010290334435869165,164,0.00393956136347258,LR3TGE,L6TGE,LR3TGE / L6TGE,-1.9367451362637127,2_41
4540,2_41_chr2_29114692_29115684_fw__2_37_chr2_29114692_29115684_fw,forward,noSNP,4,0.00029400955531054757,62,0.0014893463691176823,LR3TGE,L6TGE,LR3TGE / L6TGE,-2.340744364090108,2_41
4541,2_41_chr2_29114692_29115684_fw__2_37_chr2_29114692_29115684_fw,reverse,SNP,31,0.0022785740536567438,136,0.0032669533258065293,LR3TGE,L6TGE,LR3TGE / L6TGE,-0.5198145845666974,2_41
4542,2_41_chr2_29114692_29115684_fw__2_37_chr2_29114692_29115684_fw,reverse,noSNP,11,0.0008085262771040059,56,0.0013452160753321001,LR3TGE,L6TGE,LR3TGE / L6TGE,-0.7344713571235397,2_41
4543,2_42_chr7_158818580_158818984_rc__2_38_chr7_158818580_158818984_rc,forward,noSNP,68,0.004998162440279309,392,0.009416512527324701,LR3TGE,L6TGE,LR3TGE / L6TGE,-0.9137950565681017,2_42
4544,2_42_chr7_158818580_158818984_rc__2_38_chr7_158818580_158818984_rc,reverse,SNP,20,0.001470047776552738,337,0.008095318167623532,LR3TGE,L6TGE,LR3TGE / L6TGE,-2.4612247399977294,2_42
4545,2_4_chr11_124876752_124876939_fw,reverse,noSNP,3,0.0002205071664829107,7,0.00016815200941651252,LR3TGE,L6TGE,LR3TGE / L6TGE,0.3910595249603192,2_4
4546,2_5_chr12_2959230_2960351_fw,forward,SNP,6,0.0004410143329658214,45,0.0010809772033918662,LR3TGE,L6TGE,LR3TGE / L6TGE,-1.2934386493117513,2_5
4547,2_5_chr12_2959230_2960351_fw,forward,noSNP,1,7.350238882763689e-05,54,0.0012971726440702395,LR3TGE,L6TGE,LR3TGE / L6TGE,-4.1414355558667015,2_5
4548,2_5_chr12_2959230_2960351_fw,reverse,SNP,8,0.0005880191106210951,49,0.0011770640659155877,LR3TGE,L6TGE,LR3TGE / L6TGE,-1.0012578978184414,2_5
4549,2_5_chr12_2959230_2960351_fw,reverse,noSNP,6,0.0004410143329658214,61,0.001465324653486752,LR3TGE,L6TGE,LR3TGE / L6TGE,-1.732322890544963,2_5
4550,2_6_chr12_57611320_57611561_fw,forward,noSNP,3,0.0002205071664829107,44,0.0010569554877609359,LR3TGE,L6TGE,LR3TGE / L6TGE,-2.261017171619374,2_6
4551,2_6_chr12_57611320_57611561_fw,reverse,noSNP,12,0.0008820286659316428,35,0.0008407600470825626,LR3TGE,L6TGE,LR3TGE / L6TGE,0.06913143007295662,2_6
4552,2_7_chr14_75069209_75069609_rc,forward,noSNP,17,0.0012495406100698273,5,0.00012010857815465181,LR3TGE,L6TGE,LR3TGE / L6TGE,3.378986692659744,2_7
4553,2_7_chr14_75069209_75069609_rc,reverse,noSNP,7,0.0005145167217934582,12,0.00028826058757116434,LR3TGE,L6TGE,LR3TGE / L6TGE,0.8358443676332148,2_7
4554,3,reverse,SNP,7,0.0005145167217934582,77,0.0018496721035816377,LR3TGE,L6TGE,LR3TGE / L6TGE,-1.8459796723405304,3
4555,4,forward,any_SNP,41,0.003013597941933113,1491,0.035816378005717166,LR3TGE,L6TGE,LR3TGE / L6TGE,-3.5710605913685916,4
4556,4,reverse,any_SNP,202,0.014847482543182654,979,0.023517259602680824,LR3TGE,L6TGE,LR3TGE / L6TGE,-0.6635016205551333,4
4557,8,any_orientation,any_SNP,40,0.002940095553105476,461,0.011074010905858897,LR3TGE,L6TGE,LR3TGE / L6TGE,-1.9132428992452086,8
4558,9,any_orientation,any_SNP,18,0.001323042998897464,2473,0.059405702755290786,LR3TGE,L6TGE,LR3TGE / L6TGE,-5.488669576650858,9
4559,CMV,any_orientation,any_SNP,147,0.010804851157662623,101,0.0024261932787239663,LR3TGE,L6TGE,LR3TGE / L6TGE,2.1549128083813365,CMV
4560,SV40,any_orientation,any_SNP,36,0.002646085997794928,34,0.0008167383314516323,LR3TGE,L6TGE,LR3TGE / L6TGE,1.6959141064887395,SV40
4561,1_14_chr14_60655620_60656040_bi,reverse,noSNP,3,0.0002205071664829107,5,0.00035300762496469926,LR3TGE,L7TGE,LR3TGE / L7TGE,-0.678873801912331,1_14
4562,1_16_chr16_30805349_30805831_bi,reverse,noSNP,214,0.015729511209114297,7,0.000494210674950579,LR3TGE,L7TGE,LR3TGE / L7TGE,4.992203856597418,1_16
4563,1_17_chr16_73068918_73069480_bi,forward,noSNP,134,0.009849320102903344,26,0.0018356396498164361,LR3TGE,L7TGE,LR3TGE / L7TGE,2.4237412645705554,1_17
4564,1_17_chr16_73068918_73069480_bi,reverse,noSNP,43,0.0031606027195883865,17,0.0012002259248799774,LR3TGE,L7TGE,LR3TGE / L7TGE,1.3968937057056339,1_17
4565,1_18_chr16_74297506_74297928_bi,forward,noSNP,145,0.01065784638000735,88,0.006212934199378707,LR3TGE,L7TGE,LR3TGE / L7TGE,0.7785692636315124,1_18
4566,1_18_chr16_74297506_74297928_bi,reverse,noSNP,88,0.006468210216832047,103,0.007271957074272804,LR3TGE,L7TGE,LR3TGE / L7TGE,-0.16897711629204568,1_18
4567,1_19_chr16_807619_808176_bi,reverse,noSNP,73,0.0053656743844174935,15,0.0010590228748940977,LR3TGE,L7TGE,LR3TGE / L7TGE,2.341025755525374,1_19
4568,1_20_chr16_87853532_87854041_bi,reverse,SNP,30,0.002205071664829107,9,0.0006354137249364587,LR3TGE,L7TGE,LR3TGE / L7TGE,1.7950573864200814,1_20
4569,1_20_chr16_87853532_87854041_bi,reverse,noSNP,57,0.004189636163175303,19,0.001341428974865857,LR3TGE,L7TGE,LR3TGE / L7TGE,1.6430542929750316,1_20
4570,1_23_chr2_70142583_70143144_bi,forward,SNP,89,0.006541712605659684,30,0.0021180457497881953,LR3TGE,L7TGE,LR3TGE / L7TGE,1.6269346276117544,1_23
4571,1_23_chr2_70142583_70143144_bi,forward,noSNP,741,0.05446527012127894,328,0.02315730019768427,LR3TGE,L7TGE,LR3TGE / L7TGE,1.2338695199416254,1_23
4572,1_23_chr2_70142583_70143144_bi,reverse,SNP,6,0.0004410143329658214,5,0.00035300762496469926,LR3TGE,L7TGE,LR3TGE / L7TGE,0.32112619808766896,1_23
4573,1_23_chr2_70142583_70143144_bi,reverse,noSNP,125,0.009187798603454611,250,0.017650381248234964,LR3TGE,L7TGE,LR3TGE / L7TGE,-0.9419082077461249,1_23
4574,1_24_chr21_29002584_29003015_bi,forward,noSNP,86,0.006321205439176773,52,0.0036712792996328723,LR3TGE,L7TGE,LR3TGE / L7TGE,0.7839168288148809,1_24
4575,1_24_chr21_29002584_29003015_bi,reverse,noSNP,36,0.002646085997794928,49,0.0034594747246540526,LR3TGE,L7TGE,LR3TGE / L7TGE,-0.38669305041902075,1_24
4576,1_25_chr22_36465359_36465803_bi,forward,noSNP,58,0.00426313855200294,23,0.0016238350748376165,LR3TGE,L7TGE,LR3TGE / L7TGE,1.3925108313244348,1_25
4577,1_25_chr22_36465359_36465803_bi,reverse,noSNP,17,0.0012495406100698273,36,0.0025416548997458347,LR3TGE,L7TGE,LR3TGE / L7TGE,-1.0243703679380978,1_25
4578,1_26_chr22_40651538_40652054_bi,forward,noSNP,79,0.005806688717383315,218,0.015391132448460887,LR3TGE,L7TGE,LR3TGE / L7TGE,-1.4063117843459483,1_26
4579,1_26_chr22_40651538_40652054_bi,reverse,noSNP,254,0.01866960676221977,331,0.023369104772663088,LR3TGE,L7TGE,LR3TGE / L7TGE,-0.32391092778117664,1_26
4580,1_28_chr7_1532728_1533226_bi,forward,noSNP,13,0.0009555310547592797,13,0.0009178198249082181,LR3TGE,L7TGE,LR3TGE / L7TGE,0.058091792253875334,1_28
4581,1_28_chr7_1532728_1533226_bi,reverse,noSNP,8,0.0005880191106210951,8,0.0005648121999435188,LR3TGE,L7TGE,LR3TGE / L7TGE,0.05809179225387503,1_28
4582,1_29_chr7_25856979_25857429_bi,forward,SNP,18,0.001323042998897464,14,0.000988421349901158,LR3TGE,L7TGE,LR3TGE / L7TGE,0.4206618716385833,1_29
4583,1_29_chr7_25856979_25857429_bi,reverse,SNP,50,0.003675119441381845,19,0.001341428974865857,LR3TGE,L7TGE,LR3TGE / L7TGE,1.4540204685850144,1_29
4584,1_30_chr9_126805681_126806202_bi,forward,noSNP,85,0.006247703050349137,58,0.004094888449590511,LR3TGE,L7TGE,LR3TGE / L7TGE,0.609501733264005,1_30
4585,1_30_chr9_126805681_126806202_bi,reverse,noSNP,115,0.008452774715178243,70,0.004942106749505789,LR3TGE,L7TGE,LR3TGE / L7TGE,0.774298826253284,1_30
4586,1_5_chr1_33127099_33127603_bi,forward,noSNP,101,0.007423741271591327,143,0.010096018073990399,LR3TGE,L7TGE,LR3TGE / L7TGE,-0.4435680617727195,1_5
4587,1_5_chr1_33127099_33127603_bi,reverse,noSNP,2,0.00014700477765527378,145,0.010237221123976278,LR3TGE,L7TGE,LR3TGE / L7TGE,-6.121817297761059,1_5
4588,1_7_chr10_110211049_110211924_bi,forward,noSNP,55,0.00404263138552003,91,0.006424738774357526,LR3TGE,L7TGE,LR3TGE / L7TGE,-0.6683431344201615,1_7
4589,1_7_chr10_110211049_110211924_bi,reverse,noSNP,55,0.00404263138552003,11,0.0007766167749223384,LR3TGE,L7TGE,LR3TGE / L7TGE,2.3800198871412377,1_7
4590,1_8_chr10_4663047_4663594_bi,forward,noSNP,773,0.056817346563763325,148,0.010449025698955098,LR3TGE,L7TGE,LR3TGE / L7TGE,2.442963030549773,1_8
4591,1_8_chr10_4663047_4663594_bi,reverse,noSNP,1358,0.0998162440279309,186,0.013131883648686811,LR3TGE,L7TGE,LR3TGE / L7TGE,2.9262007453905756,1_8
4592,1_9_chr10_71860316_71860874_bi,forward,noSNP,28,0.002058066887173833,25,0.0017650381248234962,LR3TGE,L7TGE,LR3TGE / L7TGE,0.22159052453675462,1_9
4593,1_9_chr10_71860316_71860874_bi,reverse,noSNP,55,0.00404263138552003,18,0.0012708274498729173,LR3TGE,L7TGE,LR3TGE / L7TGE,1.6695265043362226,1_9
4594,22,any_orientation,any_SNP,309,0.022712238147739802,2198,0.1551821519344818,LR3TGE,L7TGE,LR3TGE / L7TGE,-2.772420850790981,22
4595,2_10_chr16_3305171_3305501_rc,forward,SNP,289,0.021242190371187065,107,0.007554363174244564,LR3TGE,L7TGE,LR3TGE / L7TGE,1.4915504883534072,2_10
4596,2_10_chr16_3305171_3305501_rc,forward,noSNP,360,0.026460859977949284,170,0.012002259248799774,LR3TGE,L7TGE,LR3TGE / L7TGE,1.1405539524458483,2_10
4597,2_10_chr16_3305171_3305501_rc,reverse,SNP,89,0.006541712605659684,101,0.0071307540242869245,LR3TGE,L7TGE,LR3TGE / L7TGE,-0.12438625953152173,2_10
4598,2_10_chr16_3305171_3305501_rc,reverse,noSNP,119,0.008746784270488792,105,0.007413160124258684,LR3TGE,L7TGE,LR3TGE / L7TGE,0.23866403789569607,2_10
4599,2_11_chr16_4538333_4538583_rc,reverse,noSNP,1,7.350238882763689e-05,6,0.0004236091499576391,LR3TGE,L7TGE,LR3TGE / L7TGE,-2.526870708467281,2_11
4600,2_12_chr17_58692543_58692822_fw,forward,SNP,1,7.350238882763689e-05,27,0.0019062411748093759,LR3TGE,L7TGE,LR3TGE / L7TGE,-4.696795709909593,2_12
4601,2_12_chr17_58692543_58692822_fw,forward,noSNP,2,0.00014700477765527378,20,0.001412030499858797,LR3TGE,L7TGE,LR3TGE / L7TGE,-3.263836302633487,2_12
4602,2_12_chr17_58692543_58692822_fw,reverse,SNP,25,0.0018375597206909224,37,0.0026122564247387744,LR3TGE,L7TGE,LR3TGE / L7TGE,-0.5075053836003499,2_12
4603,2_12_chr17_58692543_58692822_fw,reverse,noSNP,2,0.00014700477765527378,18,0.0012708274498729173,LR3TGE,L7TGE,LR3TGE / L7TGE,-3.1118332091884375,2_12
4604,2_13_chr19_41397182_41397493_rc,forward,SNP,28,0.002058066887173833,112,0.007907370799209263,LR3TGE,L7TGE,LR3TGE / L7TGE,-1.941908207746125,2_13
4605,2_13_chr19_41397182_41397493_rc,forward,noSNP,51,0.0037486218302094816,156,0.011013837898898616,LR3TGE,L7TGE,LR3TGE / L7TGE,-1.5548850846368776,2_13
4606,2_13_chr19_41397182_41397493_rc,reverse,SNP,85,0.006247703050349137,110,0.007766167749223383,LR3TGE,L7TGE,LR3TGE / L7TGE,-0.31387698513308254,2_13
4607,2_13_chr19_41397182_41397493_rc,reverse,noSNP,123,0.009040793825799339,139,0.009813611974018638,LR3TGE,L7TGE,LR3TGE / L7TGE,-0.11833477513039221,2_13
4608,2_15_chr3_122793601_122793905_rc,forward,SNP,26,0.0019110621095185594,60,0.004236091499576391,LR3TGE,L7TGE,LR3TGE / L7TGE,-1.148359085213551,2_15
4609,2_15_chr3_122793601_122793905_rc,forward,noSNP,29,0.00213156927600147,55,0.0038830838746116915,LR3TGE,L7TGE,LR3TGE / L7TGE,-0.8652869261432122,2_15
4610,2_15_chr3_122793601_122793905_rc,reverse,SNP,20,0.001470047776552738,40,0.002824060999717594,LR3TGE,L7TGE,LR3TGE / L7TGE,-0.9419082077461247,2_15
4611,2_15_chr3_122793601_122793905_rc,reverse,noSNP,19,0.001396545387725101,27,0.0019062411748093759,LR3TGE,L7TGE,LR3TGE / L7TGE,-0.4488681964660079,2_15
4612,2_16_chr6_108562603_108562763_rc,forward,SNP,14,0.0010290334435869165,118,0.008330979949166902,LR3TGE,L7TGE,LR3TGE / L7TGE,-3.017196335050362,2_16
4613,2_16_chr6_108562603_108562763_rc,forward,noSNP,21,0.0015435501653803748,105,0.007413160124258684,LR3TGE,L7TGE,LR3TGE / L7TGE,-2.263836302633487,2_16
4614,2_16_chr6_108562603_108562763_rc,reverse,SNP,1,7.350238882763689e-05,91,0.006424738774357526,LR3TGE,L7TGE,LR3TGE / L7TGE,-6.449702847944821,2_16
4615,2_16_chr6_108562603_108562763_rc,reverse,noSNP,13,0.0009555310547592797,83,0.005859926574414007,LR3TGE,L7TGE,LR3TGE / L7TGE,-2.6165079209519573,2_16
4616,2_17_chr7_149685_149919_fw,forward,SNP,4,0.00029400955531054757,37,0.0026122564247387744,LR3TGE,L7TGE,LR3TGE / L7TGE,-3.1513615733750746,2_17
4617,2_17_chr7_149685_149919_fw,forward,noSNP,12,0.0008820286659316428,34,0.0024004518497599547,LR3TGE,L7TGE,LR3TGE / L7TGE,-1.4444085482753077,2_17
4618,2_17_chr7_149685_149919_fw,reverse,SNP,35,0.0025725836089672913,39,0.002753459474724654,LR3TGE,L7TGE,LR3TGE / L7TGE,-0.09802740966340663,2_17
4619,2_17_chr7_149685_149919_fw,reverse,noSNP,16,0.0011760382212421903,29,0.0020474442247952556,LR3TGE,L7TGE,LR3TGE / L7TGE,-0.7998892028736969,2_17
4620,2_19_chr7_27168362_27168894_fw,forward,SNP,175,0.012862918044836457,6,0.0004236091499576391,LR3TGE,L7TGE,LR3TGE / L7TGE,4.924340403365048,2_19
4621,2_19_chr7_27168362_27168894_fw,reverse,SNP,260,0.019110621095185593,7,0.000494210674950579,LR3TGE,L7TGE,LR3TGE / L7TGE,5.273104683224726,2_19
4622,2_19_chr7_27168362_27168894_fw,reverse,noSNP,1,7.350238882763689e-05,8,0.0005648121999435188,LR3TGE,L7TGE,LR3TGE / L7TGE,-2.941908207746125,2_19
4623,2_1_chr10_24208466_24209279_fw,forward,SNP,23,0.0016905549430356486,41,0.002894662524710534,LR3TGE,L7TGE,LR3TGE / L7TGE,-0.7758982563071956,2_1
4624,2_20_chr7_7566677_7567687_fw,forward,SNP,16,0.0011760382212421903,15,0.0010590228748940977,LR3TGE,L7TGE,LR3TGE / L7TGE,0.15120119664535672,2_20
4625,2_20_chr7_7566677_7567687_fw,forward,noSNP,7,0.0005145167217934582,37,0.0026122564247387744,LR3TGE,L7TGE,LR3TGE / L7TGE,-2.344006651317471,2_20
4626,2_20_chr7_7566677_7567687_fw,reverse,noSNP,26,0.0019110621095185594,69,0.004871505224512849,LR3TGE,L7TGE,LR3TGE / L7TGE,-1.3499929463832014,2_20
4627,2_22_chr10_122375105_122375476_rc__2_21_chr10_122375073_122375541_fw,forward,SNP,1,7.350238882763689e-05,49,0.0034594747246540526,LR3TGE,L7TGE,LR3TGE / L7TGE,-5.556618051861333,2_22
4628,2_22_chr10_122375105_122375476_rc__2_21_chr10_122375073_122375541_fw,forward,noSNP,11,0.0008085262771040059,41,0.002894662524710534,LR3TGE,L7TGE,LR3TGE / L7TGE,-1.8400285937269112,2_22
4629,2_22_chr10_122375105_122375476_rc__2_21_chr10_122375073_122375541_fw,reverse,SNP,10,0.000735023888276369,17,0.0012002259248799774,LR3TGE,L7TGE,LR3TGE / L7TGE,-0.7074429541091016,2_22
4630,2_22_chr10_122375105_122375476_rc__2_21_chr10_122375073_122375541_fw,reverse,noSNP,20,0.001470047776552738,28,0.001976842699802316,LR3TGE,L7TGE,LR3TGE / L7TGE,-0.4273350349163666,2_22
4631,2_23_chr12_53046798_53047380_fw__2_24_chr12_53046888_53047426_rc,forward,SNP,17,0.0012495406100698273,24,0.0016944365998305564,LR3TGE,L7TGE,LR3TGE / L7TGE,-0.4394078672169417,2_23
4632,2_23_chr12_53046798_53047380_fw__2_24_chr12_53046888_53047426_rc,forward,noSNP,7,0.0005145167217934582,23,0.0016238350748376165,LR3TGE,L7TGE,LR3TGE / L7TGE,-1.6581152417455336,2_23
4633,2_23_chr12_53046798_53047380_fw__2_24_chr12_53046888_53047426_rc,reverse,SNP,8,0.0005880191106210951,30,0.0021180457497881953,LR3TGE,L7TGE,LR3TGE / L7TGE,-1.8487988033546432,2_23
4634,2_23_chr12_53046798_53047380_fw__2_24_chr12_53046888_53047426_rc,reverse,noSNP,4,0.00029400955531054757,28,0.001976842699802316,LR3TGE,L7TGE,LR3TGE / L7TGE,-2.749263129803729,2_23
4635,2_32_chr22_44023936_44024267_rc__2_31_chr22_44023811_44024452_fw,forward,SNP,18,0.001323042998897464,44,0.0031064670996893535,LR3TGE,L7TGE,LR3TGE / L7TGE,-1.2314148249411099,2_32
4636,2_32_chr22_44023936_44024267_rc__2_31_chr22_44023811_44024452_fw,forward,noSNP,18,0.001323042998897464,25,0.0017650381248234962,LR3TGE,L7TGE,LR3TGE / L7TGE,-0.41583939607853715,2_32
4637,2_32_chr22_44023936_44024267_rc__2_31_chr22_44023811_44024452_fw,reverse,SNP,37,0.0027195883866225653,30,0.0021180457497881953,LR3TGE,L7TGE,LR3TGE / L7TGE,0.3606545622743066,2_32
4638,2_32_chr22_44023936_44024267_rc__2_31_chr22_44023811_44024452_fw,reverse,noSNP,43,0.0031606027195883865,44,0.0031064670996893535,LR3TGE,L7TGE,LR3TGE / L7TGE,0.024924928318675887,2_32
4639,2_33_chr5_132369336_132370461_fw__2_34_chr5_132369418_132370280_rc,forward,SNP,20,0.001470047776552738,20,0.001412030499858797,LR3TGE,L7TGE,LR3TGE / L7TGE,0.058091792253875334,2_33
4640,2_33_chr5_132369336_132370461_fw__2_34_chr5_132369418_132370280_rc,forward,noSNP,26,0.0019110621095185594,22,0.0015532335498446767,LR3TGE,L7TGE,LR3TGE / L7TGE,0.29909989175767004,2_33
4641,2_33_chr5_132369336_132370461_fw__2_34_chr5_132369418_132370280_rc,reverse,noSNP,4,0.00029400955531054757,17,0.0012002259248799774,LR3TGE,L7TGE,LR3TGE / L7TGE,-2.0293710489964645,2_33
4642,2_39_chr14_100375283_100375730_rc__2_35_chr14_100375283_100375730_rc,forward,SNP,109,0.008011760382212421,163,0.011508048573849195,LR3TGE,L7TGE,LR3TGE / L7TGE,-0.5224520372002761,2_39
4643,2_39_chr14_100375283_100375730_rc__2_35_chr14_100375283_100375730_rc,forward,noSNP,145,0.01065784638000735,154,0.010872634848912736,LR3TGE,L7TGE,LR3TGE / L7TGE,-0.028785658426091484,2_39
4644,2_39_chr14_100375283_100375730_rc__2_35_chr14_100375283_100375730_rc,reverse,SNP,41,0.003013597941933113,85,0.006001129624399887,LR3TGE,L7TGE,LR3TGE / L7TGE,-0.9937471392657428,2_39
4645,2_39_chr14_100375283_100375730_rc__2_35_chr14_100375283_100375730_rc,reverse,noSNP,37,0.0027195883866225653,97,0.0068483479243151655,LR3TGE,L7TGE,LR3TGE / L7TGE,-1.3323676843043026,2_39
4646,2_3_chr10_71888998_71889183_rc,forward,SNP,10,0.000735023888276369,20,0.001412030499858797,LR3TGE,L7TGE,LR3TGE / L7TGE,-0.9419082077461247,2_3
4647,2_40_chr2_27890876_27891263_rc__2_36_chr2_27890876_27891263_rc,forward,SNP,20,0.001470047776552738,24,0.0016944365998305564,LR3TGE,L7TGE,LR3TGE / L7TGE,-0.2049426135799186,2_40
4648,2_40_chr2_27890876_27891263_rc__2_36_chr2_27890876_27891263_rc,forward,noSNP,11,0.0008085262771040059,28,0.001976842699802316,LR3TGE,L7TGE,LR3TGE / L7TGE,-1.2898315111664316,2_40
4649,2_40_chr2_27890876_27891263_rc__2_36_chr2_27890876_27891263_rc,reverse,SNP,31,0.0022785740536567438,36,0.0025416548997458347,LR3TGE,L7TGE,LR3TGE / L7TGE,-0.15763689880156204,2_40
4650,2_40_chr2_27890876_27891263_rc__2_36_chr2_27890876_27891263_rc,reverse,noSNP,20,0.001470047776552738,16,0.0011296243998870376,LR3TGE,L7TGE,LR3TGE / L7TGE,0.3800198871412376,2_40
4651,2_41_chr2_29114692_29115684_fw__2_37_chr2_29114692_29115684_fw,forward,SNP,14,0.0010290334435869165,45,0.003177068624682293,LR3TGE,L7TGE,LR3TGE / L7TGE,-1.6264063820181953,2_41
4652,2_41_chr2_29114692_29115684_fw__2_37_chr2_29114692_29115684_fw,forward,noSNP,4,0.00029400955531054757,32,0.0022592487997740753,LR3TGE,L7TGE,LR3TGE / L7TGE,-2.941908207746125,2_41
4653,2_41_chr2_29114692_29115684_fw__2_37_chr2_29114692_29115684_fw,reverse,SNP,31,0.0022785740536567438,40,0.002824060999717594,LR3TGE,L7TGE,LR3TGE / L7TGE,-0.30963999224661215,2_41
4654,2_41_chr2_29114692_29115684_fw__2_37_chr2_29114692_29115684_fw,reverse,noSNP,11,0.0008085262771040059,27,0.0019062411748093759,LR3TGE,L7TGE,LR3TGE / L7TGE,-1.2373640912722959,2_41
4655,2_42_chr7_158818580_158818984_rc__2_38_chr7_158818580_158818984_rc,forward,SNP,64,0.004704152884968761,42,0.0029652640497034735,LR3TGE,L7TGE,LR3TGE / L7TGE,0.6657743694751148,2_42
4656,2_42_chr7_158818580_158818984_rc__2_38_chr7_158818580_158818984_rc,forward,noSNP,68,0.004998162440279309,48,0.003388873199661113,LR3TGE,L7TGE,LR3TGE / L7TGE,0.5605921327830583,2_42
4657,2_42_chr7_158818580_158818984_rc__2_38_chr7_158818580_158818984_rc,reverse,SNP,20,0.001470047776552738,48,0.003388873199661113,LR3TGE,L7TGE,LR3TGE / L7TGE,-1.2049426135799186,2_42
4658,2_42_chr7_158818580_158818984_rc__2_38_chr7_158818580_158818984_rc,reverse,noSNP,10,0.000735023888276369,56,0.003953685399604632,LR3TGE,L7TGE,LR3TGE / L7TGE,-2.4273350349163665,2_42
4659,2_5_chr12_2959230_2960351_fw,forward,SNP,6,0.0004410143329658214,23,0.0016238350748376165,LR3TGE,L7TGE,LR3TGE / L7TGE,-1.8805076630819815,2_5
4660,2_5_chr12_2959230_2960351_fw,forward,noSNP,1,7.350238882763689e-05,13,0.0009178198249082181,LR3TGE,L7TGE,LR3TGE / L7TGE,-3.642347925887217,2_5
4661,2_5_chr12_2959230_2960351_fw,reverse,SNP,8,0.0005880191106210951,14,0.000988421349901158,LR3TGE,L7TGE,LR3TGE / L7TGE,-0.7492631298037292,2_5
4662,2_5_chr12_2959230_2960351_fw,reverse,noSNP,6,0.0004410143329658214,16,0.0011296243998870376,LR3TGE,L7TGE,LR3TGE / L7TGE,-1.3569457070249686,2_5
4663,2_6_chr12_57611320_57611561_fw,forward,noSNP,3,0.0002205071664829107,19,0.001341428974865857,LR3TGE,L7TGE,LR3TGE / L7TGE,-2.604873220468554,2_6
4664,2_6_chr12_57611320_57611561_fw,reverse,noSNP,12,0.0008820286659316428,22,0.0015532335498446767,LR3TGE,L7TGE,LR3TGE / L7TGE,-0.8163773256622658,2_6
4665,2_7_chr14_75069209_75069609_rc,forward,SNP,150,0.011025358324145534,142,0.01002541654899746,LR3TGE,L7TGE,LR3TGE / L7TGE,0.13716336324507383,2_7
4666,2_7_chr14_75069209_75069609_rc,forward,noSNP,17,0.0012495406100698273,21,0.0014826320248517368,LR3TGE,L7TGE,LR3TGE / L7TGE,-0.24676278927454565,2_7
4667,2_7_chr14_75069209_75069609_rc,reverse,SNP,74,0.005439176773245131,101,0.0071307540242869245,LR3TGE,L7TGE,LR3TGE / L7TGE,-0.3906663248689697,2_7
4668,2_7_chr14_75069209_75069609_rc,reverse,noSNP,7,0.0005145167217934582,17,0.0012002259248799774,LR3TGE,L7TGE,LR3TGE / L7TGE,-1.2220161269388603,2_7
4669,3,reverse,SNP,7,0.0005145167217934582,45,0.003177068624682293,LR3TGE,L7TGE,LR3TGE / L7TGE,-2.6264063820181955,3
4670,4,forward,any_SNP,41,0.003013597941933113,585,0.041301892120869814,LR3TGE,L7TGE,LR3TGE / L7TGE,-3.776649017598808,4
4671,4,reverse,any_SNP,202,0.014847482543182654,326,0.02301609714769839,LR3TGE,L7TGE,LR3TGE / L7TGE,-0.6324248792254075,4
4672,8,any_orientation,any_SNP,40,0.002940095553105476,172,0.012143462298785653,LR3TGE,L7TGE,LR3TGE / L7TGE,-2.04624486756086,8
4673,9,any_orientation,any_SNP,18,0.001323042998897464,886,0.0625529511437447,LR3TGE,L7TGE,LR3TGE / L7TGE,-5.563146094858831,9
4674,CMV,any_orientation,any_SNP,147,0.010804851157662623,36,0.0025416548997458347,LR3TGE,L7TGE,LR3TGE / L7TGE,2.0878391356479273,CMV
4675,SV40,any_orientation,any_SNP,36,0.002646085997794928,13,0.0009178198249082181,LR3TGE,L7TGE,LR3TGE / L7TGE,1.5275770755550953,SV40
4676,1_11_chr11_65418158_65418613_bi,forward,noSNP,8,0.0005880191106210951,7,0.00025968244546668645,LR3TGE,L8TGE,LR3TGE / L8TGE,1.1791145522846156,1_11
4677,1_11_chr11_65418158_65418613_bi,reverse,noSNP,12,0.0008820286659316428,13,0.0004822673987238463,LR3TGE,L8TGE,LR3TGE / L8TGE,0.8709922569222839,1_11
4678,1_14_chr14_60655620_60656040_bi,reverse,noSNP,3,0.0002205071664829107,13,0.0004822673987238463,LR3TGE,L8TGE,LR3TGE / L8TGE,-1.1290077430777161,1_14
4679,1_15_chr15_40098659_40099167_bi,forward,noSNP,18,0.001323042998897464,5,0.00018548746104763317,LR3TGE,L8TGE,LR3TGE / L8TGE,2.8344663808971697,1_15
4680,1_15_chr15_40098659_40099167_bi,reverse,noSNP,28,0.002058066887173833,7,0.00025968244546668645,LR3TGE,L8TGE,LR3TGE / L8TGE,2.9864694743422198,1_15
4681,1_16_chr16_30805349_30805831_bi,forward,noSNP,360,0.026460859977949284,348,0.01290992728891527,LR3TGE,L8TGE,LR3TGE / L8TGE,1.0353790748231662,1_16
4682,1_16_chr16_30805349_30805831_bi,reverse,noSNP,214,0.015729511209114297,331,0.012279269921353317,LR3TGE,L8TGE,LR3TGE / L8TGE,0.3572490539361489,1_16
4683,1_17_chr16_73068918_73069480_bi,forward,noSNP,134,0.009849320102903344,83,0.003079091853390711,LR3TGE,L8TGE,LR3TGE / L8TGE,1.6775192334530673,1_17
4684,1_17_chr16_73068918_73069480_bi,reverse,noSNP,43,0.0031606027195883865,50,0.0018548746104763319,LR3TGE,L8TGE,LR3TGE / L8TGE,0.7688780392695929,1_17
4685,1_18_chr16_74297506_74297928_bi,forward,noSNP,145,0.01065784638000735,179,0.006640451105505268,LR3TGE,L8TGE,LR3TGE / L8TGE,0.6825627870928979,1_18
4686,1_18_chr16_74297506_74297928_bi,reverse,noSNP,88,0.006468210216832047,178,0.006603353613295742,LR3TGE,L8TGE,LR3TGE / L8TGE,-0.029832337986880657,1_18
4687,1_19_chr16_807619_808176_bi,forward,SNP,16,0.0011760382212421903,15,0.0005564623831428995,LR3TGE,L8TGE,LR3TGE / L8TGE,1.0795788787337013,1_19
4688,1_19_chr16_807619_808176_bi,forward,noSNP,8,0.0005880191106210951,5,0.00018548746104763317,LR3TGE,L8TGE,LR3TGE / L8TGE,1.6645413794548574,1_19
4689,1_19_chr16_807619_808176_bi,reverse,SNP,20,0.001470047776552738,15,0.0005564623831428995,LR3TGE,L8TGE,LR3TGE / L8TGE,1.4015069736210637,1_19
4690,1_19_chr16_807619_808176_bi,reverse,noSNP,73,0.0053656743844174935,20,0.0007419498441905327,LR3TGE,L8TGE,LR3TGE / L8TGE,2.8543659383348747,1_19
4691,1_20_chr16_87853532_87854041_bi,forward,SNP,11,0.0008085262771040059,15,0.0005564623831428995,LR3TGE,L8TGE,LR3TGE / L8TGE,0.5390104973709987,1_20
4692,1_20_chr16_87853532_87854041_bi,forward,noSNP,4,0.00029400955531054757,8,0.0002967799376762131,LR3TGE,L8TGE,LR3TGE / L8TGE,-0.013530525657780443,1_20
4693,1_20_chr16_87853532_87854041_bi,reverse,SNP,30,0.002205071664829107,18,0.0006677548597714795,LR3TGE,L8TGE,LR3TGE / L8TGE,1.7234350685084259,1_20
4694,1_20_chr16_87853532_87854041_bi,reverse,noSNP,57,0.004189636163175303,21,0.0007790473364000593,LR3TGE,L8TGE,LR3TGE / L8TGE,2.4270420657282012,1_20
4695,1_23_chr2_70142583_70143144_bi,forward,SNP,89,0.006541712605659684,41,0.001520997180590592,LR3TGE,L8TGE,LR3TGE / L8TGE,2.104650900690534,1_23
4696,1_23_chr2_70142583_70143144_bi,forward,noSNP,741,0.05446527012127894,603,0.02236978780234456,LR3TGE,L8TGE,LR3TGE / L8TGE,1.283785014747969,1_23
4697,1_23_chr2_70142583_70143144_bi,reverse,noSNP,125,0.009187798603454611,442,0.016397091556610774,LR3TGE,L8TGE,LR3TGE / L8TGE,-0.8356488003871251,1_23
4698,1_24_chr21_29002584_29003015_bi,forward,noSNP,86,0.006321205439176773,63,0.002337142009200178,LR3TGE,L8TGE,LR3TGE / L8TGE,1.4354543055444011,1_24
4699,1_25_chr22_36465359_36465803_bi,forward,noSNP,58,0.00426313855200294,50,0.0018548746104763319,LR3TGE,L8TGE,LR3TGE / L8TGE,1.2005942796950673,1_25
4700,1_25_chr22_36465359_36465803_bi,reverse,noSNP,17,0.0012495406100698273,95,0.0035242617599050303,LR3TGE,L8TGE,LR3TGE / L8TGE,-1.4959232927383885,1_25
4701,1_26_chr22_40651538_40652054_bi,forward,noSNP,79,0.005806688717383315,614,0.022777860216649355,LR3TGE,L8TGE,LR3TGE / L8TGE,-1.9718446228508566,1_26
4702,1_26_chr22_40651538_40652054_bi,reverse,noSNP,254,0.01866960676221977,712,0.026413414453182966,LR3TGE,L8TGE,LR3TGE / L8TGE,-0.5005792698520123,1_26
4703,1_28_chr7_1532728_1533226_bi,forward,noSNP,13,0.0009555310547592797,14,0.0005193648909333729,LR3TGE,L8TGE,LR3TGE / L8TGE,0.8795542704257079,1_28
4704,1_28_chr7_1532728_1533226_bi,reverse,noSNP,8,0.0005880191106210951,13,0.0004822673987238463,LR3TGE,L8TGE,LR3TGE / L8TGE,0.2860297562011274,1_28
4705,1_29_chr7_25856979_25857429_bi,forward,SNP,18,0.001323042998897464,29,0.0010758272740762724,LR3TGE,L8TGE,LR3TGE / L8TGE,0.2984134806569599,1_29
4706,1_29_chr7_25856979_25857429_bi,reverse,SNP,50,0.003675119441381845,41,0.001520997180590592,LR3TGE,L8TGE,LR3TGE / L8TGE,1.2727736594988608,1_29
4707,1_30_chr9_126805681_126806202_bi,forward,noSNP,85,0.006247703050349137,149,0.005527526339219469,LR3TGE,L8TGE,LR3TGE / L8TGE,0.17669189001775984,1_30
4708,1_30_chr9_126805681_126806202_bi,reverse,noSNP,115,0.008452774715178243,127,0.004711381510609883,LR3TGE,L8TGE,LR3TGE / L8TGE,0.8432748385144289,1_30
4709,1_5_chr1_33127099_33127603_bi,forward,noSNP,101,0.007423741271591327,294,0.01090666270960083,LR3TGE,L8TGE,LR3TGE / L8TGE,-0.5549913877423499,1_5
4710,1_5_chr1_33127099_33127603_bi,reverse,noSNP,2,0.00014700477765527378,279,0.010350200326457932,LR3TGE,L8TGE,LR3TGE / L8TGE,-6.137651837486968,1_5
4711,1_7_chr10_110211049_110211924_bi,forward,noSNP,55,0.00404263138552003,146,0.005416233862590889,LR3TGE,L8TGE,LR3TGE / L8TGE,-0.42199537101313767,1_7
4712,1_7_chr10_110211049_110211924_bi,reverse,noSNP,55,0.00404263138552003,22,0.000816144828609586,LR3TGE,L8TGE,LR3TGE / L8TGE,2.308397569229582,1_7
4713,1_8_chr10_4663047_4663594_bi,forward,noSNP,773,0.056817346563763325,294,0.01090666270960083,LR3TGE,L8TGE,LR3TGE / L8TGE,2.3811217334307027,1_8
4714,1_8_chr10_4663047_4663594_bi,reverse,noSNP,1358,0.0998162440279309,358,0.013280902211010536,LR3TGE,L8TGE,LR3TGE / L8TGE,2.909921461322695,1_8
4715,1_9_chr10_71860316_71860874_bi,forward,noSNP,28,0.002058066887173833,49,0.0018177771182668052,LR3TGE,L8TGE,LR3TGE / L8TGE,0.17911455228461554,1_9
4716,1_9_chr10_71860316_71860874_bi,reverse,noSNP,55,0.00404263138552003,26,0.0009645347974476926,LR3TGE,L8TGE,LR3TGE / L8TGE,2.067389469725787,1_9
4717,22,any_orientation,any_SNP,309,0.022712238147739802,4363,0.16185635851016472,LR3TGE,L8TGE,LR3TGE / L8TGE,-2.8331722561299055,22
4718,2_10_chr16_3305171_3305501_rc,forward,SNP,289,0.021242190371187065,215,0.007975960825048227,LR3TGE,L8TGE,LR3TGE / L8TGE,1.4132023072534385,2_10
4719,2_10_chr16_3305171_3305501_rc,forward,noSNP,360,0.026460859977949284,288,0.010684077756343672,LR3TGE,L8TGE,LR3TGE / L8TGE,1.3083975692295822,2_10
4720,2_10_chr16_3305171_3305501_rc,reverse,SNP,89,0.006541712605659684,173,0.006417866152248108,LR3TGE,L8TGE,LR3TGE / L8TGE,0.027574677671892787,2_10
4721,2_10_chr16_3305171_3305501_rc,reverse,noSNP,119,0.008746784270488792,196,0.007271108473067221,LR3TGE,L8TGE,LR3TGE / L8TGE,0.26657739353495524,2_10
4722,2_11_chr16_4538333_4538583_rc,reverse,noSNP,1,7.350238882763689e-05,8,0.0002967799376762131,LR3TGE,L8TGE,LR3TGE / L8TGE,-2.0135305256577802,2_11
4723,2_12_chr17_58692543_58692822_fw,forward,noSNP,2,0.00014700477765527378,91,0.0033758717910669237,LR3TGE,L8TGE,LR3TGE / L8TGE,-4.521325165856476,2_12
4724,2_12_chr17_58692543_58692822_fw,reverse,noSNP,2,0.00014700477765527378,87,0.0032274818222288175,LR3TGE,L8TGE,LR3TGE / L8TGE,-4.456474021506509,2_12
4725,2_13_chr19_41397182_41397493_rc,forward,SNP,28,0.002058066887173833,25,0.0009274373052381659,LR3TGE,L8TGE,LR3TGE / L8TGE,1.149968206625099,2_13
4726,2_13_chr19_41397182_41397493_rc,forward,noSNP,51,0.0037486218302094816,16,0.0005935598753524262,LR3TGE,L8TGE,LR3TGE / L8TGE,2.6588948163137154,2_13
4727,2_13_chr19_41397182_41397493_rc,reverse,noSNP,123,0.009040793825799339,35,0.0012984122273334323,LR3TGE,L8TGE,LR3TGE / L8TGE,2.7997009627364933,2_13
4728,2_15_chr3_122793601_122793905_rc,forward,SNP,26,0.0019110621095185594,112,0.004154919127466983,LR3TGE,L8TGE,LR3TGE / L8TGE,-1.120445729574292,2_15
4729,2_15_chr3_122793601_122793905_rc,forward,noSNP,29,0.00213156927600147,106,0.003932334174209824,LR3TGE,L8TGE,LR3TGE / L8TGE,-0.8834699850934072,2_15
4730,2_15_chr3_122793601_122793905_rc,reverse,SNP,20,0.001470047776552738,77,0.002856506900133551,LR3TGE,L8TGE,LR3TGE / L8TGE,-0.9583889714653192,2_15
4731,2_15_chr3_122793601_122793905_rc,reverse,noSNP,19,0.001396545387725101,61,0.0022629470247811246,LR3TGE,L8TGE,LR3TGE / L8TGE,-0.6963403497770809,2_15
4732,2_16_chr6_108562603_108562763_rc,forward,SNP,14,0.0010290334435869165,176,0.006529158628876688,LR3TGE,L8TGE,LR3TGE / L8TGE,-2.6656072222374734,2_16
4733,2_16_chr6_108562603_108562763_rc,forward,noSNP,21,0.0015435501653803748,166,0.006158183706781422,LR3TGE,L8TGE,LR3TGE / L8TGE,-1.996252534225945,2_16
4734,2_16_chr6_108562603_108562763_rc,reverse,SNP,1,7.350238882763689e-05,200,0.0074194984419053275,LR3TGE,L8TGE,LR3TGE / L8TGE,-6.657386715432505,2_16
4735,2_16_chr6_108562603_108562763_rc,reverse,noSNP,13,0.0009555310547592797,177,0.006566256121086214,LR3TGE,L8TGE,LR3TGE / L8TGE,-2.7806963575996853,2_16
4736,2_17_chr7_149685_149919_fw,forward,SNP,4,0.00029400955531054757,81,0.0030048968689716576,LR3TGE,L8TGE,LR3TGE / L8TGE,-3.353380528542405,2_17
4737,2_17_chr7_149685_149919_fw,forward,noSNP,12,0.0008820286659316428,70,0.0025968244546668647,LR3TGE,L8TGE,LR3TGE / L8TGE,-1.5578510418815905,2_17
4738,2_17_chr7_149685_149919_fw,reverse,SNP,35,0.0025725836089672913,79,0.0029307018845526043,LR3TGE,L8TGE,LR3TGE / L8TGE,-0.1880282568899167,2_17
4739,2_17_chr7_149685_149919_fw,reverse,noSNP,16,0.0011760382212421903,58,0.002151654548152545,LR3TGE,L8TGE,LR3TGE / L8TGE,-0.8715115207853523,2_17
4740,2_19_chr7_27168362_27168894_fw,forward,SNP,175,0.012862918044836457,16,0.0005935598753524262,LR3TGE,L8TGE,LR3TGE / L8TGE,4.437680586174548,2_19
4741,2_19_chr7_27168362_27168894_fw,forward,noSNP,74,0.005439176773245131,10,0.00037097492209526634,LR3TGE,L8TGE,LR3TGE / L8TGE,3.8739947450838073,2_19
4742,2_19_chr7_27168362_27168894_fw,reverse,SNP,260,0.019110621095185593,14,0.0005193648909333729,LR3TGE,L8TGE,LR3TGE / L8TGE,5.20148236531307,2_19
4743,2_19_chr7_27168362_27168894_fw,reverse,noSNP,1,7.350238882763689e-05,29,0.0010758272740762724,LR3TGE,L8TGE,LR3TGE / L8TGE,-3.8715115207853525,2_19
4744,2_1_chr10_24208466_24209279_fw,forward,noSNP,13,0.0009555310547592797,66,0.002448434485828758,LR3TGE,L8TGE,LR3TGE / L8TGE,-1.3574849268751417,2_1
4745,2_1_chr10_24208466_24209279_fw,reverse,SNP,23,0.0016905549430356486,6,0.00022258495325715982,LR3TGE,L8TGE,LR3TGE / L8TGE,2.9250689296780763,2_1
4746,2_1_chr10_24208466_24209279_fw,reverse,noSNP,15,0.0011025358324145535,128,0.0047484790028194095,LR3TGE,L8TGE,LR3TGE / L8TGE,-2.1066399300492615,2_1
4747,2_20_chr7_7566677_7567687_fw,forward,SNP,16,0.0011760382212421903,49,0.0018177771182668052,LR3TGE,L8TGE,LR3TGE / L8TGE,-0.6282403697729886,2_20
4748,2_20_chr7_7566677_7567687_fw,forward,noSNP,7,0.0005145167217934582,46,0.0017064846416382253,LR3TGE,L8TGE,LR3TGE / L8TGE,-1.7297375596571891,2_20
4749,2_20_chr7_7566677_7567687_fw,reverse,SNP,22,0.0016170525542080118,41,0.001520997180590592,LR3TGE,L8TGE,LR3TGE / L8TGE,0.08834908836143339,2_20
4750,2_20_chr7_7566677_7567687_fw,reverse,noSNP,26,0.0019110621095185594,97,0.0035984567443240836,LR3TGE,L8TGE,LR3TGE / L8TGE,-0.9130036497038158,2_20
4751,2_22_chr10_122375105_122375476_rc__2_21_chr10_122375073_122375541_fw,forward,SNP,1,7.350238882763689e-05,88,0.003264579314438344,LR3TGE,L8TGE,LR3TGE / L8TGE,-5.472962144295078,2_22
4752,2_22_chr10_122375105_122375476_rc__2_21_chr10_122375073_122375541_fw,forward,noSNP,11,0.0008085262771040059,88,0.003264579314438344,LR3TGE,L8TGE,LR3TGE / L8TGE,-2.0135305256577802,2_22
4753,2_22_chr10_122375105_122375476_rc__2_21_chr10_122375073_122375541_fw,reverse,SNP,10,0.000735023888276369,35,0.0012984122273334323,LR3TGE,L8TGE,LR3TGE / L8TGE,-0.8208854477153842,2_22
4754,2_22_chr10_122375105_122375476_rc__2_21_chr10_122375073_122375541_fw,reverse,noSNP,20,0.001470047776552738,51,0.0018919721026858585,LR3TGE,L8TGE,LR3TGE / L8TGE,-0.36402777274191345,2_22
4755,2_23_chr12_53046798_53047380_fw__2_24_chr12_53046888_53047426_rc,forward,SNP,17,0.0012495406100698273,40,0.0014838996883810654,LR3TGE,L8TGE,LR3TGE / L8TGE,-0.24799577929480307,2_23
4756,2_23_chr12_53046798_53047380_fw__2_24_chr12_53046888_53047426_rc,forward,noSNP,7,0.0005145167217934582,59,0.0021887520403620717,LR3TGE,L8TGE,LR3TGE / L8TGE,-2.0888186529620176,2_23
4757,2_23_chr12_53046798_53047380_fw__2_24_chr12_53046888_53047426_rc,reverse,SNP,8,0.0005880191106210951,68,0.0025226294702478114,LR3TGE,L8TGE,LR3TGE / L8TGE,-2.1009933669081198,2_23
4758,2_23_chr12_53046798_53047380_fw__2_24_chr12_53046888_53047426_rc,reverse,noSNP,4,0.00029400955531054757,62,0.0023000445169906515,LR3TGE,L8TGE,LR3TGE / L8TGE,-2.9677268360446556,2_23
4759,2_32_chr22_44023936_44024267_rc__2_31_chr22_44023811_44024452_fw,forward,SNP,18,0.001323042998897464,71,0.002633921946876391,LR3TGE,L8TGE,LR3TGE / L8TGE,-0.9933526437201501,2_32
4760,2_32_chr22_44023936_44024267_rc__2_31_chr22_44023811_44024452_fw,forward,noSNP,18,0.001323042998897464,52,0.0019290695948953852,LR3TGE,L8TGE,LR3TGE / L8TGE,-0.5440452423565602,2_32
4761,2_32_chr22_44023936_44024267_rc__2_31_chr22_44023811_44024452_fw,reverse,SNP,37,0.0027195883866225653,50,0.0018548746104763319,LR3TGE,L8TGE,LR3TGE / L8TGE,0.5520666501964449,2_32
4762,2_32_chr22_44023936_44024267_rc__2_31_chr22_44023811_44024452_fw,reverse,noSNP,43,0.0031606027195883865,52,0.0019290695948953852,LR3TGE,L8TGE,LR3TGE / L8TGE,0.7122945109032254,2_32
4763,2_33_chr5_132369336_132370461_fw__2_34_chr5_132369418_132370280_rc,forward,noSNP,26,0.0019110621095185594,6,0.00022258495325715982,LR3TGE,L8TGE,LR3TGE / L8TGE,3.101946691762156,2_33
4764,2_39_chr14_100375283_100375730_rc__2_35_chr14_100375283_100375730_rc,forward,SNP,109,0.008011760382212421,277,0.010276005342038878,LR3TGE,L8TGE,LR3TGE / L8TGE,-0.3590883669300422,2_39
4765,2_39_chr14_100375283_100375730_rc__2_35_chr14_100375283_100375730_rc,forward,noSNP,145,0.01065784638000735,302,0.011203442647277044,LR3TGE,L8TGE,LR3TGE / L8TGE,-0.07202617496792456,2_39
4766,2_39_chr14_100375283_100375730_rc__2_35_chr14_100375283_100375730_rc,reverse,SNP,41,0.003013597941933113,149,0.005527526339219469,LR3TGE,L8TGE,LR3TGE / L8TGE,-0.8751470415018581,2_39
4767,2_39_chr14_100375283_100375730_rc__2_35_chr14_100375283_100375730_rc,reverse,noSNP,37,0.0027195883866225653,200,0.0074194984419053275,LR3TGE,L8TGE,LR3TGE / L8TGE,-1.4479333498035551,2_39
4768,2_3_chr10_71888998_71889183_rc,forward,SNP,10,0.000735023888276369,24,0.0008903398130286393,LR3TGE,L8TGE,LR3TGE / L8TGE,-0.276564931491574,2_3
4769,2_3_chr10_71888998_71889183_rc,forward,noSNP,12,0.0008820286659316428,17,0.0006306573675619528,LR3TGE,L8TGE,LR3TGE / L8TGE,0.4839691338130364,2_3
4770,2_3_chr10_71888998_71889183_rc,reverse,SNP,3,0.0002205071664829107,7,0.00025968244546668645,LR3TGE,L8TGE,LR3TGE / L8TGE,-0.2359229469942281,2_3
4771,2_40_chr2_27890876_27891263_rc__2_36_chr2_27890876_27891263_rc,forward,SNP,20,0.001470047776552738,70,0.0025968244546668647,LR3TGE,L8TGE,LR3TGE / L8TGE,-0.8208854477153842,2_40
4772,2_40_chr2_27890876_27891263_rc__2_36_chr2_27890876_27891263_rc,forward,noSNP,11,0.0008085262771040059,40,0.0014838996883810654,LR3TGE,L8TGE,LR3TGE / L8TGE,-0.8760270019078453,2_40
4773,2_40_chr2_27890876_27891263_rc__2_36_chr2_27890876_27891263_rc,reverse,SNP,31,0.0022785740536567438,61,0.0022629470247811246,LR3TGE,L8TGE,LR3TGE / L8TGE,0.009928447166208871,2_40
4774,2_40_chr2_27890876_27891263_rc__2_36_chr2_27890876_27891263_rc,reverse,noSNP,20,0.001470047776552738,32,0.0011871197507048524,LR3TGE,L8TGE,LR3TGE / L8TGE,0.30839756922958217,2_40
4775,2_41_chr2_29114692_29115684_fw__2_37_chr2_29114692_29115684_fw,forward,SNP,14,0.0010290334435869165,103,0.0038210416975812435,LR3TGE,L8TGE,LR3TGE / L8TGE,-1.8926761307833948,2_41
4776,2_41_chr2_29114692_29115684_fw__2_37_chr2_29114692_29115684_fw,forward,noSNP,4,0.00029400955531054757,47,0.001743582133847752,LR3TGE,L8TGE,LR3TGE / L8TGE,-2.568119377335418,2_41
4777,2_41_chr2_29114692_29115684_fw__2_37_chr2_29114692_29115684_fw,reverse,SNP,31,0.0022785740536567438,97,0.0035984567443240836,LR3TGE,L8TGE,LR3TGE / L8TGE,-0.6592470574580328,2_41
4778,2_41_chr2_29114692_29115684_fw__2_37_chr2_29114692_29115684_fw,reverse,noSNP,11,0.0008085262771040059,43,0.0015951921650096453,LR3TGE,L8TGE,LR3TGE / L8TGE,-0.9803636617225808,2_41
4779,2_42_chr7_158818580_158818984_rc__2_38_chr7_158818580_158818984_rc,forward,SNP,64,0.004704152884968761,219,0.008124350793886334,LR3TGE,L8TGE,LR3TGE / L8TGE,-0.7883175852589539,2_42
4780,2_42_chr7_158818580_158818984_rc__2_38_chr7_158818580_158818984_rc,forward,noSNP,68,0.004998162440279309,210,0.007790473364000594,LR3TGE,L8TGE,LR3TGE / L8TGE,-0.6403132020735635,2_42
4781,2_42_chr7_158818580_158818984_rc__2_38_chr7_158818580_158818984_rc,reverse,SNP,20,0.001470047776552738,217,0.00805015580946728,LR3TGE,L8TGE,LR3TGE / L8TGE,-2.453153663214897,2_42
4782,2_42_chr7_158818580_158818984_rc__2_38_chr7_158818580_158818984_rc,reverse,noSNP,10,0.000735023888276369,255,0.009459860513429293,LR3TGE,L8TGE,LR3TGE / L8TGE,-3.685955867629276,2_42
4783,2_5_chr12_2959230_2960351_fw,forward,SNP,6,0.0004410143329658214,46,0.0017064846416382253,LR3TGE,L8TGE,LR3TGE / L8TGE,-1.952129980993637,2_5
4784,2_5_chr12_2959230_2960351_fw,forward,noSNP,1,7.350238882763689e-05,45,0.0016693871494286986,LR3TGE,L8TGE,LR3TGE / L8TGE,-4.5053836219874555,2_5
4785,2_5_chr12_2959230_2960351_fw,reverse,SNP,8,0.0005880191106210951,34,0.0012613147351239057,LR3TGE,L8TGE,LR3TGE / L8TGE,-1.1009933669081198,2_5
4786,2_5_chr12_2959230_2960351_fw,reverse,noSNP,6,0.0004410143329658214,32,0.0011871197507048524,LR3TGE,L8TGE,LR3TGE / L8TGE,-1.428568024936624,2_5
4787,2_6_chr12_57611320_57611561_fw,forward,noSNP,3,0.0002205071664829107,66,0.002448434485828758,LR3TGE,L8TGE,LR3TGE / L8TGE,-3.4729621442950775,2_6
4788,2_6_chr12_57611320_57611561_fw,reverse,noSNP,12,0.0008820286659316428,42,0.0015580946728001187,LR3TGE,L8TGE,LR3TGE / L8TGE,-0.8208854477153842,2_6
4789,2_7_chr14_75069209_75069609_rc,forward,SNP,150,0.011025358324145534,272,0.010090517880991245,LR3TGE,L8TGE,LR3TGE / L8TGE,0.12782532358776105,2_7
4790,2_7_chr14_75069209_75069609_rc,forward,noSNP,17,0.0012495406100698273,34,0.0012613147351239057,LR3TGE,L8TGE,LR3TGE / L8TGE,-0.013530525657780281,2_7
4791,2_7_chr14_75069209_75069609_rc,reverse,SNP,74,0.005439176773245131,229,0.0084953257159816,LR3TGE,L8TGE,LR3TGE / L8TGE,-0.6432809481257744,2_7
4792,2_7_chr14_75069209_75069609_rc,reverse,noSNP,7,0.0005145167217934582,37,0.0013726072117524856,LR3TGE,L8TGE,LR3TGE / L8TGE,-1.415628969229126,2_7
4793,3,reverse,SNP,7,0.0005145167217934582,44,0.001632289657219172,LR3TGE,L8TGE,LR3TGE / L8TGE,-1.6656072222374734,3
4794,4,forward,any_SNP,41,0.003013597941933113,954,0.03539100756788841,LR3TGE,L8TGE,LR3TGE / L8TGE,-3.5538239770452082,4
4795,4,reverse,any_SNP,202,0.014847482543182654,587,0.021776227926992135,LR3TGE,L8TGE,LR3TGE / L8TGE,-0.5525357360160377,4
4796,8,any_orientation,any_SNP,40,0.002940095553105476,311,0.011537320077162783,LR3TGE,L8TGE,LR3TGE / L8TGE,-1.9723732009010202,8
4797,9,any_orientation,any_SNP,18,0.001323042998897464,1607,0.0596156699807093,LR3TGE,L8TGE,LR3TGE / L8TGE,-5.493759737890562,9
4798,CMV,any_orientation,any_SNP,147,0.010804851157662623,73,0.0027081169312954444,LR3TGE,L8TGE,LR3TGE / L8TGE,1.9963172602985668,CMV
4799,SV40,any_orientation,any_SNP,36,0.002646085997794928,24,0.0008903398130286393,LR3TGE,L8TGE,LR3TGE / L8TGE,1.5714319750633758,SV40
4800,1_11_chr11_65418158_65418613_bi,forward,noSNP,8,0.0005880191106210951,5,0.00015832805573147562,LR3TGE,LTGE,LR3TGE / LTGE,1.8929461197231958,1_11
4801,1_11_chr11_65418158_65418613_bi,reverse,noSNP,12,0.0008820286659316428,20,0.0006333122229259025,LR3TGE,LTGE,LR3TGE / LTGE,0.47790862044435223,1_11
4802,1_14_chr14_60655620_60656040_bi,reverse,noSNP,3,0.0002205071664829107,8,0.000253324889170361,LR3TGE,LTGE,LR3TGE / LTGE,-0.20016328466828556,1_14
4803,1_15_chr15_40098659_40099167_bi,forward,noSNP,18,0.001323042998897464,10,0.00031665611146295124,LR3TGE,LTGE,LR3TGE / LTGE,2.062871121165508,1_15
4804,1_15_chr15_40098659_40099167_bi,reverse,noSNP,28,0.002058066887173833,14,0.00044331855604813175,LR3TGE,LTGE,LR3TGE / LTGE,2.2148742146105582,1_15
4805,1_16_chr16_30805349_30805831_bi,forward,noSNP,360,0.026460859977949284,473,0.014977834072197594,LR3TGE,LTGE,LR3TGE / LTGE,0.8210309376008378,1_16
4806,1_16_chr16_30805349_30805831_bi,reverse,noSNP,214,0.015729511209114297,415,0.013141228625712476,LR3TGE,LTGE,LR3TGE / LTGE,0.2593736747774182,1_16
4807,1_17_chr16_73068918_73069480_bi,forward,noSNP,134,0.009849320102903344,82,0.0025965801139962003,LR3TGE,LTGE,LR3TGE / LTGE,1.923411400450247,1_17
4808,1_17_chr16_73068918_73069480_bi,reverse,noSNP,43,0.0031606027195883865,37,0.0011716276124129196,LR3TGE,LTGE,LR3TGE / LTGE,1.4316856036837062,1_17
4809,1_18_chr16_74297506_74297928_bi,forward,noSNP,145,0.01065784638000735,247,0.007821405953134896,LR3TGE,LTGE,LR3TGE / LTGE,0.44641607304081504,1_18
4810,1_18_chr16_74297506_74297928_bi,reverse,noSNP,88,0.006468210216832047,10,0.00031665611146295124,LR3TGE,LTGE,LR3TGE / LTGE,4.352377738360493,1_18
4811,1_19_chr16_807619_808176_bi,forward,SNP,16,0.0011760382212421903,15,0.00047498416719442683,LR3TGE,LTGE,LR3TGE / LTGE,1.3079836190020397,1_19
4812,1_19_chr16_807619_808176_bi,forward,noSNP,8,0.0005880191106210951,7,0.00022165927802406587,LR3TGE,LTGE,LR3TGE / LTGE,1.4075192925529538,1_19
4813,1_19_chr16_807619_808176_bi,reverse,SNP,20,0.001470047776552738,22,0.0006966434452184928,LR3TGE,LTGE,LR3TGE / LTGE,1.0773706908606233,1_19
4814,1_19_chr16_807619_808176_bi,reverse,noSNP,73,0.0053656743844174935,33,0.001044965167827739,LR3TGE,LTGE,LR3TGE / LTGE,2.360304654132122,1_19
4815,1_20_chr16_87853532_87854041_bi,forward,SNP,11,0.0008085262771040059,16,0.000506649778340722,LR3TGE,LTGE,LR3TGE / LTGE,0.6743058332478555,1_20
4816,1_20_chr16_87853532_87854041_bi,forward,noSNP,4,0.00029400955531054757,11,0.0003483217226092464,LR3TGE,LTGE,LR3TGE / LTGE,-0.2445574040267392,1_20
4817,1_20_chr16_87853532_87854041_bi,reverse,SNP,30,0.002205071664829107,34,0.0010766307789740342,LR3TGE,LTGE,LR3TGE / LTGE,1.0343019689687374,1_20
4818,1_20_chr16_87853532_87854041_bi,reverse,noSNP,57,0.004189636163175303,24,0.0007599746675110829,LR3TGE,LTGE,LR3TGE / LTGE,2.462801728054144,1_20
4819,1_23_chr2_70142583_70143144_bi,forward,SNP,89,0.006541712605659684,40,0.001266624445851805,LR3TGE,LTGE,LR3TGE / LTGE,2.3686795506895937,1_23
4820,1_23_chr2_70142583_70143144_bi,forward,noSNP,741,0.05446527012127894,714,0.022609246358454717,LR3TGE,LTGE,LR3TGE / LTGE,1.2684236828872926,1_23
4821,1_23_chr2_70142583_70143144_bi,reverse,SNP,6,0.0004410143329658214,13,0.0004116529449018366,LR3TGE,LTGE,LR3TGE / LTGE,0.09939699719062227,1_23
4822,1_23_chr2_70142583_70143144_bi,reverse,noSNP,125,0.009187798603454611,524,0.016592780240658644,LR3TGE,LTGE,LR3TGE / LTGE,-0.8527645022648049,1_23
4823,1_24_chr21_29002584_29003015_bi,forward,noSNP,86,0.006321205439176773,120,0.0037998733375554147,LR3TGE,LTGE,LR3TGE / LTGE,0.7342483737041378,1_24
4824,1_24_chr21_29002584_29003015_bi,reverse,noSNP,36,0.002646085997794928,82,0.0025965801139962003,LR3TGE,LTGE,LR3TGE / LTGE,0.027247211434786728,1_24
4825,1_25_chr22_36465359_36465803_bi,forward,noSNP,58,0.00426313855200294,69,0.0021849271690943636,LR3TGE,LTGE,LR3TGE / LTGE,0.9643307529599615,1_25
4826,1_25_chr22_36465359_36465803_bi,reverse,noSNP,17,0.0012495406100698273,99,0.0031348955034832173,LR3TGE,LTGE,LR3TGE / LTGE,-1.327019564218712,1_25
4827,1_26_chr22_40651538_40652054_bi,forward,noSNP,79,0.005806688717383315,512,0.016212792906903105,LR3TGE,LTGE,LR3TGE / LTGE,-1.481345037212339,1_26
4828,1_26_chr22_40651538_40652054_bi,reverse,noSNP,254,0.01866960676221977,673,0.02131095630145662,LR3TGE,LTGE,LR3TGE / LTGE,-0.19090379322759302,1_26
4829,1_28_chr7_1532728_1533226_bi,forward,noSNP,13,0.0009555310547592797,13,0.0004116529449018366,LR3TGE,LTGE,LR3TGE / LTGE,1.2148742146105582,1_28
4830,1_28_chr7_1532728_1533226_bi,reverse,noSNP,8,0.0005880191106210951,11,0.0003483217226092464,LR3TGE,LTGE,LR3TGE / LTGE,0.7554425959732608,1_28
4831,1_29_chr7_25856979_25857429_bi,forward,SNP,18,0.001323042998897464,31,0.0009816339455351489,LR3TGE,LTGE,LR3TGE / LTGE,0.4306029056659954,1_29
4832,1_29_chr7_25856979_25857429_bi,reverse,SNP,50,0.003675119441381845,59,0.0018682710576314124,LR3TGE,LTGE,LR3TGE / LTGE,0.9760873550234416,1_29
4833,1_30_chr9_126805681_126806202_bi,forward,noSNP,85,0.006247703050349137,156,0.004939835338822039,LR3TGE,LTGE,LR3TGE / LTGE,0.3388629318860119,1_30
4834,1_30_chr9_126805681_126806202_bi,reverse,noSNP,115,0.008452774715178243,198,0.006269791006966435,LR3TGE,LTGE,LR3TGE / LTGE,0.4310076454753237,1_30
4835,1_5_chr1_33127099_33127603_bi,forward,noSNP,101,0.007423741271591327,259,0.008201393286890436,LR3TGE,LTGE,LR3TGE / LTGE,-0.1437225903242006,1_5
4836,1_5_chr1_33127099_33127603_bi,reverse,noSNP,2,0.00014700477765527378,316,0.010006333122229259,LR3TGE,LTGE,LR3TGE / LTGE,-6.088906533566544,1_5
4837,1_7_chr10_110211049_110211924_bi,forward,noSNP,55,0.00404263138552003,192,0.0060797973400886635,LR3TGE,LTGE,LR3TGE / LTGE,-0.5887285725859382,1_7
4838,1_7_chr10_110211049_110211924_bi,reverse,noSNP,55,0.00404263138552003,28,0.0008866371120962635,LR3TGE,LTGE,LR3TGE / LTGE,2.188879006077614,1_7
4839,1_8_chr10_4663047_4663594_bi,forward,noSNP,773,0.056817346563763325,350,0.011082963901203294,LR3TGE,LTGE,LR3TGE / LTGE,2.357987706703077,1_8
4840,1_8_chr10_4663047_4663594_bi,reverse,noSNP,1358,0.0998162440279309,431,0.013647878404053198,LR3TGE,LTGE,LR3TGE / LTGE,2.870597919766192,1_8
4841,1_9_chr10_71860316_71860874_bi,forward,noSNP,28,0.002058066887173833,60,0.0018999366687777073,LR3TGE,LTGE,LR3TGE / LTGE,0.11533854105964376,1_9
4842,1_9_chr10_71860316_71860874_bi,reverse,noSNP,55,0.00404263138552003,37,0.0011716276124129196,LR3TGE,LTGE,LR3TGE / LTGE,1.7867805625062683,1_9
4843,22,any_orientation,any_SNP,309,0.022712238147739802,4721,0.14949335022165927,LR3TGE,LTGE,LR3TGE / LTGE,-2.7185395250890605,22
4844,2_10_chr16_3305171_3305501_rc,forward,SNP,289,0.021242190371187065,276,0.008739708676377455,LR3TGE,LTGE,LR3TGE / LTGE,1.281275440333068,2_10
4845,2_10_chr16_3305171_3305501_rc,forward,noSNP,360,0.026460859977949284,329,0.010417986067131096,LR3TGE,LTGE,LR3TGE / LTGE,1.3447835372049914,2_10
4846,2_10_chr16_3305171_3305501_rc,reverse,SNP,89,0.006541712605659684,213,0.006744775174160862,LR3TGE,LTGE,LR3TGE / LTGE,-0.044101974648882304,2_10
4847,2_10_chr16_3305171_3305501_rc,reverse,noSNP,119,0.008746784270488792,248,0.007853071564281191,LR3TGE,LTGE,LR3TGE / LTGE,0.15549566753162677,2_10
4848,2_11_chr16_4538333_4538583_rc,reverse,SNP,4,0.00029400955531054757,17,0.0005383153894870171,LR3TGE,LTGE,LR3TGE / LTGE,-0.8725886266397812,2_11
4849,2_12_chr17_58692543_58692822_fw,forward,noSNP,2,0.00014700477765527378,102,0.0032298923369221025,LR3TGE,LTGE,LR3TGE / LTGE,-4.457551127360937,2_12
4850,2_12_chr17_58692543_58692822_fw,reverse,noSNP,2,0.00014700477765527378,106,0.0033565547815072832,LR3TGE,LTGE,LR3TGE / LTGE,-4.513046239952641,2_12
4851,2_13_chr19_41397182_41397493_rc,forward,SNP,28,0.002058066887173833,279,0.00883470550981634,LR3TGE,LTGE,LR3TGE / LTGE,-2.1018921751610256,2_13
4852,2_13_chr19_41397182_41397493_rc,forward,noSNP,51,0.0037486218302094816,325,0.010291323622545916,LR3TGE,LTGE,LR3TGE / LTGE,-1.456996351333763,2_13
4853,2_13_chr19_41397182_41397493_rc,reverse,SNP,85,0.006247703050349137,217,0.006871437618746042,LR3TGE,LTGE,LR3TGE / LTGE,-0.13728608169621911,2_13
4854,2_13_chr19_41397182_41397493_rc,reverse,noSNP,123,0.009040793825799339,316,0.010006333122229259,LR3TGE,LTGE,LR3TGE / LTGE,-0.14639202822730463,2_13
4855,2_15_chr3_122793601_122793905_rc,forward,SNP,26,0.0019110621095185594,125,0.003958201393286891,LR3TGE,LTGE,LR3TGE / LTGE,-1.0504703519104366,2_15
4856,2_15_chr3_122793601_122793905_rc,forward,noSNP,29,0.00213156927600147,135,0.004274857504749842,LR3TGE,LTGE,LR3TGE / LTGE,-1.0039603873127003,2_15
4857,2_15_chr3_122793601_122793905_rc,reverse,SNP,20,0.001470047776552738,87,0.002754908169727676,LR3TGE,LTGE,LR3TGE / LTGE,-0.9061411863508076,2_15
4858,2_15_chr3_122793601_122793905_rc,reverse,noSNP,19,0.001396545387725101,56,0.001773274224192527,LR3TGE,LTGE,LR3TGE / LTGE,-0.3445531940034604,2_15
4859,2_16_chr6_108562603_108562763_rc,forward,noSNP,21,0.0015435501653803748,337,0.010671310956301456,LR3TGE,LTGE,LR3TGE / LTGE,-2.78941314379254,2_16
4860,2_16_chr6_108562603_108562763_rc,reverse,noSNP,13,0.0009555310547592797,330,0.01044965167827739,LR3TGE,LTGE,LR3TGE / LTGE,-3.451008281494165,2_16
4861,2_17_chr7_149685_149919_fw,forward,SNP,4,0.00029400955531054757,96,0.0030398986700443317,LR3TGE,LTGE,LR3TGE / LTGE,-3.370088286110598,2_17
4862,2_17_chr7_149685_149919_fw,forward,noSNP,12,0.0008820286659316428,83,0.002628245725142495,LR3TGE,LTGE,LR3TGE / LTGE,-1.57520271601521,2_17
4863,2_17_chr7_149685_149919_fw,reverse,SNP,35,0.0025725836089672913,80,0.00253324889170361,LR3TGE,LTGE,LR3TGE / LTGE,0.022229136668162435,2_17
4864,2_17_chr7_149685_149919_fw,reverse,noSNP,16,0.0011760382212421903,70,0.002216592780240659,LR3TGE,LTGE,LR3TGE / LTGE,-0.9144088023344085,2_17
4865,2_19_chr7_27168362_27168894_fw,forward,SNP,175,0.012862918044836457,261,0.008264724509183027,LR3TGE,LTGE,LR3TGE / LTGE,0.6381793298730027,2_19
4866,2_19_chr7_27168362_27168894_fw,forward,noSNP,74,0.005439176773245131,146,0.004623179227359088,LR3TGE,LTGE,LR3TGE / LTGE,0.23450302135949105,2_19
4867,2_19_chr7_27168362_27168894_fw,reverse,SNP,260,0.019110621095185593,313,0.009911336288790373,LR3TGE,LTGE,LR3TGE / LTGE,0.9472231807063944,2_19
4868,2_19_chr7_27168362_27168894_fw,reverse,noSNP,1,7.350238882763689e-05,264,0.008359721342621912,LR3TGE,LTGE,LR3TGE / LTGE,-6.829519904747896,2_19
4869,2_1_chr10_24208466_24209279_fw,forward,SNP,23,0.0016905549430356486,37,0.0011716276124129196,LR3TGE,LTGE,LR3TGE / LTGE,0.5289828050386214,2_1
4870,2_1_chr10_24208466_24209279_fw,forward,noSNP,13,0.0009555310547592797,47,0.0014882837238758709,LR3TGE,LTGE,LR3TGE / LTGE,-0.6392749189259871,2_1
4871,2_1_chr10_24208466_24209279_fw,reverse,SNP,23,0.0016905549430356486,84,0.0026599113362887903,LR3TGE,LTGE,LR3TGE / LTGE,-0.6538812521111891,2_1
4872,2_1_chr10_24208466_24209279_fw,reverse,noSNP,15,0.0011025358324145535,52,0.0016466117796073464,LR3TGE,LTGE,LR3TGE / LTGE,-0.5786749079220154,2_1
4873,2_20_chr7_7566677_7567687_fw,forward,SNP,16,0.0011760382212421903,59,0.0018682710576314124,LR3TGE,LTGE,LR3TGE / LTGE,-0.6677688347512831,2_20
4874,2_20_chr7_7566677_7567687_fw,forward,noSNP,7,0.0005145167217934582,37,0.0011716276124129196,LR3TGE,LTGE,LR3TGE / LTGE,-1.1872242289607875,2_20
4875,2_20_chr7_7566677_7567687_fw,reverse,SNP,22,0.0016170525542080118,65,0.002058264724509183,LR3TGE,LTGE,LR3TGE / LTGE,-0.34806197978059866,2_20
4876,2_20_chr7_7566677_7567687_fw,reverse,noSNP,26,0.0019110621095185594,118,0.0037365421152628247,LR3TGE,LTGE,LR3TGE / LTGE,-0.9673291166101906,2_20
4877,2_22_chr10_122375105_122375476_rc__2_21_chr10_122375073_122375541_fw,forward,SNP,1,7.350238882763689e-05,88,0.002786573780873971,LR3TGE,LTGE,LR3TGE / LTGE,-5.2445574040267395,2_22
4878,2_22_chr10_122375105_122375476_rc__2_21_chr10_122375073_122375541_fw,forward,noSNP,11,0.0008085262771040059,86,0.0027232425585813807,LR3TGE,LTGE,LR3TGE / LTGE,-1.7519589214542421,2_22
4879,2_22_chr10_122375105_122375476_rc__2_21_chr10_122375073_122375541_fw,reverse,SNP,10,0.000735023888276369,36,0.0011399620012666244,LR3TGE,LTGE,LR3TGE / LTGE,-0.6331226919443916,2_22
4880,2_22_chr10_122375105_122375476_rc__2_21_chr10_122375073_122375541_fw,reverse,noSNP,20,0.001470047776552738,53,0.0016782773907536416,LR3TGE,LTGE,LR3TGE / LTGE,-0.19111814506527838,2_22
4881,2_23_chr12_53046798_53047380_fw__2_24_chr12_53046888_53047426_rc,forward,SNP,17,0.0012495406100698273,52,0.0016466117796073464,LR3TGE,LTGE,LR3TGE / LTGE,-0.39810266228019453,2_23
4882,2_23_chr12_53046798_53047380_fw__2_24_chr12_53046888_53047426_rc,forward,noSNP,7,0.0005145167217934582,60,0.0018999366687777073,LR3TGE,LTGE,LR3TGE / LTGE,-1.8846614589403563,2_23
4883,2_23_chr12_53046798_53047380_fw__2_24_chr12_53046888_53047426_rc,reverse,SNP,8,0.0005880191106210951,52,0.0016466117796073464,LR3TGE,LTGE,LR3TGE / LTGE,-1.485565503530534,2_23
4884,2_23_chr12_53046798_53047380_fw__2_24_chr12_53046888_53047426_rc,reverse,noSNP,4,0.00029400955531054757,71,0.0022482583913869536,LR3TGE,LTGE,LR3TGE / LTGE,-2.9348729048941236,2_23
4885,2_32_chr22_44023936_44024267_rc__2_31_chr22_44023811_44024452_fw,forward,SNP,18,0.001323042998897464,110,0.0034832172260924636,LR3TGE,LTGE,LR3TGE / LTGE,-1.396560497471789,2_32
4886,2_32_chr22_44023936_44024267_rc__2_31_chr22_44023811_44024452_fw,forward,noSNP,18,0.001323042998897464,54,0.0017099430018999366,LR3TGE,LTGE,LR3TGE / LTGE,-0.3700882861105979,2_32
4887,2_32_chr22_44023936_44024267_rc__2_31_chr22_44023811_44024452_fw,reverse,SNP,37,0.0027195883866225653,54,0.0017099430018999366,LR3TGE,LTGE,LR3TGE / LTGE,0.6694400780760397,2_32
4888,2_32_chr22_44023936_44024267_rc__2_31_chr22_44023811_44024452_fw,reverse,noSNP,43,0.0031606027195883865,66,0.002089930335655478,LR3TGE,LTGE,LR3TGE / LTGE,0.5967448499542027,2_32
4889,2_33_chr5_132369336_132370461_fw__2_34_chr5_132369418_132370280_rc,forward,SNP,20,0.001470047776552738,31,0.0009816339455351489,LR3TGE,LTGE,LR3TGE / LTGE,0.5826059991110455,2_33
4890,2_33_chr5_132369336_132370461_fw__2_34_chr5_132369418_132370280_rc,forward,noSNP,26,0.0019110621095185594,36,0.0011399620012666244,LR3TGE,LTGE,LR3TGE / LTGE,0.7453889313093381,2_33
4891,2_33_chr5_132369336_132370461_fw__2_34_chr5_132369418_132370280_rc,reverse,noSNP,4,0.00029400955531054757,34,0.0010766307789740342,LR3TGE,LTGE,LR3TGE / LTGE,-1.872588626639781,2_33
4892,2_39_chr14_100375283_100375730_rc__2_35_chr14_100375283_100375730_rc,forward,SNP,109,0.008011760382212421,330,0.01044965167827739,LR3TGE,LTGE,LR3TGE / LTGE,-0.38326367485833107,2_39
4893,2_39_chr14_100375283_100375730_rc__2_35_chr14_100375283_100375730_rc,forward,noSNP,145,0.01065784638000735,369,0.0116846105129829,LR3TGE,LTGE,LR3TGE / LTGE,-0.1326937014349032,2_39
4894,2_39_chr14_100375283_100375730_rc__2_35_chr14_100375283_100375730_rc,reverse,SNP,41,0.003013597941933113,214,0.006776440785307156,LR3TGE,LTGE,LR3TGE / LTGE,-1.1690407671725047,2_39
4895,2_3_chr10_71888998_71889183_rc,forward,SNP,10,0.000735023888276369,32,0.001013299556681444,LR3TGE,LTGE,LR3TGE / LTGE,-0.4631976905020793,2_3
4896,2_3_chr10_71888998_71889183_rc,forward,noSNP,12,0.0008820286659316428,18,0.0005699810006333122,LR3TGE,LTGE,LR3TGE / LTGE,0.6299117138894023,2_3
4897,2_40_chr2_27890876_27891263_rc__2_36_chr2_27890876_27891263_rc,forward,SNP,20,0.001470047776552738,52,0.0016466117796073464,LR3TGE,LTGE,LR3TGE / LTGE,-0.1636374086431714,2_40
4898,2_40_chr2_27890876_27891263_rc__2_36_chr2_27890876_27891263_rc,forward,noSNP,11,0.0008085262771040059,41,0.0012982900569981002,LR3TGE,LTGE,LR3TGE / LTGE,-0.6832461713702281,2_40
4899,2_40_chr2_27890876_27891263_rc__2_36_chr2_27890876_27891263_rc,reverse,SNP,31,0.0022785740536567438,59,0.0018682710576314124,LR3TGE,LTGE,LR3TGE / LTGE,0.28642747563559207,2_40
4900,2_40_chr2_27890876_27891263_rc__2_36_chr2_27890876_27891263_rc,reverse,noSNP,20,0.001470047776552738,40,0.001266624445851805,LR3TGE,LTGE,LR3TGE / LTGE,0.21487421461055853,2_40
4901,2_41_chr2_29114692_29115684_fw__2_37_chr2_29114692_29115684_fw,forward,SNP,14,0.0010290334435869165,122,0.003863204559848005,LR3TGE,LTGE,LR3TGE / LTGE,-1.908508200894724,2_41
4902,2_41_chr2_29114692_29115684_fw__2_37_chr2_29114692_29115684_fw,forward,noSNP,4,0.00029400955531054757,43,0.0013616212792906903,LR3TGE,LTGE,LR3TGE / LTGE,-2.2113905400915397,2_41
4903,2_41_chr2_29114692_29115684_fw__2_37_chr2_29114692_29115684_fw,reverse,SNP,31,0.0022785740536567438,104,0.003293223559214693,LR3TGE,LTGE,LR3TGE / LTGE,-0.5313691931436587,2_41
4904,2_41_chr2_29114692_29115684_fw__2_37_chr2_29114692_29115684_fw,reverse,noSNP,11,0.0008085262771040059,38,0.0012032932235592148,LR3TGE,LTGE,LR3TGE / LTGE,-0.57362168019573,2_41
4905,2_42_chr7_158818580_158818984_rc__2_38_chr7_158818580_158818984_rc,forward,SNP,64,0.004704152884968761,258,0.008169727675744141,LR3TGE,LTGE,LR3TGE / LTGE,-0.7963530408126959,2_42
4906,2_42_chr7_158818580_158818984_rc__2_38_chr7_158818580_158818984_rc,forward,noSNP,68,0.004998162440279309,263,0.008328055731475617,LR3TGE,LTGE,LR3TGE / LTGE,-0.7365819334314047,2_42
4907,2_42_chr7_158818580_158818984_rc__2_38_chr7_158818580_158818984_rc,reverse,SNP,20,0.001470047776552738,222,0.0070297656744775176,LR3TGE,LTGE,LR3TGE / LTGE,-2.2576135568521853,2_42
4908,2_42_chr7_158818580_158818984_rc__2_38_chr7_158818580_158818984_rc,reverse,noSNP,10,0.000735023888276369,281,0.00889803673210893,LR3TGE,LTGE,LR3TGE / LTGE,-3.5976240107230053,2_42
4909,2_5_chr12_2959230_2960351_fw,forward,SNP,6,0.0004410143329658214,48,0.0015199493350221659,LR3TGE,LTGE,LR3TGE / LTGE,-1.7851257853894416,2_5
4910,2_5_chr12_2959230_2960351_fw,forward,noSNP,1,7.350238882763689e-05,47,0.0014882837238758709,LR3TGE,LTGE,LR3TGE / LTGE,-4.339714637067079,2_5
4911,2_5_chr12_2959230_2960351_fw,reverse,SNP,8,0.0005880191106210951,29,0.0009183027232425586,LR3TGE,LTGE,LR3TGE / LTGE,-0.6431067805170139,2_5
4912,2_5_chr12_2959230_2960351_fw,reverse,noSNP,6,0.0004410143329658214,37,0.0011716276124129196,LR3TGE,LTGE,LR3TGE / LTGE,-1.4096166502972354,2_5
4913,2_6_chr12_57611320_57611561_fw,forward,noSNP,3,0.0002205071664829107,28,0.0008866371120962635,LR3TGE,LTGE,LR3TGE / LTGE,-2.0075182067258894,2_6
4914,2_6_chr12_57611320_57611561_fw,reverse,noSNP,12,0.0008820286659316428,15,0.00047498416719442683,LR3TGE,LTGE,LR3TGE / LTGE,0.892946119723196,2_6
4915,2_7_chr14_75069209_75069609_rc,forward,SNP,150,0.011025358324145534,307,0.009721342621912602,LR3TGE,LTGE,LR3TGE / LTGE,0.18159805973625998,2_7
4916,2_7_chr14_75069209_75069609_rc,forward,noSNP,17,0.0012495406100698273,32,0.001013299556681444,LR3TGE,LTGE,LR3TGE / LTGE,0.30233705586089765,2_7
4917,2_7_chr14_75069209_75069609_rc,reverse,SNP,74,0.005439176773245131,204,0.006459784673844205,LR3TGE,LTGE,LR3TGE / LTGE,-0.24809776173198733,2_7
4918,2_7_chr14_75069209_75069609_rc,reverse,noSNP,7,0.0005145167217934582,34,0.0010766307789740342,LR3TGE,LTGE,LR3TGE / LTGE,-1.0652337045821771,2_7
4919,3,reverse,SNP,7,0.0005145167217934582,75,0.0023749208359721344,LR3TGE,LTGE,LR3TGE / LTGE,-2.2065895538277185,3
4920,4,reverse,any_SNP,202,0.014847482543182654,871,0.027580747308423054,LR3TGE,LTGE,LR3TGE / LTGE,-0.8934432112365117,4
4921,8,any_orientation,any_SNP,40,0.002940095553105476,392,0.012412919569347688,LR3TGE,LTGE,LR3TGE / LTGE,-2.0779075346172875,8
4922,9,any_orientation,any_SNP,18,0.001323042998897464,1928,0.061051298290056996,LR3TGE,LTGE,LR3TGE / LTGE,-5.528090120177091,9
4923,CMV,any_orientation,any_SNP,147,0.010804851157662623,90,0.002849905003166561,LR3TGE,LTGE,LR3TGE / LTGE,1.922693463117248,CMV
4924,SV40,any_orientation,any_SNP,36,0.002646085997794928,26,0.0008233058898036732,LR3TGE,LTGE,LR3TGE / LTGE,1.6843594979117784,SV40
4925,1_11_chr11_65418158_65418613_bi,forward,noSNP,6,0.0005176876617773944,10,0.00027867573291717756,LRTGE,L2TGE,LRTGE / L2TGE,0.8934945563496025,1_11
4926,1_11_chr11_65418158_65418613_bi,reverse,noSNP,14,0.0012079378774805867,11,0.0003065433062088953,LRTGE,L2TGE,LRTGE / L2TGE,1.9783834539361154,1_11
4927,1_14_chr14_60655620_60656040_bi,reverse,noSNP,2,0.0001725625539257981,7,0.0001950730130420243,LRTGE,L2TGE,LRTGE / L2TGE,-0.1768947715417956,1_14
4928,1_15_chr15_40098659_40099167_bi,forward,noSNP,9,0.0007765314926660914,11,0.0003065433062088953,LRTGE,L2TGE,LRTGE / L2TGE,1.3409535333208236,1_15
4929,1_15_chr15_40098659_40099167_bi,reverse,noSNP,5,0.0004314063848144953,19,0.0005294838925426374,LRTGE,L2TGE,LRTGE / L2TGE,-0.2955392680404146,1_15
4930,1_16_chr16_30805349_30805831_bi,forward,noSNP,9,0.0007765314926660914,472,0.013153494593690782,LRTGE,L2TGE,LRTGE / L2TGE,-4.0822578974037205,1_16
4931,1_16_chr16_30805349_30805831_bi,reverse,noSNP,7,0.0006039689387402934,452,0.012596143127856426,LRTGE,L2TGE,LRTGE / L2TGE,-4.382363889841775,1_16
4932,1_17_chr16_73068918_73069480_bi,forward,noSNP,90,0.007765314926660914,93,0.0025916843161297516,LRTGE,L2TGE,LRTGE / L2TGE,1.5831544357374516,1_17
4933,1_17_chr16_73068918_73069480_bi,reverse,noSNP,28,0.0024158757549611735,59,0.0016441868242113478,LRTGE,L2TGE,LRTGE / L2TGE,0.5551720232115713,1_17
4934,1_18_chr16_74297506_74297928_bi,forward,noSNP,188,0.016220880069025022,262,0.0073013042024300525,LRTGE,L2TGE,LRTGE / L2TGE,1.1516260006559957,1_18
4935,1_18_chr16_74297506_74297928_bi,reverse,noSNP,134,0.011561691113028473,254,0.00707836361609631,LRTGE,L2TGE,LRTGE / L2TGE,0.7078646542014151,1_18
4936,1_19_chr16_807619_808176_bi,forward,SNP,11,0.0009490940465918896,20,0.0005573514658343551,LRTGE,L2TGE,LRTGE / L2TGE,0.7679636742657436,1_19
4937,1_19_chr16_807619_808176_bi,forward,noSNP,8,0.0006902502157031924,8,0.00022294058633374206,LRTGE,L2TGE,LRTGE / L2TGE,1.6304601505158085,1_19
4938,1_19_chr16_807619_808176_bi,reverse,SNP,22,0.0018981880931837791,17,0.00047374874595920187,LRTGE,L2TGE,LRTGE / L2TGE,2.0024289279027663,1_19
4939,1_19_chr16_807619_808176_bi,reverse,noSNP,43,0.0037100949094046594,29,0.0008081596254598149,LRTGE,L2TGE,LRTGE / L2TGE,2.1987439100903345,1_19
4940,1_1_chr1_156748909_156749379_bi,forward,noSNP,2,0.0001725625539257981,91,0.002535949169546316,LRTGE,L2TGE,LRTGE / L2TGE,-3.8773344896828874,1_1
4941,1_20_chr16_87853532_87854041_bi,forward,SNP,5,0.0004314063848144953,19,0.0005294838925426374,LRTGE,L2TGE,LRTGE / L2TGE,-0.2955392680404146,1_20
4942,1_20_chr16_87853532_87854041_bi,forward,noSNP,10,0.0008628127696289905,6,0.00016720543975030653,LRTGE,L2TGE,LRTGE / L2TGE,2.367425744682015,1_20
4943,1_20_chr16_87853532_87854041_bi,reverse,SNP,23,0.001984469370146678,30,0.0008360271987515327,LRTGE,L2TGE,LRTGE / L2TGE,1.2471315109643026,1_20
4944,1_20_chr16_87853532_87854041_bi,reverse,noSNP,46,0.003968938740293356,22,0.0006130866124177906,LRTGE,L2TGE,LRTGE / L2TGE,2.6945904879355242,1_20
4945,1_23_chr2_70142583_70143144_bi,forward,SNP,58,0.005004314063848145,50,0.0013933786645858879,LRTGE,L2TGE,LRTGE / L2TGE,1.8445849558686558,1_23
4946,1_23_chr2_70142583_70143144_bi,forward,noSNP,576,0.04969801553062985,829,0.02310221825883402,LRTGE,L2TGE,LRTGE / L2TGE,1.1051568604623703,1_23
4947,1_23_chr2_70142583_70143144_bi,reverse,SNP,4,0.0003451251078515962,13,0.00036227845279233087,LRTGE,L2TGE,LRTGE / L2TGE,-0.06997956762528364,1_23
4948,1_23_chr2_70142583_70143144_bi,reverse,noSNP,94,0.008110440034512511,628,0.017500836027198752,LRTGE,L2TGE,LRTGE / L2TGE,-1.1095717466981811,1_23
4949,1_24_chr21_29002584_29003015_bi,forward,noSNP,112,0.009663503019844694,89,0.0024802140229628804,LRTGE,L2TGE,LRTGE / L2TGE,1.962081641607015,1_24
4950,1_24_chr21_29002584_29003015_bi,reverse,noSNP,46,0.003968938740293356,108,0.0030096979155055177,LRTGE,L2TGE,LRTGE / L2TGE,0.39913460440935294,1_24
4951,1_25_chr22_36465359_36465803_bi,forward,noSNP,31,0.0026747195858498707,31,0.0008638947720432504,LRTGE,L2TGE,LRTGE / L2TGE,1.6304601505158087,1_25
4952,1_25_chr22_36465359_36465803_bi,reverse,noSNP,28,0.0024158757549611735,29,0.0008081596254598149,LRTGE,L2TGE,LRTGE / L2TGE,1.5798340774458408,1_25
4953,1_26_chr22_40651538_40652054_bi,forward,noSNP,57,0.004918032786885246,595,0.016581206108572066,LRTGE,L2TGE,LRTGE / L2TGE,-1.7533956935147554,1_26
4954,1_26_chr22_40651538_40652054_bi,reverse,noSNP,192,0.01656600517687662,736,0.02051053394270427,LRTGE,L2TGE,LRTGE / L2TGE,-0.30813930482004803,1_26
4955,1_28_chr7_1532728_1533226_bi,forward,noSNP,21,0.00181190681622088,25,0.0006966893322929439,LRTGE,L2TGE,LRTGE / L2TGE,1.378921383519844,1_28
4956,1_28_chr7_1532728_1533226_bi,reverse,noSNP,16,0.0013805004314063848,13,0.00036227845279233087,LRTGE,L2TGE,LRTGE / L2TGE,1.9300204323747163,1_28
4957,1_29_chr7_25856979_25857429_bi,forward,SNP,26,0.0022433132010353752,39,0.0010868353583769925,LRTGE,L2TGE,LRTGE / L2TGE,1.0454976497946524,1_29
4958,1_29_chr7_25856979_25857429_bi,reverse,SNP,41,0.003537532355478861,62,0.0017277895440865009,LRTGE,L2TGE,LRTGE / L2TGE,1.033815844747017,1_29
4959,1_30_chr9_126805681_126806202_bi,forward,noSNP,54,0.004659188955996549,191,0.005322706498718092,LRTGE,L2TGE,LRTGE / L2TGE,-0.19208117535647154,1_30
4960,1_30_chr9_126805681_126806202_bi,reverse,noSNP,84,0.00724762726488352,204,0.005684984951510422,LRTGE,L2TGE,LRTGE / L2TGE,0.35035223132307314,1_30
4961,1_5_chr1_33127099_33127603_bi,forward,noSNP,76,0.006557377049180328,395,0.011007691450228514,LRTGE,L2TGE,LRTGE / L2TGE,-0.7473211791050712,1_5
4962,1_5_chr1_33127099_33127603_bi,reverse,noSNP,218,0.018809318377911992,378,0.010533942704269312,LRTGE,L2TGE,LRTGE / L2TGE,0.8364020510716622,1_5
4963,1_7_chr10_110211049_110211924_bi,forward,noSNP,50,0.004314063848144953,206,0.005740720098093858,LRTGE,L2TGE,LRTGE / L2TGE,-0.41218418689268504,1_7
4964,1_7_chr10_110211049_110211924_bi,reverse,noSNP,70,0.0060396893874029335,29,0.0008081596254598149,LRTGE,L2TGE,LRTGE / L2TGE,2.901762172333203,1_7
4965,1_8_chr10_4663047_4663594_bi,forward,noSNP,10,0.0008628127696289905,81,0.0022572734366291384,LRTGE,L2TGE,LRTGE / L2TGE,-1.3874617574814538,1_8
4966,1_8_chr10_4663047_4663594_bi,reverse,noSNP,3,0.0002588438308886972,48,0.0013376435180024523,LRTGE,L2TGE,LRTGE / L2TGE,-2.369539849484191,1_8
4967,1_9_chr10_71860316_71860874_bi,forward,noSNP,30,0.0025884383088869713,54,0.0015048489577527589,LRTGE,L2TGE,LRTGE / L2TGE,0.7824632439608584,1_9
4968,1_9_chr10_71860316_71860874_bi,reverse,noSNP,76,0.006557377049180328,48,0.0013376435180024523,LRTGE,L2TGE,LRTGE / L2TGE,2.293425163238238,1_9
4969,22,any_orientation,any_SNP,281,0.02424503882657463,5351,0.14911938468398173,LRTGE,L2TGE,LRTGE / L2TGE,-2.620706342864628,22
4970,2_10_chr16_3305171_3305501_rc,forward,SNP,202,0.01742881794650561,320,0.008917623453349682,LRTGE,L2TGE,LRTGE / L2TGE,0.9667435383802412,2_10
4971,2_10_chr16_3305171_3305501_rc,forward,noSNP,248,0.021397756686798965,372,0.010366737264519007,LRTGE,L2TGE,LRTGE / L2TGE,1.0454976497946524,2_10
4972,2_10_chr16_3305171_3305501_rc,reverse,SNP,102,0.008800690250215704,219,0.006102998550886189,LRTGE,L2TGE,LRTGE / L2TGE,0.5280984328861309,2_10
4973,2_10_chr16_3305171_3305501_rc,reverse,noSNP,113,0.009749784296807593,265,0.007384906922305205,LRTGE,L2TGE,LRTGE / L2TGE,0.40079056348043485,2_10
4974,2_12_chr17_58692543_58692822_fw,forward,noSNP,23,0.001984469370146678,148,0.004124400847174228,LRTGE,L2TGE,LRTGE / L2TGE,-1.0554312590561283,2_12
4975,2_12_chr17_58692543_58692822_fw,reverse,noSNP,25,0.0021570319240724763,121,0.0033719763682978484,LRTGE,L2TGE,LRTGE / L2TGE,-0.6445468969840612,2_12
4976,2_13_chr19_41397182_41397493_rc,forward,SNP,23,0.001984469370146678,327,0.009112696466391706,LRTGE,L2TGE,LRTGE / L2TGE,-2.199124718925261,2_13
4977,2_13_chr19_41397182_41397493_rc,reverse,SNP,72,0.006212251941328731,332,0.009252034332850295,LRTGE,L2TGE,LRTGE / L2TGE,-0.574654279388804,2_13
4978,2_15_chr3_122793601_122793905_rc,forward,SNP,34,0.002933563416738568,149,0.004152268420465946,LRTGE,L2TGE,LRTGE / L2TGE,-0.5012455286960135,2_15
4979,2_15_chr3_122793601_122793905_rc,forward,noSNP,34,0.002933563416738568,170,0.004737487459592018,LRTGE,L2TGE,LRTGE / L2TGE,-0.6914679443715536,2_15
4980,2_15_chr3_122793601_122793905_rc,reverse,SNP,34,0.002933563416738568,89,0.0024802140229628804,LRTGE,L2TGE,LRTGE / L2TGE,0.24218956079975038,2_15
4981,2_15_chr3_122793601_122793905_rc,reverse,noSNP,20,0.001725625539257981,66,0.0018392598372533719,LRTGE,L2TGE,LRTGE / L2TGE,-0.0920058739552824,2_15
4982,2_16_chr6_108562603_108562763_rc,forward,SNP,117,0.010094909404659189,254,0.00707836361609631,LRTGE,L2TGE,LRTGE / L2TGE,0.5121401833270471,2_16
4983,2_16_chr6_108562603_108562763_rc,forward,noSNP,103,0.008886971527178602,208,0.005796455244677294,LRTGE,L2TGE,LRTGE / L2TGE,0.6165209595579345,2_16
4984,2_16_chr6_108562603_108562763_rc,reverse,SNP,87,0.007506471095772217,205,0.00571285252480214,LRTGE,L2TGE,LRTGE / L2TGE,0.39392354685909076,2_16
4985,2_16_chr6_108562603_108562763_rc,reverse,noSNP,78,0.006729939603106126,185,0.005155501058967785,LRTGE,L2TGE,LRTGE / L2TGE,0.3844809088617445,2_16
4986,2_17_chr7_149685_149919_fw,forward,SNP,7,0.0006039689387402934,104,0.002898227622338647,LRTGE,L2TGE,LRTGE / L2TGE,-2.2626246455676795,2_17
4987,2_17_chr7_149685_149919_fw,forward,noSNP,6,0.0005176876617773944,104,0.002898227622338647,LRTGE,L2TGE,LRTGE / L2TGE,-2.485017066904127,2_17
4988,2_17_chr7_149685_149919_fw,reverse,SNP,18,0.0015530629853321828,102,0.002842492475755211,LRTGE,L2TGE,LRTGE / L2TGE,-0.8720401900133746,2_17
4989,2_17_chr7_149685_149919_fw,reverse,noSNP,24,0.0020707506471095774,85,0.002368743729796009,LRTGE,L2TGE,LRTGE / L2TGE,-0.1939682849007367,2_17
4990,2_19_chr7_27168362_27168894_fw,forward,SNP,87,0.007506471095772217,245,0.006827555456470851,LRTGE,L2TGE,LRTGE / L2TGE,0.13676570736196633,2_19
4991,2_19_chr7_27168362_27168894_fw,forward,noSNP,55,0.004745470232959448,204,0.005684984951510422,LRTGE,L2TGE,LRTGE / L2TGE,-0.2606054779310275,2_19
4992,2_19_chr7_27168362_27168894_fw,reverse,SNP,158,0.01363244176013805,316,0.008806153160182812,LRTGE,L2TGE,LRTGE / L2TGE,0.6304601505158084,2_19
4993,2_19_chr7_27168362_27168894_fw,reverse,noSNP,102,0.008800690250215704,233,0.006493144576970237,LRTGE,L2TGE,LRTGE / L2TGE,0.43869934783302406,2_19
4994,2_1_chr10_24208466_24209279_fw,forward,SNP,12,0.0010353753235547887,142,0.003957195407423921,LRTGE,L2TGE,LRTGE / L2TGE,-1.934324468267717,2_1
4995,2_1_chr10_24208466_24209279_fw,forward,noSNP,17,0.001466781708369284,81,0.0022572734366291384,LRTGE,L2TGE,LRTGE / L2TGE,-0.6219270111184768,2_1
4996,2_1_chr10_24208466_24209279_fw,reverse,SNP,1,8.628127696289905e-05,202,0.005629249804926987,LRTGE,L2TGE,LRTGE / L2TGE,-6.027751332235987,2_1
4997,2_20_chr7_7566677_7567687_fw,forward,SNP,4,0.0003451251078515962,39,0.0010868353583769925,LRTGE,L2TGE,LRTGE / L2TGE,-1.65494206834644,2_20
4998,2_20_chr7_7566677_7567687_fw,forward,noSNP,6,0.0005176876617773944,103,0.002870360049046929,LRTGE,L2TGE,LRTGE / L2TGE,-2.4710778759462535,2_20
4999,2_20_chr7_7566677_7567687_fw,reverse,noSNP,20,0.001725625539257981,187,0.00521123620555122,LRTGE,L2TGE,LRTGE / L2TGE,-1.5945062144844655,2_20
5000,2_22_chr10_122375105_122375476_rc__2_21_chr10_122375073_122375541_fw,forward,SNP,4,0.0003451251078515962,80,0.0022294058633374205,LRTGE,L2TGE,LRTGE / L2TGE,-2.6914679443715537,2_22
5001,2_22_chr10_122375105_122375476_rc__2_21_chr10_122375073_122375541_fw,forward,noSNP,6,0.0005176876617773944,94,0.002619551889421469,LRTGE,L2TGE,LRTGE / L2TGE,-2.3391662004406726,2_22
5002,2_22_chr10_122375105_122375476_rc__2_21_chr10_122375073_122375541_fw,reverse,SNP,14,0.0012079378774805867,44,0.0012261732248355812,LRTGE,L2TGE,LRTGE / L2TGE,-0.02161654606388454,2_22
5003,2_22_chr10_122375105_122375476_rc__2_21_chr10_122375073_122375541_fw,reverse,noSNP,8,0.0006902502157031924,74,0.002062200423587114,LRTGE,L2TGE,LRTGE / L2TGE,-1.5789932151131412,2_22
5004,2_23_chr12_53046798_53047380_fw__2_24_chr12_53046888_53047426_rc,forward,SNP,13,0.0011216566005176876,61,0.0016999219707947832,LRTGE,L2TGE,LRTGE / L2TGE,-0.5998374689059857,2_23
5005,2_23_chr12_53046798_53047380_fw__2_24_chr12_53046888_53047426_rc,forward,noSNP,9,0.0007765314926660914,71,0.0019785977037119606,LRTGE,L2TGE,LRTGE / L2TGE,-1.349361967546561,2_23
5006,2_23_chr12_53046798_53047380_fw__2_24_chr12_53046888_53047426_rc,reverse,SNP,13,0.0011216566005176876,63,0.0017556571173782188,LRTGE,L2TGE,LRTGE / L2TGE,-0.6463800548430157,2_23
5007,2_23_chr12_53046798_53047380_fw__2_24_chr12_53046888_53047426_rc,reverse,noSNP,10,0.0008628127696289905,86,0.002396611303087727,LRTGE,L2TGE,LRTGE / L2TGE,-1.473876509298927,2_23
5008,2_32_chr22_44023936_44024267_rc__2_31_chr22_44023811_44024452_fw,forward,SNP,28,0.0024158757549611735,96,0.0026752870360049045,LRTGE,L2TGE,LRTGE / L2TGE,-0.14714742814774331,2_32
5009,2_32_chr22_44023936_44024267_rc__2_31_chr22_44023811_44024452_fw,forward,noSNP,13,0.0011216566005176876,67,0.0018671274105450898,LRTGE,L2TGE,LRTGE / L2TGE,-0.7351893218008717,2_32
5010,2_32_chr22_44023936_44024267_rc__2_31_chr22_44023811_44024452_fw,reverse,SNP,24,0.0020707506471095774,75,0.002090067996878832,LRTGE,L2TGE,LRTGE / L2TGE,-0.013396039258916002,2_32
5011,2_32_chr22_44023936_44024267_rc__2_31_chr22_44023811_44024452_fw,reverse,noSNP,21,0.00181190681622088,80,0.0022294058633374205,LRTGE,L2TGE,LRTGE / L2TGE,-0.29915052159279343,2_32
5012,2_33_chr5_132369336_132370461_fw__2_34_chr5_132369418_132370280_rc,forward,SNP,11,0.0009490940465918896,29,0.0008081596254598149,LRTGE,L2TGE,LRTGE / L2TGE,0.23191077402553367,2_33
5013,2_33_chr5_132369336_132370461_fw__2_34_chr5_132369418_132370280_rc,forward,noSNP,19,0.001639344262295082,54,0.0015048489577527589,LRTGE,L2TGE,LRTGE / L2TGE,0.1235001617959255,2_33
5014,2_33_chr5_132369336_132370461_fw__2_34_chr5_132369418_132370280_rc,reverse,noSNP,7,0.0006039689387402934,43,0.0011983056515438636,LRTGE,L2TGE,LRTGE / L2TGE,-0.9884496821286853,2_33
5015,2_39_chr14_100375283_100375730_rc__2_35_chr14_100375283_100375730_rc,forward,SNP,78,0.006729939603106126,410,0.01142570504960428,LRTGE,L2TGE,LRTGE / L2TGE,-0.7636177301273892,2_39
5016,2_39_chr14_100375283_100375730_rc__2_35_chr14_100375283_100375730_rc,forward,noSNP,105,0.0090595340811044,407,0.011342102329729127,LRTGE,L2TGE,LRTGE / L2TGE,-0.3241793160843158,2_39
5017,2_3_chr10_71888998_71889183_rc,forward,SNP,7,0.0006039689387402934,38,0.0010589677850852749,LRTGE,L2TGE,LRTGE / L2TGE,-0.8101124408701728,2_3
5018,2_3_chr10_71888998_71889183_rc,forward,noSNP,5,0.0004314063848144953,19,0.0005294838925426374,LRTGE,L2TGE,LRTGE / L2TGE,-0.2955392680404146,2_3
5019,2_40_chr2_27890876_27891263_rc__2_36_chr2_27890876_27891263_rc,forward,SNP,25,0.0021570319240724763,62,0.0017277895440865009,LRTGE,L2TGE,LRTGE / L2TGE,0.32012002990365807,2_40
5020,2_40_chr2_27890876_27891263_rc__2_36_chr2_27890876_27891263_rc,forward,noSNP,10,0.0008628127696289905,54,0.0015048489577527589,LRTGE,L2TGE,LRTGE / L2TGE,-0.8024992567602977,2_40
5021,2_40_chr2_27890876_27891263_rc__2_36_chr2_27890876_27891263_rc,reverse,SNP,21,0.00181190681622088,68,0.0018949949838368075,LRTGE,L2TGE,LRTGE / L2TGE,-0.06468526795577066,2_40
5022,2_40_chr2_27890876_27891263_rc__2_36_chr2_27890876_27891263_rc,reverse,noSNP,13,0.0011216566005176876,53,0.0014769813844610412,LRTGE,L2TGE,LRTGE / L2TGE,-0.3970205859062985,2_40
5023,2_41_chr2_29114692_29115684_fw__2_37_chr2_29114692_29115684_fw,forward,SNP,12,0.0010353753235547887,144,0.004012930554007357,LRTGE,L2TGE,LRTGE / L2TGE,-1.9545023502053473,2_41
5024,2_41_chr2_29114692_29115684_fw__2_37_chr2_29114692_29115684_fw,forward,noSNP,6,0.0005176876617773944,46,0.0012819083714190169,LRTGE,L2TGE,LRTGE / L2TGE,-1.308139304820048,2_41
5025,2_41_chr2_29114692_29115684_fw__2_37_chr2_29114692_29115684_fw,reverse,SNP,14,0.0012079378774805867,115,0.0032047709285475423,LRTGE,L2TGE,LRTGE / L2TGE,-1.4076749783709626,2_41
5026,2_41_chr2_29114692_29115684_fw__2_37_chr2_29114692_29115684_fw,reverse,noSNP,12,0.0010353753235547887,53,0.0014769813844610412,LRTGE,L2TGE,LRTGE / L2TGE,-0.5124978033262344,2_41
5027,2_42_chr7_158818580_158818984_rc__2_38_chr7_158818580_158818984_rc,forward,SNP,39,0.003364969801553063,263,0.0073291717757217704,LRTGE,L2TGE,LRTGE / L2TGE,-1.1230566199142455,2_42
5028,2_42_chr7_158818580_158818984_rc__2_38_chr7_158818580_158818984_rc,forward,noSNP,86,0.007420189818809319,359,0.010004458811726675,LRTGE,L2TGE,LRTGE / L2TGE,-0.43111512860514467,2_42
5029,2_42_chr7_158818580_158818984_rc__2_38_chr7_158818580_158818984_rc,reverse,SNP,29,0.0025021570319240724,313,0.008722550440307657,LRTGE,L2TGE,LRTGE / L2TGE,-1.8015777012892376,2_42
5030,2_42_chr7_158818580_158818984_rc__2_38_chr7_158818580_158818984_rc,reverse,noSNP,14,0.0012079378774805867,330,0.00919629918626686,LRTGE,L2TGE,LRTGE / L2TGE,-2.928507141672403,2_42
5031,2_4_chr11_124876752_124876939_fw,forward,noSNP,2,0.0001725625539257981,13,0.00036227845279233087,LRTGE,L2TGE,LRTGE / L2TGE,-1.0699795676252837,2_4
5032,2_5_chr12_2959230_2960351_fw,forward,SNP,3,0.0002588438308886972,46,0.0012819083714190169,LRTGE,L2TGE,LRTGE / L2TGE,-2.308139304820048,2_5
5033,2_5_chr12_2959230_2960351_fw,forward,noSNP,5,0.0004314063848144953,51,0.0014212462378776056,LRTGE,L2TGE,LRTGE / L2TGE,-1.7200370965683245,2_5
5034,2_5_chr12_2959230_2960351_fw,reverse,SNP,6,0.0005176876617773944,38,0.0010589677850852749,LRTGE,L2TGE,LRTGE / L2TGE,-1.0325048622066209,2_5
5035,2_5_chr12_2959230_2960351_fw,reverse,noSNP,2,0.0001725625539257981,48,0.0013376435180024523,LRTGE,L2TGE,LRTGE / L2TGE,-2.9545023502053476,2_5
5036,2_6_chr12_57611320_57611561_fw,forward,SNP,4,0.0003451251078515962,52,0.0014491138111693235,LRTGE,L2TGE,LRTGE / L2TGE,-2.0699795676252837,2_6
5037,2_6_chr12_57611320_57611561_fw,forward,noSNP,6,0.0005176876617773944,35,0.0009753650652101215,LRTGE,L2TGE,LRTGE / L2TGE,-0.9138603657080016,2_6
5038,2_6_chr12_57611320_57611561_fw,reverse,SNP,4,0.0003451251078515962,25,0.0006966893322929439,LRTGE,L2TGE,LRTGE / L2TGE,-1.013396039258916,2_6
5039,2_6_chr12_57611320_57611561_fw,reverse,noSNP,10,0.0008628127696289905,29,0.0008081596254598149,LRTGE,L2TGE,LRTGE / L2TGE,0.09440725027559899,2_6
5040,2_7_chr14_75069209_75069609_rc,forward,SNP,136,0.011734253666954271,382,0.010645412997436184,LRTGE,L2TGE,LRTGE / L2TGE,0.14049416373039922,2_7
5041,2_7_chr14_75069209_75069609_rc,forward,noSNP,15,0.0012942191544434857,42,0.0011704380782521459,LRTGE,L2TGE,LRTGE / L2TGE,0.1450333233455667,2_7
5042,2_7_chr14_75069209_75069609_rc,reverse,SNP,32,0.0027610008628127696,317,0.008834020733474529,LRTGE,L2TGE,LRTGE / L2TGE,-1.6778788796235986,2_7
5043,2_7_chr14_75069209_75069609_rc,reverse,noSNP,7,0.0006039689387402934,44,0.0012261732248355812,LRTGE,L2TGE,LRTGE / L2TGE,-1.0216165460638846,2_7
5044,3,reverse,SNP,7,0.0006039689387402934,82,0.002285141009920856,LRTGE,L2TGE,LRTGE / L2TGE,-1.9197369320446709,3
5045,4,forward,any_SNP,36,0.0031061259706643657,1331,0.037091740051276335,LRTGE,L2TGE,LRTGE / L2TGE,-3.577909703953771,4
5046,4,reverse,any_SNP,170,0.014667817083692839,881,0.024551332070003345,LRTGE,L2TGE,LRTGE / L2TGE,-0.7431471222669034,4
5047,8,any_orientation,any_SNP,66,0.005694564279551337,442,0.012317467394939248,LRTGE,L2TGE,LRTGE / L2TGE,-1.1130482895171696,8
5048,9,any_orientation,any_SNP,27,0.0023295944779982746,2120,0.05907925537844164,LRTGE,L2TGE,LRTGE / L2TGE,-4.664500896771284,9
5049,CMV,any_orientation,any_SNP,132,0.011389128559102674,107,0.0029818303422138,LRTGE,L2TGE,LRTGE / L2TGE,1.933387283473115,CMV
5050,SV40,any_orientation,any_SNP,31,0.0026747195858498707,30,0.0008360271987515327,LRTGE,L2TGE,LRTGE / L2TGE,1.6777658652941652,SV40
5051,1_11_chr11_65418158_65418613_bi,forward,noSNP,6,0.0005176876617773944,9,0.0003413487066676781,LRTGE,L3TGE,LRTGE / L3TGE,0.6008356486994846,1_11
5052,1_11_chr11_65418158_65418613_bi,reverse,noSNP,14,0.0012079378774805867,11,0.00041720397481605096,LRTGE,L3TGE,LRTGE / L3TGE,1.5337214528409477,1_11
5053,1_14_chr14_60655620_60656040_bi,reverse,noSNP,2,0.0001725625539257981,11,0.00041720397481605096,LRTGE,L3TGE,LRTGE / L3TGE,-1.2736334692166567,1_14
5054,1_15_chr15_40098659_40099167_bi,forward,noSNP,9,0.0007765314926660914,8,0.0003034210725934916,LRTGE,L3TGE,LRTGE / L3TGE,1.355723150862953,1_15
5055,1_15_chr15_40098659_40099167_bi,reverse,noSNP,5,0.0004314063848144953,19,0.0007206250474095426,LRTGE,L3TGE,LRTGE / L3TGE,-0.7402012691355823,1_15
5056,1_16_chr16_30805349_30805831_bi,forward,noSNP,9,0.0007765314926660914,376,0.014260790411894106,LRTGE,L3TGE,LRTGE / L3TGE,-4.198865700814684,1_16
5057,1_16_chr16_30805349_30805831_bi,reverse,noSNP,7,0.0006039689387402934,312,0.011833421831146173,LRTGE,L3TGE,LRTGE / L3TGE,-4.292249147384004,1_16
5058,1_17_chr16_73068918_73069480_bi,forward,noSNP,90,0.007765314926660914,84,0.003185921262231662,LRTGE,L3TGE,LRTGE / L3TGE,1.285333822971555,1_17
5059,1_17_chr16_73068918_73069480_bi,reverse,noSNP,28,0.0024158757549611735,44,0.0016688158992642038,LRTGE,L3TGE,LRTGE / L3TGE,0.5337214528409477,1_17
5060,1_18_chr16_74297506_74297928_bi,forward,noSNP,188,0.016220880069025022,176,0.006675263597056815,LRTGE,L3TGE,LRTGE / L3TGE,1.2809553824609807,1_18
5061,1_18_chr16_74297506_74297928_bi,reverse,noSNP,134,0.011561691113028473,192,0.007282105742243799,LRTGE,L3TGE,LRTGE / L3TGE,0.6669248391572569,1_18
5062,1_19_chr16_807619_808176_bi,forward,SNP,11,0.0009490940465918896,20,0.000758552681483729,LRTGE,L3TGE,LRTGE / L3TGE,0.3233016731705755,1_19
5063,1_19_chr16_807619_808176_bi,forward,noSNP,8,0.0006902502157031924,9,0.0003413487066676781,LRTGE,L3TGE,LRTGE / L3TGE,1.015873147978328,1_19
5064,1_19_chr16_807619_808176_bi,reverse,SNP,22,0.0018981880931837791,13,0.0004930592429644239,LRTGE,L3TGE,LRTGE / L3TGE,1.9447900499168458,1_19
5065,1_19_chr16_807619_808176_bi,reverse,noSNP,43,0.0037100949094046594,19,0.0007206250474095426,LRTGE,L3TGE,LRTGE / L3TGE,2.364135390679153,1_19
5066,1_1_chr1_156748909_156749379_bi,forward,noSNP,2,0.0001725625539257981,66,0.002503223848896306,LRTGE,L3TGE,LRTGE / L3TGE,-3.858595969937813,1_1
5067,1_20_chr16_87853532_87854041_bi,forward,SNP,5,0.0004314063848144953,11,0.00041720397481605096,LRTGE,L3TGE,LRTGE / L3TGE,0.048294625670705846,1_20
5068,1_20_chr16_87853532_87854041_bi,forward,noSNP,10,0.0008628127696289905,5,0.00018963817037093226,LRTGE,L3TGE,LRTGE / L3TGE,2.1857981494206404,1_20
5069,1_20_chr16_87853532_87854041_bi,reverse,SNP,23,0.001984469370146678,21,0.0007964803155579155,LRTGE,L3TGE,LRTGE / L3TGE,1.3170426826988932,1_20
5070,1_20_chr16_87853532_87854041_bi,reverse,noSNP,46,0.003968938740293356,28,0.0010619737540772207,LRTGE,L3TGE,LRTGE / L3TGE,1.9020051834200493,1_20
5071,1_23_chr2_70142583_70143144_bi,forward,noSNP,576,0.04969801553062985,667,0.025297731927482362,LRTGE,L3TGE,LRTGE / L3TGE,0.9741801996783682,1_23
5072,1_23_chr2_70142583_70143144_bi,reverse,noSNP,94,0.008110440034512511,528,0.020025790791170447,LRTGE,L3TGE,LRTGE / L3TGE,-1.3040071182601753,1_23
5073,1_24_chr21_29002584_29003015_bi,forward,noSNP,112,0.009663503019844694,98,0.0037169081392702725,LRTGE,L3TGE,LRTGE / L3TGE,1.3784432273630367,1_24
5074,1_24_chr21_29002584_29003015_bi,reverse,noSNP,46,0.003968938740293356,77,0.0029204278237123567,LRTGE,L3TGE,LRTGE / L3TGE,0.4425735647827522,1_24
5075,1_25_chr22_36465359_36465803_bi,forward,noSNP,31,0.0026747195858498707,58,0.0021998027763028144,LRTGE,L3TGE,LRTGE / L3TGE,0.2820134646799437,1_25
5076,1_25_chr22_36465359_36465803_bi,reverse,noSNP,28,0.0024158757549611735,67,0.0025411514829704923,LRTGE,L3TGE,LRTGE / L3TGE,-0.0729361189795276,1_25
5077,1_26_chr22_40651538_40652054_bi,forward,noSNP,57,0.004918032786885246,453,0.017181218235606463,LRTGE,L3TGE,LRTGE / L3TGE,-1.8046790764608525,1_26
5078,1_26_chr22_40651538_40652054_bi,reverse,noSNP,192,0.01656600517687662,530,0.020101646059318818,LRTGE,L3TGE,LRTGE / L3TGE,-0.2790878993087644,1_26
5079,1_28_chr7_1532728_1533226_bi,forward,noSNP,21,0.00181190681622088,18,0.0006826974133353562,LRTGE,L3TGE,LRTGE / L3TGE,1.4081905707570885,1_28
5080,1_28_chr7_1532728_1533226_bi,reverse,noSNP,16,0.0013805004314063848,12,0.00045513160889023744,LRTGE,L3TGE,LRTGE / L3TGE,1.6008356486994846,1_28
5081,1_29_chr7_25856979_25857429_bi,forward,SNP,26,0.0022433132010353752,33,0.001251611924448153,LRTGE,L3TGE,LRTGE / L3TGE,0.8418437482032793,1_29
5082,1_29_chr7_25856979_25857429_bi,reverse,SNP,41,0.003537532355478861,43,0.0016308882651900173,LRTGE,L3TGE,LRTGE / L3TGE,1.1170853993366268,1_29
5083,1_30_chr9_126805681_126806202_bi,forward,noSNP,54,0.004659188955996549,147,0.005575362208905408,LRTGE,L3TGE,LRTGE / L3TGE,-0.2589866932522548,1_30
5084,1_30_chr9_126805681_126806202_bi,reverse,noSNP,84,0.00724762726488352,149,0.005651217477053781,LRTGE,L3TGE,LRTGE / L3TGE,0.3589470517372395,1_30
5085,1_5_chr1_33127099_33127603_bi,forward,noSNP,76,0.006557377049180328,261,0.009899112493362665,LRTGE,L3TGE,LRTGE / L3TGE,-0.5941803337056583,1_5
5086,1_5_chr1_33127099_33127603_bi,reverse,noSNP,218,0.018809318377911992,246,0.009330197982249867,LRTGE,L3TGE,LRTGE / L3TGE,1.011467968858327,1_5
5087,1_7_chr10_110211049_110211924_bi,forward,noSNP,50,0.004314063848144953,162,0.006144276720018205,LRTGE,L3TGE,LRTGE / L3TGE,-0.5101956636892593,1_7
5088,1_7_chr10_110211049_110211924_bi,reverse,noSNP,70,0.0060396893874029335,18,0.0006826974133353562,LRTGE,L3TGE,LRTGE / L3TGE,3.1451561649232946,1_7
5089,1_8_chr10_4663047_4663594_bi,forward,noSNP,10,0.0008628127696289905,275,0.010430099370401274,LRTGE,L3TGE,LRTGE / L3TGE,-3.5955615641040186,1_8
5090,1_8_chr10_4663047_4663594_bi,reverse,noSNP,3,0.0002588438308886972,344,0.013047106121520139,LRTGE,L3TGE,LRTGE / L3TGE,-5.6555041045603005,1_8
5091,1_9_chr10_71860316_71860874_bi,forward,noSNP,30,0.0025884383088869713,46,0.0017446711674125768,LRTGE,L3TGE,LRTGE / L3TGE,0.5691267889721463,1_9
5092,1_9_chr10_71860316_71860874_bi,reverse,noSNP,76,0.006557377049180328,26,0.0009861184859288477,LRTGE,L3TGE,LRTGE / L3TGE,2.733285944723134,1_9
5093,22,any_orientation,any_SNP,281,0.02424503882657463,3778,0.1432906015322764,LRTGE,L3TGE,LRTGE / L3TGE,-2.563182516746803,22
5094,2_10_chr16_3305171_3305501_rc,forward,SNP,202,0.01742881794650561,221,0.008382007130395205,LRTGE,L3TGE,LRTGE / L3TGE,1.056107072781004,2_10
5095,2_10_chr16_3305171_3305501_rc,forward,noSNP,248,0.021397756686798965,235,0.008912994007433816,LRTGE,L3TGE,LRTGE / L3TGE,1.2634775132425162,2_10
5096,2_10_chr16_3305171_3305501_rc,reverse,SNP,102,0.008800690250215704,152,0.0057650003792763405,LRTGE,L3TGE,LRTGE / L3TGE,0.610295977948551,2_10
5097,2_10_chr16_3305171_3305501_rc,reverse,noSNP,113,0.009749784296807593,178,0.006751118865205188,LRTGE,L3TGE,LRTGE / L3TGE,0.5302436808694309,2_10
5098,2_12_chr17_58692543_58692822_fw,forward,noSNP,23,0.001984469370146678,85,0.0032238488963058486,LRTGE,L3TGE,LRTGE / L3TGE,-0.7000308306600482,2_12
5099,2_12_chr17_58692543_58692822_fw,reverse,noSNP,25,0.0021570319240724763,88,0.0033376317985284077,LRTGE,L3TGE,LRTGE / L3TGE,-0.6297772794419318,2_12
5100,2_13_chr19_41397182_41397493_rc,forward,SNP,23,0.001984469370146678,196,0.007433816278540545,LRTGE,L3TGE,LRTGE / L3TGE,-1.9053497386375546,2_13
5101,2_13_chr19_41397182_41397493_rc,forward,noSNP,27,0.0023295944779982746,297,0.011264507320033377,LRTGE,L3TGE,LRTGE / L3TGE,-2.2736334692166564,2_13
5102,2_13_chr19_41397182_41397493_rc,reverse,SNP,72,0.006212251941328731,192,0.007282105742243799,LRTGE,L3TGE,LRTGE / L3TGE,-0.22923934985820318,2_13
5103,2_13_chr19_41397182_41397493_rc,reverse,noSNP,99,0.008541846419327006,254,0.009633619054843359,LRTGE,L3TGE,LRTGE / L3TGE,-0.17352991727191547,2_13
5104,2_15_chr3_122793601_122793905_rc,forward,SNP,34,0.002933563416738568,133,0.005044375331866798,LRTGE,L3TGE,LRTGE / L3TGE,-0.7820214448302095,2_15
5105,2_15_chr3_122793601_122793905_rc,forward,noSNP,34,0.002933563416738568,114,0.004323750284457256,LRTGE,L3TGE,LRTGE / L3TGE,-0.5596290234937616,2_15
5106,2_15_chr3_122793601_122793905_rc,reverse,SNP,34,0.002933563416738568,72,0.0027307896533414248,LRTGE,L3TGE,LRTGE / L3TGE,0.10333598922866762,2_15
5107,2_15_chr3_122793601_122793905_rc,reverse,noSNP,20,0.001725625539257981,50,0.0018963817037093225,LRTGE,L3TGE,LRTGE / L3TGE,-0.13612994546672155,2_15
5108,2_16_chr6_108562603_108562763_rc,forward,noSNP,103,0.008886971527178602,8,0.0003034210725934916,LRTGE,L3TGE,LRTGE / L3TGE,4.872298676603859,2_16
5109,2_16_chr6_108562603_108562763_rc,reverse,noSNP,78,0.006729939603106126,8,0.0003034210725934916,LRTGE,L3TGE,LRTGE / L3TGE,4.471200368282889,2_16
5110,2_17_chr7_149685_149919_fw,forward,SNP,7,0.0006039689387402934,77,0.0029204278237123567,LRTGE,L3TGE,LRTGE / L3TGE,-2.2736334692166564,2_17
5111,2_17_chr7_149685_149919_fw,forward,noSNP,6,0.0005176876617773944,70,0.002654934385193052,LRTGE,L3TGE,LRTGE / L3TGE,-2.3585223668031694,2_17
5112,2_17_chr7_149685_149919_fw,reverse,SNP,18,0.0015530629853321828,69,0.0026170067511188653,LRTGE,L3TGE,LRTGE / L3TGE,-0.7528013059152161,2_17
5113,2_17_chr7_149685_149919_fw,reverse,noSNP,24,0.0020707506471095774,58,0.0021998027763028144,LRTGE,L3TGE,LRTGE / L3TGE,-0.0872203449857752,2_17
5114,2_19_chr7_27168362_27168894_fw,forward,SNP,87,0.007506471095772217,158,0.0059925661837214594,LRTGE,L3TGE,LRTGE / L3TGE,0.32496089709226617,2_19
5115,2_19_chr7_27168362_27168894_fw,forward,noSNP,55,0.004745470232959448,143,0.005423651672608663,LRTGE,L3TGE,LRTGE / L3TGE,-0.1927134738330892,2_19
5116,2_19_chr7_27168362_27168894_fw,reverse,SNP,158,0.01363244176013805,179,0.006789046499279375,LRTGE,L3TGE,LRTGE / L3TGE,1.0057631203334871,2_19
5117,2_19_chr7_27168362_27168894_fw,reverse,noSNP,102,0.008800690250215704,179,0.006789046499279375,LRTGE,L3TGE,LRTGE / L3TGE,0.37440771412788004,2_19
5118,2_1_chr10_24208466_24209279_fw,reverse,SNP,1,8.628127696289905e-05,6,0.00022756580444511872,LRTGE,L3TGE,LRTGE / L3TGE,-1.3991643513005154,2_1
5119,2_20_chr7_7566677_7567687_fw,forward,SNP,4,0.0003451251078515962,5,0.00018963817037093226,LRTGE,L3TGE,LRTGE / L3TGE,0.8638700545332783,2_20
5120,2_20_chr7_7566677_7567687_fw,forward,noSNP,6,0.0005176876617773944,7,0.0002654934385193052,LRTGE,L3TGE,LRTGE / L3TGE,0.9634057280841929,2_20
5121,2_20_chr7_7566677_7567687_fw,reverse,SNP,1,8.628127696289905e-05,51,0.001934309337783509,LRTGE,L3TGE,LRTGE / L3TGE,-4.486627192550855,2_20
5122,2_20_chr7_7566677_7567687_fw,reverse,noSNP,20,0.001725625539257981,94,0.0035651976029735266,LRTGE,L3TGE,LRTGE / L3TGE,-1.046862607369634,2_20
5123,2_22_chr10_122375105_122375476_rc__2_21_chr10_122375073_122375541_fw,forward,SNP,4,0.0003451251078515962,81,0.0030721383600091027,LRTGE,L3TGE,LRTGE / L3TGE,-3.1540518534639843,2_22
5124,2_22_chr10_122375105_122375476_rc__2_21_chr10_122375073_122375541_fw,forward,noSNP,6,0.0005176876617773944,54,0.0020480922400060685,LRTGE,L3TGE,LRTGE / L3TGE,-1.9841268520216715,2_22
5125,2_22_chr10_122375105_122375476_rc__2_21_chr10_122375073_122375541_fw,reverse,SNP,14,0.0012079378774805867,33,0.001251611924448153,LRTGE,L3TGE,LRTGE / L3TGE,-0.05124104788020854,2_22
5126,2_22_chr10_122375105_122375476_rc__2_21_chr10_122375073_122375541_fw,reverse,noSNP,8,0.0006902502157031924,53,0.002010164605931882,LRTGE,L3TGE,LRTGE / L3TGE,-1.5421223051425585,2_22
5127,2_23_chr12_53046798_53047380_fw__2_24_chr12_53046888_53047426_rc,forward,SNP,13,0.0011216566005176876,48,0.0018205264355609498,LRTGE,L3TGE,LRTGE / L3TGE,-0.6987246331594235,2_23
5128,2_32_chr22_44023936_44024267_rc__2_31_chr22_44023811_44024452_fw,forward,SNP,28,0.0024158757549611735,75,0.0028445725555639838,LRTGE,L3TGE,LRTGE / L3TGE,-0.23566561901763594,2_32
5129,2_32_chr22_44023936_44024267_rc__2_31_chr22_44023811_44024452_fw,forward,noSNP,13,0.0011216566005176876,43,0.0016308882651900173,LRTGE,L3TGE,LRTGE / L3TGE,-0.5400268871403652,2_32
5130,2_32_chr22_44023936_44024267_rc__2_31_chr22_44023811_44024452_fw,reverse,SNP,24,0.0020707506471095774,63,0.0023894409466737464,LRTGE,L3TGE,LRTGE / L3TGE,-0.20651927335811943,2_32
5131,2_32_chr22_44023936_44024267_rc__2_31_chr22_44023811_44024452_fw,reverse,noSNP,21,0.00181190681622088,56,0.0021239475081544414,LRTGE,L3TGE,LRTGE / L3TGE,-0.22923934985820318,2_32
5132,2_33_chr5_132369336_132370461_fw__2_34_chr5_132369418_132370280_rc,forward,SNP,11,0.0009490940465918896,29,0.0010999013881514072,LRTGE,L3TGE,LRTGE / L3TGE,-0.21275122706963429,2_33
5133,2_33_chr5_132369336_132370461_fw__2_34_chr5_132369418_132370280_rc,forward,noSNP,19,0.001639344262295082,36,0.0013653948266707124,LRTGE,L3TGE,LRTGE / L3TGE,0.26380066142191383,2_33
5134,2_33_chr5_132369336_132370461_fw__2_34_chr5_132369418_132370280_rc,reverse,noSNP,7,0.0006039689387402934,39,0.0014791777288932716,LRTGE,L3TGE,LRTGE / L3TGE,-1.2922491473840034,2_33
5135,2_39_chr14_100375283_100375730_rc__2_35_chr14_100375283_100375730_rc,forward,SNP,78,0.006729939603106126,280,0.010619737540772207,LRTGE,L3TGE,LRTGE / L3TGE,-0.6580826486620777,2_39
5136,2_39_chr14_100375283_100375730_rc__2_35_chr14_100375283_100375730_rc,forward,noSNP,105,0.0090595340811044,281,0.010657665174846393,LRTGE,L3TGE,LRTGE / L3TGE,-0.23438265313416276,2_39
5137,2_39_chr14_100375283_100375730_rc__2_35_chr14_100375283_100375730_rc,reverse,SNP,35,0.0030198446937014668,160,0.006068421451869832,LRTGE,L3TGE,LRTGE / L3TGE,-1.0068469285217552,2_39
5138,2_3_chr10_71888998_71889183_rc,forward,SNP,7,0.0006039689387402934,36,0.0013653948266707124,LRTGE,L3TGE,LRTGE / L3TGE,-1.1767719299640675,2_3
5139,2_3_chr10_71888998_71889183_rc,forward,noSNP,5,0.0004314063848144953,11,0.00041720397481605096,LRTGE,L3TGE,LRTGE / L3TGE,0.048294625670705846,2_3
5140,2_3_chr10_71888998_71889183_rc,reverse,SNP,1,8.628127696289905e-05,7,0.0002654934385193052,LRTGE,L3TGE,LRTGE / L3TGE,-1.6215567726369635,2_3
5141,2_40_chr2_27890876_27891263_rc__2_36_chr2_27890876_27891263_rc,forward,SNP,25,0.0021570319240724763,43,0.0016308882651900173,LRTGE,L3TGE,LRTGE / L3TGE,0.4033895844932676,2_40
5142,2_40_chr2_27890876_27891263_rc__2_36_chr2_27890876_27891263_rc,forward,noSNP,10,0.0008628127696289905,38,0.0014412500948190851,LRTGE,L3TGE,LRTGE / L3TGE,-0.7402012691355823,2_40
5143,2_40_chr2_27890876_27891263_rc__2_36_chr2_27890876_27891263_rc,reverse,SNP,21,0.00181190681622088,44,0.0016688158992642038,LRTGE,L3TGE,LRTGE / L3TGE,0.11868395356210373,2_40
5144,2_40_chr2_27890876_27891263_rc__2_36_chr2_27890876_27891263_rc,reverse,noSNP,13,0.0011216566005176876,41,0.0015550329970416446,LRTGE,L3TGE,LRTGE / L3TGE,-0.4713141370563509,2_40
5145,2_41_chr2_29114692_29115684_fw__2_37_chr2_29114692_29115684_fw,forward,SNP,12,0.0010353753235547887,87,0.003299704164454221,LRTGE,L3TGE,LRTGE / L3TGE,-1.6721828457069312,2_41
5146,2_41_chr2_29114692_29115684_fw__2_37_chr2_29114692_29115684_fw,forward,noSNP,6,0.0005176876617773944,42,0.001592960631115831,LRTGE,L3TGE,LRTGE / L3TGE,-1.6215567726369633,2_41
5147,2_41_chr2_29114692_29115684_fw__2_37_chr2_29114692_29115684_fw,reverse,SNP,14,0.0012079378774805867,76,0.0028825001896381703,LRTGE,L3TGE,LRTGE / L3TGE,-1.2547744419653406,2_41
5148,2_41_chr2_29114692_29115684_fw__2_37_chr2_29114692_29115684_fw,reverse,noSNP,12,0.0010353753235547887,45,0.0017067435333383903,LRTGE,L3TGE,LRTGE / L3TGE,-0.7210924461878777,2_41
5149,2_42_chr7_158818580_158818984_rc__2_38_chr7_158818580_158818984_rc,forward,noSNP,86,0.007420189818809319,264,0.010012895395585223,LRTGE,L3TGE,LRTGE / L3TGE,-0.4323312152357148,2_42
5150,2_42_chr7_158818580_158818984_rc__2_38_chr7_158818580_158818984_rc,reverse,SNP,29,0.0025021570319240724,259,0.009823257225214292,LRTGE,L3TGE,LRTGE / L3TGE,-1.973029143138341,2_42
5151,2_42_chr7_158818580_158818984_rc__2_38_chr7_158818580_158818984_rc,reverse,noSNP,14,0.0012079378774805867,236,0.008950921641508004,LRTGE,L3TGE,LRTGE / L3TGE,-2.8894899778835965,2_42
5152,2_5_chr12_2959230_2960351_fw,forward,SNP,3,0.0002588438308886972,30,0.0011378290222255935,LRTGE,L3TGE,LRTGE / L3TGE,-2.1361299454667213,2_5
5153,2_5_chr12_2959230_2960351_fw,forward,noSNP,5,0.0004314063848144953,28,0.0010619737540772207,LRTGE,L3TGE,LRTGE / L3TGE,-1.2996286777496011,2_5
5154,2_5_chr12_2959230_2960351_fw,reverse,SNP,6,0.0005176876617773944,31,0.00117575665629978,LRTGE,L3TGE,LRTGE / L3TGE,-1.1834356602450782,2_5
5155,2_5_chr12_2959230_2960351_fw,reverse,noSNP,2,0.0001725625539257981,36,0.0013653948266707124,LRTGE,L3TGE,LRTGE / L3TGE,-2.9841268520216717,2_5
5156,2_6_chr12_57611320_57611561_fw,forward,SNP,4,0.0003451251078515962,43,0.0016308882651900173,LRTGE,L3TGE,LRTGE / L3TGE,-2.240466605281457,2_6
5157,2_6_chr12_57611320_57611561_fw,forward,noSNP,6,0.0005176876617773944,21,0.0007964803155579155,LRTGE,L3TGE,LRTGE / L3TGE,-0.6215567726369634,2_6
5158,2_6_chr12_57611320_57611561_fw,reverse,SNP,4,0.0003451251078515962,16,0.0006068421451869832,LRTGE,L3TGE,LRTGE / L3TGE,-0.8142018505793593,2_6
5159,2_6_chr12_57611320_57611561_fw,reverse,noSNP,10,0.0008628127696289905,14,0.0005309868770386104,LRTGE,L3TGE,LRTGE / L3TGE,0.7003713222503989,2_6
5160,2_7_chr14_75069209_75069609_rc,forward,SNP,136,0.011734253666954271,275,0.010430099370401274,LRTGE,L3TGE,LRTGE / L3TGE,0.16997318225895816,2_7
5161,2_7_chr14_75069209_75069609_rc,forward,noSNP,15,0.0012942191544434857,27,0.0010240461200030342,LRTGE,L3TGE,LRTGE / L3TGE,0.33780124286569047,2_7
5162,2_7_chr14_75069209_75069609_rc,reverse,SNP,32,0.0027610008628127696,210,0.007964803155579155,LRTGE,L3TGE,LRTGE / L3TGE,-1.528447368245482,2_7
5163,2_7_chr14_75069209_75069609_rc,reverse,noSNP,7,0.0006039689387402934,22,0.0008344079496321019,LRTGE,L3TGE,LRTGE / L3TGE,-0.4662785471590523,2_7
5164,3,reverse,SNP,7,0.0006039689387402934,41,0.0015550329970416446,LRTGE,L3TGE,LRTGE / L3TGE,-1.3643989331398387,3
5165,4,forward,any_SNP,36,0.0031061259706643657,915,0.03470378517788061,LRTGE,L3TGE,LRTGE / L3TGE,-3.481904782308452,4
5166,4,reverse,any_SNP,170,0.014667817083692839,591,0.022415231737844193,LRTGE,L3TGE,LRTGE / L3TGE,-0.61182523461919,4
5167,8,any_orientation,any_SNP,66,0.005694564279551337,291,0.011036941515588258,LRTGE,L3TGE,LRTGE / L3TGE,-0.9546830741291897,8
5168,9,any_orientation,any_SNP,27,0.0023295944779982746,1565,0.0593567473261018,LRTGE,L3TGE,LRTGE / L3TGE,-4.671261290235871,9
5169,CMV,any_orientation,any_SNP,132,0.011389128559102674,75,0.0028445725555639838,LRTGE,L3TGE,LRTGE / L3TGE,2.0013735782832134,CMV
5170,SV40,any_orientation,any_SNP,31,0.0026747195858498707,22,0.0008344079496321019,LRTGE,L3TGE,LRTGE / L3TGE,1.680562841170219,SV40
5171,1_11_chr11_65418158_65418613_bi,forward,noSNP,6,0.0005176876617773944,6,0.00022471068499307141,LRTGE,L4TGE,LRTGE / L4TGE,1.2040132080787371,1_11
5172,1_11_chr11_65418158_65418613_bi,reverse,noSNP,14,0.0012079378774805867,15,0.0005617767124826786,LRTGE,L4TGE,LRTGE / L4TGE,1.1044775345278222,1_11
5173,1_14_chr14_60655620_60656040_bi,reverse,noSNP,2,0.0001725625539257981,6,0.00022471068499307141,LRTGE,L4TGE,LRTGE / L4TGE,-0.38094929264241945,1_14
5174,1_15_chr15_40098659_40099167_bi,forward,noSNP,9,0.0007765314926660914,6,0.00022471068499307141,LRTGE,L4TGE,LRTGE / L4TGE,1.788975708799893,1_15
5175,1_15_chr15_40098659_40099167_bi,reverse,noSNP,5,0.0004314063848144953,12,0.00044942136998614283,LRTGE,L4TGE,LRTGE / L4TGE,-0.05902119775505692,1_15
5176,1_16_chr16_30805349_30805831_bi,forward,noSNP,9,0.0007765314926660914,391,0.01464364630538182,LRTGE,L4TGE,LRTGE / L4TGE,-4.237086587786303,1_16
5177,1_16_chr16_30805349_30805831_bi,reverse,noSNP,7,0.0006039689387402934,352,0.013183026852926856,LRTGE,L4TGE,LRTGE / L4TGE,-4.4480634885009565,1_16
5178,1_17_chr16_73068918_73069480_bi,forward,noSNP,90,0.007765314926660914,66,0.0024718175349237857,LRTGE,L4TGE,LRTGE / L4TGE,1.651472185049958,1_17
5179,1_17_chr16_73068918_73069480_bi,reverse,noSNP,28,0.0024158757549611735,47,0.0017602336991123927,LRTGE,L4TGE,LRTGE / L4TGE,0.45677927845870353,1_17
5180,1_18_chr16_74297506_74297928_bi,forward,noSNP,188,0.016220880069025022,206,0.007715066851428786,LRTGE,L4TGE,LRTGE / L4TGE,1.0721015325731558,1_18
5181,1_18_chr16_74297506_74297928_bi,reverse,noSNP,134,0.011561691113028473,211,0.007902325755589678,LRTGE,L4TGE,LRTGE / L4TGE,0.549003209829324,1_18
5182,1_19_chr16_807619_808176_bi,forward,SNP,11,0.0009490940465918896,15,0.0005617767124826786,LRTGE,L4TGE,LRTGE / L4TGE,0.7565542311075154,1_19
5183,1_19_chr16_807619_808176_bi,forward,noSNP,8,0.0006902502157031924,8,0.00029961424665742855,LRTGE,L4TGE,LRTGE / L4TGE,1.2040132080787367,1_19
5184,1_19_chr16_807619_808176_bi,reverse,SNP,22,0.0018981880931837791,7,0.00026216246582525,LRTGE,L4TGE,LRTGE / L4TGE,2.85608990465843,1_19
5185,1_19_chr16_807619_808176_bi,reverse,noSNP,43,0.0037100949094046594,22,0.0008239391783079285,LRTGE,L4TGE,LRTGE / L4TGE,2.1708463441435377,1_19
5186,1_1_chr1_156748909_156749379_bi,forward,noSNP,2,0.0001725625539257981,68,0.002546721096588143,LRTGE,L4TGE,LRTGE / L4TGE,-3.883449633171603,1_1
5187,1_20_chr16_87853532_87854041_bi,forward,SNP,5,0.0004314063848144953,14,0.0005243249316505,LRTGE,L4TGE,LRTGE / L4TGE,-0.28141361909150486,1_20
5188,1_20_chr16_87853532_87854041_bi,forward,noSNP,10,0.0008628127696289905,5,0.00018725890416089285,LRTGE,L4TGE,LRTGE / L4TGE,2.2040132080787367,1_20
5189,1_20_chr16_87853532_87854041_bi,reverse,SNP,23,0.001984469370146678,20,0.0007490356166435714,LRTGE,L4TGE,LRTGE / L4TGE,1.4056470692483873,1_20
5190,1_20_chr16_87853532_87854041_bi,reverse,noSNP,46,0.003968938740293356,25,0.0009362945208044643,LRTGE,L4TGE,LRTGE / L4TGE,2.083718974361025,1_20
5191,1_23_chr2_70142583_70143144_bi,forward,SNP,58,0.005004314063848145,54,0.0020223961649376426,LRTGE,L4TGE,LRTGE / L4TGE,1.3071067010428403,1_23
5192,1_23_chr2_70142583_70143144_bi,forward,noSNP,576,0.04969801553062985,649,0.024306205760083893,LRTGE,L4TGE,LRTGE / L4TGE,1.0318635415219106,1_23
5193,1_23_chr2_70142583_70143144_bi,reverse,SNP,4,0.0003451251078515962,13,0.0004868731508183214,LRTGE,L4TGE,LRTGE / L4TGE,-0.4964265100623555,1_23
5194,1_23_chr2_70142583_70143144_bi,reverse,noSNP,94,0.008110440034512511,469,0.017564885210291748,LRTGE,L4TGE,LRTGE / L4TGE,-1.1148420527590022,1_23
5195,1_24_chr21_29002584_29003015_bi,forward,noSNP,112,0.009663503019844694,84,0.003145949589903,LRTGE,L4TGE,LRTGE / L4TGE,1.6190507073575806,1_24
5196,1_24_chr21_29002584_29003015_bi,reverse,noSNP,46,0.003968938740293356,76,0.0028463353432455715,LRTGE,L4TGE,LRTGE / L4TGE,0.479647650692164,1_24
5197,1_25_chr22_36465359_36465803_bi,forward,noSNP,31,0.0026747195858498707,52,0.0019474926032732856,LRTGE,L4TGE,LRTGE / L4TGE,0.45776980032451975,1_25
5198,1_25_chr22_36465359_36465803_bi,reverse,noSNP,28,0.0024158757549611735,101,0.0037826298640500355,LRTGE,L4TGE,LRTGE / L4TGE,-0.6468433526154539,1_25
5199,1_26_chr22_40651538_40652054_bi,forward,noSNP,57,0.004918032786885246,458,0.017152915621137785,LRTGE,L4TGE,LRTGE / L4TGE,-1.8023005658534654,1_26
5200,1_26_chr22_40651538_40652054_bi,reverse,noSNP,192,0.01656600517687662,508,0.019025504662746714,LRTGE,L4TGE,LRTGE / L4TGE,-0.19970897797227288,1_26
5201,1_28_chr7_1532728_1533226_bi,forward,noSNP,21,0.00181190681622088,17,0.0006366802741470357,LRTGE,L4TGE,LRTGE / L4TGE,1.5088677896071576,1_28
5202,1_28_chr7_1532728_1533226_bi,reverse,noSNP,16,0.0013805004314063848,5,0.00018725890416089285,LRTGE,L4TGE,LRTGE / L4TGE,2.8820851131913745,1_28
5203,1_29_chr7_25856979_25857429_bi,forward,SNP,26,0.0022433132010353752,20,0.0007490356166435714,LRTGE,L4TGE,LRTGE / L4TGE,1.5825248313324665,1_29
5204,1_29_chr7_25856979_25857429_bi,reverse,SNP,41,0.003537532355478861,46,0.0017227819182802143,LRTGE,L4TGE,LRTGE / L4TGE,1.0380032566398076,1_29
5205,1_30_chr9_126805681_126806202_bi,forward,noSNP,54,0.004659188955996549,110,0.004119695891539643,LRTGE,L4TGE,LRTGE / L4TGE,0.17754099671754578,1_30
5206,1_30_chr9_126805681_126806202_bi,reverse,noSNP,84,0.00724762726488352,130,0.0048687315081832145,LRTGE,L4TGE,LRTGE / L4TGE,0.5739628178290425,1_30
5207,1_5_chr1_33127099_33127603_bi,forward,noSNP,76,0.006557377049180328,264,0.009887270139695143,LRTGE,L4TGE,LRTGE / L4TGE,-0.5924533978361312,1_5
5208,1_5_chr1_33127099_33127603_bi,reverse,noSNP,218,0.018809318377911992,280,0.010486498633009999,LRTGE,L4TGE,LRTGE / L4TGE,0.8429145159106967,1_5
5209,1_7_chr10_110211049_110211924_bi,forward,noSNP,50,0.004314063848144953,162,0.006067188494812929,LRTGE,L4TGE,LRTGE / L4TGE,-0.4919806050311635,1_7
5210,1_7_chr10_110211049_110211924_bi,reverse,noSNP,70,0.0060396893874029335,21,0.00078648739747575,LRTGE,L4TGE,LRTGE / L4TGE,2.940978802244943,1_7
5211,1_8_chr10_4663047_4663594_bi,forward,noSNP,10,0.0008628127696289905,280,0.010486498633009999,LRTGE,L4TGE,LRTGE / L4TGE,-3.6033417139788675,1_8
5212,1_8_chr10_4663047_4663594_bi,reverse,noSNP,3,0.0002588438308886972,355,0.013295382195423392,LRTGE,L4TGE,LRTGE / L4TGE,-5.682699505592152,1_8
5213,1_9_chr10_71860316_71860874_bi,forward,noSNP,30,0.0025884383088869713,43,0.0016104265757836784,LRTGE,L4TGE,LRTGE / L4TGE,0.6846390489851573,1_9
5214,1_9_chr10_71860316_71860874_bi,reverse,noSNP,76,0.006557377049180328,35,0.0013108123291262499,LRTGE,L4TGE,LRTGE / L4TGE,2.322657704577356,1_9
5215,22,any_orientation,any_SNP,281,0.02424503882657463,3904,0.14621175236882514,LRTGE,L4TGE,LRTGE / L4TGE,-2.5922978092632234,22
5216,2_10_chr16_3305171_3305501_rc,forward,SNP,202,0.01742881794650561,179,0.006703868768959964,LRTGE,L4TGE,LRTGE / L4TGE,1.378408913566275,2_10
5217,2_10_chr16_3305171_3305501_rc,forward,noSNP,248,0.021397756686798965,209,0.00782742219392532,LRTGE,L4TGE,LRTGE / L4TGE,1.4508503863847293,2_10
5218,2_10_chr16_3305171_3305501_rc,reverse,SNP,102,0.008800690250215704,153,0.005730122467323321,LRTGE,L4TGE,LRTGE / L4TGE,0.6190507073575806,2_10
5219,2_10_chr16_3305171_3305501_rc,reverse,noSNP,113,0.009749784296807593,157,0.005879929590652036,LRTGE,L4TGE,LRTGE / L4TGE,0.7295714216022975,2_10
5220,2_12_chr17_58692543_58692822_fw,forward,noSNP,23,0.001984469370146678,72,0.002696528219916857,LRTGE,L4TGE,LRTGE / L4TGE,-0.44234983730656274,2_12
5221,2_12_chr17_58692543_58692822_fw,reverse,noSNP,25,0.0021570319240724763,88,0.003295756713231714,LRTGE,L4TGE,LRTGE / L4TGE,-0.6115622207838358,2_12
5222,2_13_chr19_41397182_41397493_rc,forward,SNP,23,0.001984469370146678,260,0.009737463016366429,LRTGE,L4TGE,LRTGE / L4TGE,-2.294792648892705,2_13
5223,2_13_chr19_41397182_41397493_rc,forward,noSNP,27,0.0023295944779982746,297,0.011123178907157036,LRTGE,L4TGE,LRTGE / L4TGE,-2.2554184105585606,2_13
5224,2_13_chr19_41397182_41397493_rc,reverse,SNP,72,0.006212251941328731,217,0.00812703644058275,LRTGE,L4TGE,LRTGE / L4TGE,-0.3876130229234302,2_13
5225,2_13_chr19_41397182_41397493_rc,reverse,noSNP,99,0.008541846419327006,265,0.00992472192052732,LRTGE,L4TGE,LRTGE / L4TGE,-0.216478721292215,2_13
5226,2_15_chr3_122793601_122793905_rc,forward,SNP,34,0.002933563416738568,102,0.003820081644882214,LRTGE,L4TGE,LRTGE / L4TGE,-0.3809492926424192,2_15
5227,2_15_chr3_122793601_122793905_rc,forward,noSNP,34,0.002933563416738568,90,0.0033706602748960713,LRTGE,L4TGE,LRTGE / L4TGE,-0.20037704700059852,2_15
5228,2_15_chr3_122793601_122793905_rc,reverse,SNP,34,0.002933563416738568,74,0.0027714317815812142,LRTGE,L4TGE,LRTGE / L4TGE,0.08202268370012629,2_15
5229,2_15_chr3_122793601_122793905_rc,reverse,noSNP,20,0.001725625539257981,54,0.0020223961649376426,LRTGE,L4TGE,LRTGE / L4TGE,-0.22894619919736933,2_15
5230,2_16_chr6_108562603_108562763_rc,forward,noSNP,103,0.008886971527178602,401,0.015018164113703606,LRTGE,L4TGE,LRTGE / L4TGE,-0.7569446911929653,2_16
5231,2_16_chr6_108562603_108562763_rc,reverse,noSNP,78,0.006729939603106126,370,0.013857158907906071,LRTGE,L4TGE,LRTGE / L4TGE,-1.0419660335753271,2_16
5232,2_17_chr7_149685_149919_fw,forward,SNP,7,0.0006039689387402934,72,0.002696528219916857,LRTGE,L4TGE,LRTGE / L4TGE,-2.1585568713059713,2_17
5233,2_17_chr7_149685_149919_fw,forward,noSNP,6,0.0005176876617773944,61,0.0022845586307628928,LRTGE,L4TGE,LRTGE / L4TGE,-2.141761628762993,2_17
5234,2_17_chr7_149685_149919_fw,reverse,SNP,18,0.0015530629853321828,73,0.002733980000749036,LRTGE,L4TGE,LRTGE / L4TGE,-0.8158863493589683,2_17
5235,2_17_chr7_149685_149919_fw,reverse,noSNP,24,0.0020707506471095774,36,0.0013482641099584285,LRTGE,L4TGE,LRTGE / L4TGE,0.6190507073575807,2_17
5236,2_19_chr7_27168362_27168894_fw,forward,SNP,87,0.007506471095772217,230,0.008613909591401072,LRTGE,L4TGE,LRTGE / L4TGE,-0.1985333470169104,2_19
5237,2_19_chr7_27168362_27168894_fw,forward,noSNP,55,0.004745470232959448,141,0.005280701097337179,LRTGE,L4TGE,LRTGE / L4TGE,-0.15417843079539728,2_19
5238,2_19_chr7_27168362_27168894_fw,reverse,noSNP,102,0.008800690250215704,227,0.008501554248904536,LRTGE,L4TGE,LRTGE / L4TGE,0.04989006275931744,2_19
5239,2_1_chr10_24208466_24209279_fw,reverse,SNP,1,8.628127696289905e-05,12,0.00044942136998614283,LRTGE,L4TGE,LRTGE / L4TGE,-2.3809492926424194,2_1
5240,2_20_chr7_7566677_7567687_fw,forward,SNP,4,0.0003451251078515962,31,0.0011610052057975356,LRTGE,L4TGE,LRTGE / L4TGE,-1.7501831023081384,2_20
5241,2_20_chr7_7566677_7567687_fw,forward,noSNP,6,0.0005176876617773944,68,0.002546721096588143,LRTGE,L4TGE,LRTGE / L4TGE,-2.2984871324504463,2_20
5242,2_20_chr7_7566677_7567687_fw,reverse,noSNP,20,0.001725625539257981,155,0.005805026028987678,LRTGE,L4TGE,LRTGE / L4TGE,-1.7501831023081384,2_20
5243,2_22_chr10_122375105_122375476_rc__2_21_chr10_122375073_122375541_fw,forward,SNP,4,0.0003451251078515962,73,0.002733980000749036,LRTGE,L4TGE,LRTGE / L4TGE,-2.9858113508012805,2_22
5244,2_22_chr10_122375105_122375476_rc__2_21_chr10_122375073_122375541_fw,forward,noSNP,6,0.0005176876617773944,70,0.0026216246582524997,LRTGE,L4TGE,LRTGE / L4TGE,-2.340307308145073,2_22
5245,2_22_chr10_122375105_122375476_rc__2_21_chr10_122375073_122375541_fw,reverse,SNP,14,0.0012079378774805867,44,0.001647878356615857,LRTGE,L4TGE,LRTGE / L4TGE,-0.44806348850095634,2_22
5246,2_22_chr10_122375105_122375476_rc__2_21_chr10_122375073_122375541_fw,reverse,noSNP,8,0.0006902502157031924,42,0.0015729747949515,LRTGE,L4TGE,LRTGE / L4TGE,-1.1883042147000236,2_22
5247,2_23_chr12_53046798_53047380_fw__2_24_chr12_53046888_53047426_rc,forward,SNP,13,0.0011216566005176876,47,0.0017602336991123927,LRTGE,L4TGE,LRTGE / L4TGE,-0.6501359254578083,2_23
5248,2_23_chr12_53046798_53047380_fw__2_24_chr12_53046888_53047426_rc,forward,noSNP,9,0.0007765314926660914,49,0.00183513726077675,LRTGE,L4TGE,LRTGE / L4TGE,-1.240771634594159,2_23
5249,2_23_chr12_53046798_53047380_fw__2_24_chr12_53046888_53047426_rc,reverse,SNP,13,0.0011216566005176876,54,0.0020223961649376426,LRTGE,L4TGE,LRTGE / L4TGE,-0.8504345759436396,2_23
5250,2_23_chr12_53046798_53047380_fw__2_24_chr12_53046888_53047426_rc,reverse,noSNP,10,0.0008628127696289905,59,0.0022096550690985355,LRTGE,L4TGE,LRTGE / L4TGE,-1.356701746395742,2_23
5251,2_32_chr22_44023936_44024267_rc__2_31_chr22_44023811_44024452_fw,forward,SNP,28,0.0024158757549611735,77,0.00288378712407775,LRTGE,L4TGE,LRTGE / L4TGE,-0.25541841055856046,2_32
5252,2_32_chr22_44023936_44024267_rc__2_31_chr22_44023811_44024452_fw,forward,noSNP,13,0.0011216566005176876,49,0.00183513726077675,LRTGE,L4TGE,LRTGE / L4TGE,-0.7102569178953793,2_32
5253,2_32_chr22_44023936_44024267_rc__2_31_chr22_44023811_44024452_fw,reverse,SNP,24,0.0020707506471095774,62,0.002322010411595071,LRTGE,L4TGE,LRTGE / L4TGE,-0.165220601586982,2_32
5254,2_32_chr22_44023936_44024267_rc__2_31_chr22_44023811_44024452_fw,reverse,noSNP,21,0.00181190681622088,67,0.002509269315755964,LRTGE,L4TGE,LRTGE / L4TGE,-0.46975855960027546,2_32
5255,2_33_chr5_132369336_132370461_fw__2_34_chr5_132369418_132370280_rc,forward,SNP,11,0.0009490940465918896,29,0.0010861016441331786,LRTGE,L4TGE,LRTGE / L4TGE,-0.19453616841153815,2_33
5256,2_33_chr5_132369336_132370461_fw__2_34_chr5_132369418_132370280_rc,forward,noSNP,19,0.001639344262295082,40,0.0014980712332871428,LRTGE,L4TGE,LRTGE / L4TGE,0.13001262663495977,2_33
5257,2_33_chr5_132369336_132370461_fw__2_34_chr5_132369418_132370280_rc,reverse,noSNP,7,0.0006039689387402934,48,0.0017976854799445713,LRTGE,L4TGE,LRTGE / L4TGE,-1.5735943705848154,2_33
5258,2_39_chr14_100375283_100375730_rc__2_35_chr14_100375283_100375730_rc,forward,SNP,78,0.006729939603106126,287,0.01074866109883525,LRTGE,L4TGE,LRTGE / L4TGE,-0.6754914997347029,2_39
5259,2_39_chr14_100375283_100375730_rc__2_35_chr14_100375283_100375730_rc,forward,noSNP,105,0.0090595340811044,279,0.010449046852177821,LRTGE,L4TGE,LRTGE / L4TGE,-0.20586258608432823,2_39
5260,2_39_chr14_100375283_100375730_rc__2_35_chr14_100375283_100375730_rc,reverse,SNP,35,0.0030198446937014668,179,0.006703868768959964,LRTGE,L4TGE,LRTGE / L4TGE,-1.1505195522405534,2_39
5261,2_39_chr14_100375283_100375730_rc__2_35_chr14_100375283_100375730_rc,reverse,noSNP,43,0.0037100949094046594,237,0.008876072057226321,LRTGE,L4TGE,LRTGE / L4TGE,-1.2584652861174244,2_39
5262,2_3_chr10_71888998_71889183_rc,forward,SNP,7,0.0006039689387402934,27,0.0010111980824688213,LRTGE,L4TGE,LRTGE / L4TGE,-0.7435193720271275,2_3
5263,2_3_chr10_71888998_71889183_rc,forward,noSNP,5,0.0004314063848144953,12,0.00044942136998614283,LRTGE,L4TGE,LRTGE / L4TGE,-0.05902119775505692,2_3
5264,2_3_chr10_71888998_71889183_rc,reverse,SNP,1,8.628127696289905e-05,11,0.00041196958915396426,LRTGE,L4TGE,LRTGE / L4TGE,-2.2554184105585606,2_3
5265,2_40_chr2_27890876_27891263_rc__2_36_chr2_27890876_27891263_rc,forward,SNP,25,0.0021570319240724763,45,0.0016853301374480357,LRTGE,L4TGE,LRTGE / L4TGE,0.3560163015237867,2_40
5266,2_40_chr2_27890876_27891263_rc__2_36_chr2_27890876_27891263_rc,forward,noSNP,10,0.0008628127696289905,33,0.0012359087674618928,LRTGE,L4TGE,LRTGE / L4TGE,-0.5184528163923544,2_40
5267,2_40_chr2_27890876_27891263_rc__2_36_chr2_27890876_27891263_rc,reverse,SNP,21,0.00181190681622088,64,0.0023969139732594284,LRTGE,L4TGE,LRTGE / L4TGE,-0.4036693691425029,2_40
5268,2_40_chr2_27890876_27891263_rc__2_36_chr2_27890876_27891263_rc,reverse,noSNP,13,0.0011216566005176876,30,0.0011235534249653572,LRTGE,L4TGE,LRTGE / L4TGE,-0.002437669388689751,2_40
5269,2_41_chr2_29114692_29115684_fw__2_37_chr2_29114692_29115684_fw,forward,SNP,12,0.0010353753235547887,102,0.003820081644882214,LRTGE,L4TGE,LRTGE / L4TGE,-1.8834496331716026,2_41
5270,2_41_chr2_29114692_29115684_fw__2_37_chr2_29114692_29115684_fw,forward,noSNP,6,0.0005176876617773944,34,0.0012733605482940715,LRTGE,L4TGE,LRTGE / L4TGE,-1.2984871324504466,2_41
5271,2_41_chr2_29114692_29115684_fw__2_37_chr2_29114692_29115684_fw,reverse,SNP,14,0.0012079378774805867,90,0.0033706602748960713,LRTGE,L4TGE,LRTGE / L4TGE,-1.4804849661933337,2_41
5272,2_41_chr2_29114692_29115684_fw__2_37_chr2_29114692_29115684_fw,reverse,noSNP,12,0.0010353753235547887,34,0.0012733605482940715,LRTGE,L4TGE,LRTGE / L4TGE,-0.2984871324504465,2_41
5273,2_42_chr7_158818580_158818984_rc__2_38_chr7_158818580_158818984_rc,forward,SNP,39,0.003364969801553063,93,0.003483015617392607,LRTGE,L4TGE,LRTGE / L4TGE,-0.04974338416704636,2_42
5274,2_42_chr7_158818580_158818984_rc__2_38_chr7_158818580_158818984_rc,forward,noSNP,86,0.007420189818809319,115,0.004306954795700536,LRTGE,L4TGE,LRTGE / L4TGE,0.7847879118364595,2_42
5275,2_42_chr7_158818580_158818984_rc__2_38_chr7_158818580_158818984_rc,reverse,SNP,29,0.0025021570319240724,75,0.0028088835624133926,LRTGE,L4TGE,LRTGE / L4TGE,-0.16682448728957194,2_42
5276,2_42_chr7_158818580_158818984_rc__2_38_chr7_158818580_158818984_rc,reverse,noSNP,14,0.0012079378774805867,96,0.0035953709598891426,LRTGE,L4TGE,LRTGE / L4TGE,-1.5735943705848154,2_42
5277,2_4_chr11_124876752_124876939_fw,forward,noSNP,2,0.0001725625539257981,8,0.00029961424665742855,LRTGE,L4TGE,LRTGE / L4TGE,-0.7959867919212632,2_4
5278,2_5_chr12_2959230_2960351_fw,forward,SNP,3,0.0002588438308886972,30,0.0011235534249653572,LRTGE,L4TGE,LRTGE / L4TGE,-2.1179148868086255,2_5
5279,2_5_chr12_2959230_2960351_fw,forward,noSNP,5,0.0004314063848144953,30,0.0011235534249653572,LRTGE,L4TGE,LRTGE / L4TGE,-1.3809492926424194,2_5
5280,2_5_chr12_2959230_2960351_fw,reverse,SNP,6,0.0005176876617773944,27,0.0010111980824688213,LRTGE,L4TGE,LRTGE / L4TGE,-0.9659117933635754,2_5
5281,2_5_chr12_2959230_2960351_fw,reverse,noSNP,2,0.0001725625539257981,31,0.0011610052057975356,LRTGE,L4TGE,LRTGE / L4TGE,-2.7501831023081387,2_5
5282,2_6_chr12_57611320_57611561_fw,forward,SNP,4,0.0003451251078515962,39,0.0014606194524549641,LRTGE,L4TGE,LRTGE / L4TGE,-2.0813890107835116,2_6
5283,2_6_chr12_57611320_57611561_fw,forward,noSNP,6,0.0005176876617773944,27,0.0010111980824688213,LRTGE,L4TGE,LRTGE / L4TGE,-0.9659117933635754,2_6
5284,2_6_chr12_57611320_57611561_fw,reverse,SNP,4,0.0003451251078515962,23,0.0008613909591401071,LRTGE,L4TGE,LRTGE / L4TGE,-1.3195487479782764,2_6
5285,2_6_chr12_57611320_57611561_fw,reverse,noSNP,10,0.0008628127696289905,19,0.0007115838358113929,LRTGE,L4TGE,LRTGE / L4TGE,0.2780137895225137,2_6
5286,2_7_chr14_75069209_75069609_rc,forward,SNP,136,0.011734253666954271,251,0.00940039698887682,LRTGE,L4TGE,LRTGE / L4TGE,0.3199324953783042,2_7
5287,2_7_chr14_75069209_75069609_rc,forward,noSNP,15,0.0012942191544434857,37,0.0013857158907906071,LRTGE,L4TGE,LRTGE / L4TGE,-0.0985495619416946,2_7
5288,2_7_chr14_75069209_75069609_rc,reverse,SNP,32,0.0027610008628127696,215,0.008052132878918393,LRTGE,L4TGE,LRTGE / L4TGE,-1.5441796415107236,2_7
5289,2_7_chr14_75069209_75069609_rc,reverse,noSNP,7,0.0006039689387402934,34,0.0012733605482940715,LRTGE,L4TGE,LRTGE / L4TGE,-1.0760947111139987,2_7
5290,3,reverse,SNP,7,0.0006039689387402934,61,0.0022845586307628928,LRTGE,L4TGE,LRTGE / L4TGE,-1.9193692074265454,3
5291,4,forward,any_SNP,36,0.0031061259706643657,1020,0.038200816448822145,LRTGE,L4TGE,LRTGE / L4TGE,-3.620415227337809,4
5292,4,reverse,any_SNP,170,0.014667817083692839,722,0.02704018576083293,LRTGE,L4TGE,LRTGE / L4TGE,-0.8824508826707326,4
5293,8,any_orientation,any_SNP,66,0.005694564279551337,311,0.011647503838807536,LRTGE,L4TGE,LRTGE / L4TGE,-1.0323634426934125,8
5294,9,any_orientation,any_SNP,27,0.0023295944779982746,1569,0.058761844125688176,LRTGE,L4TGE,LRTGE / L4TGE,-4.656728926725892,9
5295,CMV,any_orientation,any_SNP,132,0.011389128559102674,70,0.0026216246582524997,LRTGE,L4TGE,LRTGE / L4TGE,2.1191243104922237,CMV
5296,SV40,any_orientation,any_SNP,31,0.0026747195858498707,23,0.0008613909591401071,LRTGE,L4TGE,LRTGE / L4TGE,1.634647562408599,SV40
5297,1_11_chr11_65418158_65418613_bi,forward,noSNP,6,0.0005176876617773944,9,0.0003250388240817653,LRTGE,L5TGE,LRTGE / L5TGE,0.6714698840357508,1_11
5298,1_11_chr11_65418158_65418613_bi,reverse,noSNP,14,0.0012079378774805867,8,0.0002889233991837914,LRTGE,L5TGE,LRTGE / L5TGE,2.063787306814511,1_11
5299,1_15_chr15_40098659_40099167_bi,reverse,noSNP,5,0.0004314063848144953,11,0.0003972696738777132,LRTGE,L5TGE,LRTGE / L5TGE,0.11892886100697206,1_15
5300,1_16_chr16_30805349_30805831_bi,forward,noSNP,9,0.0007765314926660914,412,0.014879555057965257,LRTGE,L5TGE,LRTGE / L5TGE,-4.260143140983999,1_16
5301,1_16_chr16_30805349_30805831_bi,reverse,noSNP,7,0.0006039689387402934,350,0.012640398714290874,LRTGE,L5TGE,LRTGE / L5TGE,-4.387423805017818,1_16
5302,1_17_chr16_73068918_73069480_bi,forward,noSNP,90,0.007765314926660914,75,0.0027086568673480443,LRTGE,L5TGE,LRTGE / L5TGE,1.5194667905907007,1_17
5303,1_17_chr16_73068918_73069480_bi,reverse,noSNP,28,0.0024158757549611735,52,0.001878002094694644,LRTGE,L5TGE,LRTGE / L5TGE,0.3633475886734188,1_17
5304,1_18_chr16_74297506_74297928_bi,forward,noSNP,188,0.016220880069025022,182,0.0065730073314312545,LRTGE,L5TGE,LRTGE / L5TGE,1.303226596235848,1_18
5305,1_18_chr16_74297506_74297928_bi,reverse,noSNP,134,0.011561691113028473,190,0.0068619307306150455,LRTGE,L5TGE,LRTGE / L5TGE,0.7526659668837316,1_18
5306,1_19_chr16_807619_808176_bi,forward,SNP,11,0.0009490940465918896,15,0.0005417313734696089,LRTGE,L5TGE,LRTGE / L5TGE,0.8089734077856855,1_19
5307,1_19_chr16_807619_808176_bi,forward,noSNP,8,0.0006902502157031924,10,0.00036115424897973926,LRTGE,L5TGE,LRTGE / L5TGE,0.9345042898695445,1_19
5308,1_19_chr16_807619_808176_bi,reverse,SNP,22,0.0018981880931837791,23,0.0008306547726534003,LRTGE,L5TGE,LRTGE / L5TGE,1.1923020473371915,1_19
5309,1_19_chr16_807619_808176_bi,reverse,noSNP,43,0.0037100949094046594,26,0.000939001047347322,LRTGE,L5TGE,LRTGE / L5TGE,1.982257421317913,1_19
5310,1_1_chr1_156748909_156749379_bi,forward,noSNP,2,0.0001725625539257981,44,0.0015890786955108527,LRTGE,L5TGE,LRTGE / L5TGE,-3.2029992338803903,1_1
5311,1_20_chr16_87853532_87854041_bi,forward,SNP,5,0.0004314063848144953,10,0.00036115424897973926,LRTGE,L5TGE,LRTGE / L5TGE,0.2564323847569068,1_20
5312,1_20_chr16_87853532_87854041_bi,reverse,SNP,23,0.001984469370146678,24,0.0008667701975513742,LRTGE,L5TGE,LRTGE / L5TGE,1.1950318400927635,1_20
5313,1_20_chr16_87853532_87854041_bi,reverse,noSNP,46,0.003968938740293356,24,0.0008667701975513742,LRTGE,L5TGE,LRTGE / L5TGE,2.1950318400927635,1_20
5314,1_23_chr2_70142583_70143144_bi,forward,SNP,58,0.005004314063848145,46,0.0016613095453068005,LRTGE,L5TGE,LRTGE / L5TGE,1.590851423827466,1_23
5315,1_23_chr2_70142583_70143144_bi,forward,noSNP,576,0.04969801553062985,671,0.024233450106540502,LRTGE,L5TGE,LRTGE / L5TGE,1.0361884299990356,1_23
5316,1_23_chr2_70142583_70143144_bi,reverse,SNP,4,0.0003451251078515962,7,0.00025280797428581746,LRTGE,L5TGE,LRTGE / L5TGE,0.4490774626993028,1_23
5317,1_23_chr2_70142583_70143144_bi,reverse,noSNP,94,0.008110440034512511,525,0.01896059807143631,LRTGE,L5TGE,LRTGE / L5TGE,-1.2251523761189407,1_23
5318,1_24_chr21_29002584_29003015_bi,forward,noSNP,112,0.009663503019844694,80,0.002889233991837914,LRTGE,L5TGE,LRTGE / L5TGE,1.7418592119271488,1_24
5319,1_24_chr21_29002584_29003015_bi,reverse,noSNP,46,0.003968938740293356,70,0.0025280797428581746,LRTGE,L5TGE,LRTGE / L5TGE,0.6507113238689533,1_24
5320,1_25_chr22_36465359_36465803_bi,forward,noSNP,31,0.0026747195858498707,53,0.001914117519592618,LRTGE,L5TGE,LRTGE / L5TGE,0.4827082405805829,1_25
5321,1_25_chr22_36465359_36465803_bi,reverse,noSNP,28,0.0024158757549611735,65,0.002347502618368305,LRTGE,L5TGE,LRTGE / L5TGE,0.04141949378605674,1_25
5322,1_26_chr22_40651538_40652054_bi,forward,noSNP,57,0.004918032786885246,544,0.019646791144497817,LRTGE,L5TGE,LRTGE / L5TGE,-1.9981404423286908,1_26
5323,1_26_chr22_40651538_40652054_bi,reverse,noSNP,192,0.01656600517687662,655,0.023655603308172922,LRTGE,L5TGE,LRTGE / L5TGE,-0.5139562109467495,1_26
5324,1_28_chr7_1532728_1533226_bi,forward,noSNP,21,0.00181190681622088,7,0.00025280797428581746,LRTGE,L5TGE,LRTGE / L5TGE,2.841394885478063,1_28
5325,1_28_chr7_1532728_1533226_bi,reverse,noSNP,16,0.0013805004314063848,10,0.00036115424897973926,LRTGE,L5TGE,LRTGE / L5TGE,1.9345042898695446,1_28
5326,1_29_chr7_25856979_25857429_bi,forward,SNP,26,0.0022433132010353752,23,0.0008306547726534003,LRTGE,L5TGE,LRTGE / L5TGE,1.4333101468409863,1_29
5327,1_29_chr7_25856979_25857429_bi,reverse,SNP,41,0.003537532355478861,45,0.0016251941204088265,LRTGE,L5TGE,LRTGE / L5TGE,1.122131293045316,1_29
5328,1_30_chr9_126805681_126806202_bi,forward,noSNP,54,0.004659188955996549,126,0.004550543537144715,LRTGE,L5TGE,LRTGE / L5TGE,0.03403996342045901,1_30
5329,1_30_chr9_126805681_126806202_bi,reverse,noSNP,84,0.00724762726488352,157,0.005670121708981906,LRTGE,L5TGE,LRTGE / L5TGE,0.35412905864404,1_30
5330,1_5_chr1_33127099_33127603_bi,forward,noSNP,76,0.006557377049180328,272,0.009823395572248908,LRTGE,L5TGE,LRTGE / L5TGE,-0.5831029430498471,1_5
5331,1_5_chr1_33127099_33127603_bi,reverse,noSNP,218,0.018809318377911992,271,0.009787280147350934,LRTGE,L5TGE,LRTGE / L5TGE,0.9424676681799614,1_5
5332,1_7_chr10_110211049_110211924_bi,forward,noSNP,50,0.004314063848144953,161,0.005814583408573802,LRTGE,L5TGE,LRTGE / L5TGE,-0.4306283035829855,1_7
5333,1_7_chr10_110211049_110211924_bi,reverse,noSNP,70,0.0060396893874029335,26,0.000939001047347322,LRTGE,L5TGE,LRTGE / L5TGE,2.685275683560781,1_7
5334,1_8_chr10_4663047_4663594_bi,forward,noSNP,10,0.0008628127696289905,282,0.010184549821228647,LRTGE,L5TGE,LRTGE / L5TGE,-3.561190872754524,1_8
5335,1_8_chr10_4663047_4663594_bi,reverse,noSNP,3,0.0002588438308886972,367,0.01325436093755643,LRTGE,L5TGE,LRTGE / L5TGE,-5.67824136736515,1_8
5336,1_9_chr10_71860316_71860874_bi,forward,noSNP,30,0.0025884383088869713,35,0.0012640398714290873,LRTGE,L5TGE,LRTGE / L5TGE,1.0340399634204591,1_9
5337,1_9_chr10_71860316_71860874_bi,reverse,noSNP,76,0.006557377049180328,44,0.0015890786955108527,LRTGE,L5TGE,LRTGE / L5TGE,2.044928279563195,1_9
5338,22,any_orientation,any_SNP,281,0.02424503882657463,4173,0.1507096680992452,LRTGE,L5TGE,LRTGE / L5TGE,-2.636010500285562,22
5339,2_10_chr16_3305171_3305501_rc,forward,noSNP,248,0.021397756686798965,300,0.010834627469392177,LRTGE,L5TGE,LRTGE / L5TGE,0.9818100046479014,2_10
5340,2_10_chr16_3305171_3305501_rc,reverse,SNP,102,0.008800690250215704,173,0.006247968507349489,LRTGE,L5TGE,LRTGE / L5TGE,0.49422949909167785,2_10
5341,2_10_chr16_3305171_3305501_rc,reverse,noSNP,113,0.009749784296807593,191,0.00689804615551302,LRTGE,L5TGE,LRTGE / L5TGE,0.499182519136346,2_10
5342,2_12_chr17_58692543_58692822_fw,forward,noSNP,23,0.001984469370146678,77,0.0027808877171439923,LRTGE,L5TGE,LRTGE / L5TGE,-0.48679219988098177,2_12
5343,2_12_chr17_58692543_58692822_fw,reverse,noSNP,25,0.0021570319240724763,72,0.0026003105926541226,LRTGE,L5TGE,LRTGE / L5TGE,-0.2696364269106807,2_12
5344,2_13_chr19_41397182_41397493_rc,forward,SNP,23,0.001984469370146678,191,0.00689804615551302,LRTGE,L5TGE,LRTGE / L5TGE,-1.797434487221829,2_13
5345,2_13_chr19_41397182_41397493_rc,forward,noSNP,27,0.0023295944779982746,283,0.010220665246126621,LRTGE,L5TGE,LRTGE / L5TGE,-2.1333383559115067,2_13
5346,2_13_chr19_41397182_41397493_rc,reverse,SNP,72,0.006212251941328731,168,0.006067391382859619,LRTGE,L5TGE,LRTGE / L5TGE,0.03403996342045901,2_13
5347,2_13_chr19_41397182_41397493_rc,reverse,noSNP,99,0.008541846419327006,248,0.008956625374697533,LRTGE,L5TGE,LRTGE / L5TGE,-0.06840730555035855,2_13
5348,2_15_chr3_122793601_122793905_rc,forward,SNP,34,0.002933563416738568,116,0.004189389288164975,LRTGE,L5TGE,LRTGE / L5TGE,-0.5140857691203258,2_15
5349,2_15_chr3_122793601_122793905_rc,forward,noSNP,34,0.002933563416738568,104,0.003756004189389288,LRTGE,L5TGE,LRTGE / L5TGE,-0.35654449213384565,2_15
5350,2_15_chr3_122793601_122793905_rc,reverse,SNP,34,0.002933563416738568,83,0.002997580266531836,LRTGE,L5TGE,LRTGE / L5TGE,-0.03114420533967837,2_15
5351,2_15_chr3_122793601_122793905_rc,reverse,noSNP,20,0.001725625539257981,60,0.0021669254938784356,LRTGE,L5TGE,LRTGE / L5TGE,-0.32853011596424936,2_15
5352,2_16_chr6_108562603_108562763_rc,forward,noSNP,103,0.008886971527178602,10,0.00036115424897973926,LRTGE,L5TGE,LRTGE / L5TGE,4.6210048170527624,2_16
5353,2_16_chr6_108562603_108562763_rc,reverse,noSNP,78,0.006729939603106126,9,0.0003250388240817653,LRTGE,L5TGE,LRTGE / L5TGE,4.371909602176843,2_16
5354,2_17_chr7_149685_149919_fw,forward,SNP,7,0.0006039689387402934,77,0.0027808877171439923,LRTGE,L5TGE,LRTGE / L5TGE,-2.2029992338803903,2_17
5355,2_17_chr7_149685_149919_fw,forward,noSNP,6,0.0005176876617773944,71,0.002564195167756149,LRTGE,L5TGE,LRTGE / L5TGE,-2.3083522340266187,2_17
5356,2_17_chr7_149685_149919_fw,reverse,SNP,18,0.0015530629853321828,75,0.0027086568673480443,LRTGE,L5TGE,LRTGE / L5TGE,-0.8024613042966618,2_17
5357,2_17_chr7_149685_149919_fw,reverse,noSNP,24,0.0020707506471095774,56,0.0020224637942865397,LRTGE,L5TGE,LRTGE / L5TGE,0.03403996342045901,2_17
5358,2_19_chr7_27168362_27168894_fw,forward,SNP,87,0.007506471095772217,157,0.005670121708981906,LRTGE,L5TGE,LRTGE / L5TGE,0.4047551317140081,2_19
5359,2_19_chr7_27168362_27168894_fw,forward,noSNP,55,0.004745470232959448,135,0.00487558236122648,LRTGE,L5TGE,LRTGE / L5TGE,-0.039023498769264434,2_19
5360,2_19_chr7_27168362_27168894_fw,reverse,SNP,158,0.01363244176013805,206,0.007439777528982628,LRTGE,L5TGE,LRTGE / L5TGE,0.8737126057507916,2_19
5361,2_19_chr7_27168362_27168894_fw,reverse,noSNP,102,0.008800690250215704,181,0.00653689190653328,LRTGE,L5TGE,LRTGE / L5TGE,0.4290118396451973,2_19
5362,2_1_chr10_24208466_24209279_fw,forward,SNP,12,0.0010353753235547887,107,0.00386435046408321,LRTGE,L5TGE,LRTGE / L5TGE,-1.9000721009230839,2_1
5363,2_1_chr10_24208466_24209279_fw,forward,noSNP,17,0.001466781708369284,78,0.002817003142041966,LRTGE,L5TGE,LRTGE / L5TGE,-0.941506992855002,2_1
5364,2_1_chr10_24208466_24209279_fw,reverse,SNP,1,8.628127696289905e-05,166,0.005995160533063672,LRTGE,L5TGE,LRTGE / L5TGE,-6.118607046590018,2_1
5365,2_20_chr7_7566677_7567687_fw,forward,SNP,4,0.0003451251078515962,34,0.0012279244465311135,LRTGE,L5TGE,LRTGE / L5TGE,-1.8310304564934325,2_20
5366,2_20_chr7_7566677_7567687_fw,forward,noSNP,6,0.0005176876617773944,11,0.0003972696738777132,LRTGE,L5TGE,LRTGE / L5TGE,0.3819632668407658,2_20
5367,2_20_chr7_7566677_7567687_fw,reverse,noSNP,20,0.001725625539257981,158,0.00570623713387988,LRTGE,L5TGE,LRTGE / L5TGE,-1.7254202685328335,2_20
5368,2_22_chr10_122375105_122375476_rc__2_21_chr10_122375073_122375541_fw,forward,SNP,4,0.0003451251078515962,80,0.002889233991837914,LRTGE,L5TGE,LRTGE / L5TGE,-3.0654957101304556,2_22
5369,2_22_chr10_122375105_122375476_rc__2_21_chr10_122375073_122375541_fw,forward,noSNP,6,0.0005176876617773944,70,0.0025280797428581746,LRTGE,L5TGE,LRTGE / L5TGE,-2.2878881314669033,2_22
5370,2_22_chr10_122375105_122375476_rc__2_21_chr10_122375073_122375541_fw,reverse,SNP,14,0.0012079378774805867,39,0.001408501571020983,LRTGE,L5TGE,LRTGE / L5TGE,-0.22161491204773728,2_22
5371,2_22_chr10_122375105_122375476_rc__2_21_chr10_122375073_122375541_fw,reverse,noSNP,8,0.0006902502157031924,52,0.001878002094694644,LRTGE,L5TGE,LRTGE / L5TGE,-1.4440073333841852,2_22
5372,2_23_chr12_53046798_53047380_fw__2_24_chr12_53046888_53047426_rc,forward,SNP,13,0.0011216566005176876,41,0.001480732420816931,LRTGE,L5TGE,LRTGE / L5TGE,-0.40067990172008483,2_23
5373,2_23_chr12_53046798_53047380_fw__2_24_chr12_53046888_53047426_rc,forward,noSNP,9,0.0007765314926660914,54,0.001950232944490592,LRTGE,L5TGE,LRTGE / L5TGE,-1.3285301159642493,2_23
5374,2_23_chr12_53046798_53047380_fw__2_24_chr12_53046888_53047426_rc,reverse,SNP,13,0.0011216566005176876,48,0.0017335403951027485,LRTGE,L5TGE,LRTGE / L5TGE,-0.6280903978231573,2_23
5375,2_23_chr12_53046798_53047380_fw__2_24_chr12_53046888_53047426_rc,reverse,noSNP,10,0.0008628127696289905,51,0.0018418866697966702,LRTGE,L5TGE,LRTGE / L5TGE,-1.0940648623272262,2_23
5376,2_32_chr22_44023936_44024267_rc__2_31_chr22_44023811_44024452_fw,forward,SNP,28,0.0024158757549611735,68,0.002455848893062227,LRTGE,L5TGE,LRTGE / L5TGE,-0.0236755344358285,2_32
5377,2_32_chr22_44023936_44024267_rc__2_31_chr22_44023811_44024452_fw,forward,noSNP,13,0.0011216566005176876,50,0.0018057712448986962,LRTGE,L5TGE,LRTGE / L5TGE,-0.6869840868767256,2_32
5378,2_32_chr22_44023936_44024267_rc__2_31_chr22_44023811_44024452_fw,reverse,SNP,24,0.0020707506471095774,62,0.002239156343674383,LRTGE,L5TGE,LRTGE / L5TGE,-0.11280142490881193,2_32
5379,2_32_chr22_44023936_44024267_rc__2_31_chr22_44023811_44024452_fw,reverse,noSNP,21,0.00181190681622088,76,0.002744772292246018,LRTGE,L5TGE,LRTGE / L5TGE,-0.5991777059079183,2_32
5380,2_33_chr5_132369336_132370461_fw__2_34_chr5_132369418_132370280_rc,forward,SNP,11,0.0009490940465918896,24,0.0008667701975513742,LRTGE,L5TGE,LRTGE / L5TGE,0.130901502673048,2_33
5381,2_33_chr5_132369336_132370461_fw__2_34_chr5_132369418_132370280_rc,forward,noSNP,19,0.001639344262295082,37,0.0013362707212250353,LRTGE,L5TGE,LRTGE / L5TGE,0.2949065325715424,2_33
5382,2_33_chr5_132369336_132370461_fw__2_34_chr5_132369418_132370280_rc,reverse,noSNP,7,0.0006039689387402934,34,0.0012279244465311135,LRTGE,L5TGE,LRTGE / L5TGE,-1.0236755344358286,2_33
5383,2_39_chr14_100375283_100375730_rc__2_35_chr14_100375283_100375730_rc,forward,SNP,78,0.006729939603106126,295,0.010654050344902308,LRTGE,L5TGE,LRTGE / L5TGE,-0.6627365406300484,2_39
5384,2_39_chr14_100375283_100375730_rc__2_35_chr14_100375283_100375730_rc,forward,noSNP,105,0.0090595340811044,289,0.010437357795514465,LRTGE,L5TGE,LRTGE / L5TGE,-0.20424778007764938,2_39
5385,2_39_chr14_100375283_100375730_rc__2_35_chr14_100375283_100375730_rc,reverse,SNP,35,0.0030198446937014668,167,0.006031275957961646,LRTGE,L5TGE,LRTGE / L5TGE,-0.9979888907721791,2_39
5386,2_39_chr14_100375283_100375730_rc__2_35_chr14_100375283_100375730_rc,reverse,noSNP,43,0.0037100949094046594,218,0.007873162627758315,LRTGE,L5TGE,LRTGE / L5TGE,-1.0854871853179215,2_39
5387,2_3_chr10_71888998_71889183_rc,forward,SNP,7,0.0006039689387402934,37,0.0013362707212250353,LRTGE,L5TGE,LRTGE / L5TGE,-1.1456660588144387,2_3
5388,2_3_chr10_71888998_71889183_rc,forward,noSNP,5,0.0004314063848144953,14,0.0005056159485716349,LRTGE,L5TGE,LRTGE / L5TGE,-0.22899444241333483,2_3
5389,2_40_chr2_27890876_27891263_rc__2_36_chr2_27890876_27891263_rc,forward,SNP,25,0.0021570319240724763,54,0.001950232944490592,LRTGE,L5TGE,LRTGE / L5TGE,0.14540107236816313,2_40
5390,2_40_chr2_27890876_27891263_rc__2_36_chr2_27890876_27891263_rc,forward,noSNP,10,0.0008628127696289905,40,0.001444616995918957,LRTGE,L5TGE,LRTGE / L5TGE,-0.7435676152430932,2_40
5391,2_40_chr2_27890876_27891263_rc__2_36_chr2_27890876_27891263_rc,reverse,SNP,21,0.00181190681622088,47,0.0016974249702047745,LRTGE,L5TGE,LRTGE / L5TGE,0.09416095585802989,2_40
5392,2_40_chr2_27890876_27891263_rc__2_36_chr2_27890876_27891263_rc,reverse,noSNP,13,0.0011216566005176876,32,0.0011556935967351656,LRTGE,L5TGE,LRTGE / L5TGE,-0.043127897102000996,2_40
5393,2_41_chr2_29114692_29115684_fw__2_37_chr2_29114692_29115684_fw,forward,SNP,12,0.0010353753235547887,91,0.0032865036657156272,LRTGE,L5TGE,LRTGE / L5TGE,-1.666399754720633,2_41
5394,2_41_chr2_29114692_29115684_fw__2_37_chr2_29114692_29115684_fw,forward,noSNP,6,0.0005176876617773944,37,0.0013362707212250353,LRTGE,L5TGE,LRTGE / L5TGE,-1.3680584801508866,2_41
5395,2_41_chr2_29114692_29115684_fw__2_37_chr2_29114692_29115684_fw,reverse,SNP,14,0.0012079378774805867,80,0.002889233991837914,LRTGE,L5TGE,LRTGE / L5TGE,-1.2581407880728512,2_41
5396,2_41_chr2_29114692_29115684_fw__2_37_chr2_29114692_29115684_fw,reverse,noSNP,12,0.0010353753235547887,51,0.0018418866697966702,LRTGE,L5TGE,LRTGE / L5TGE,-0.8310304564934323,2_41
5397,2_42_chr7_158818580_158818984_rc__2_38_chr7_158818580_158818984_rc,forward,noSNP,86,0.007420189818809319,275,0.00993174184694283,LRTGE,L5TGE,LRTGE / L5TGE,-0.4205906689530171,2_42
5398,2_42_chr7_158818580_158818984_rc__2_38_chr7_158818580_158818984_rc,reverse,SNP,29,0.0025021570319240724,254,0.009173317924085376,LRTGE,L5TGE,LRTGE / L5TGE,-1.8742713068876868,2_42
5399,2_42_chr7_158818580_158818984_rc__2_38_chr7_158818580_158818984_rc,reverse,noSNP,14,0.0012079378774805867,230,0.008306547726534002,LRTGE,L5TGE,LRTGE / L5TGE,-2.781702744129864,2_42
5400,2_4_chr11_124876752_124876939_fw,forward,noSNP,2,0.0001725625539257981,5,0.00018057712448986963,LRTGE,L5TGE,LRTGE / L5TGE,-0.06549571013045552,2_4
5401,2_5_chr12_2959230_2960351_fw,forward,SNP,3,0.0002588438308886972,33,0.0011918090216331396,LRTGE,L5TGE,LRTGE / L5TGE,-2.2029992338803903,2_5
5402,2_5_chr12_2959230_2960351_fw,forward,noSNP,5,0.0004314063848144953,34,0.0012279244465311135,LRTGE,L5TGE,LRTGE / L5TGE,-1.5091023616060704,2_5
5403,2_5_chr12_2959230_2960351_fw,reverse,SNP,6,0.0005176876617773944,41,0.001480732420816931,LRTGE,L5TGE,LRTGE / L5TGE,-1.5161571191400207,2_5
5404,2_5_chr12_2959230_2960351_fw,reverse,noSNP,2,0.0001725625539257981,38,0.001372386146123009,LRTGE,L5TGE,LRTGE / L5TGE,-2.9914951286866787,2_5
5405,2_6_chr12_57611320_57611561_fw,forward,noSNP,6,0.0005176876617773944,59,0.0021308100689804614,LRTGE,L5TGE,LRTGE / L5TGE,-2.041248163883778,2_6
5406,2_6_chr12_57611320_57611561_fw,reverse,noSNP,10,0.0008628127696289905,44,0.0015890786955108527,LRTGE,L5TGE,LRTGE / L5TGE,-0.8810711389930279,2_6
5407,2_7_chr14_75069209_75069609_rc,forward,SNP,136,0.011734253666954271,320,0.011556935967351656,LRTGE,L5TGE,LRTGE / L5TGE,0.02196713111988408,2_7
5408,2_7_chr14_75069209_75069609_rc,forward,noSNP,15,0.0012942191544434857,29,0.0010473473220412438,LRTGE,L5TGE,LRTGE / L5TGE,0.30534198523785316,2_7
5409,2_7_chr14_75069209_75069609_rc,reverse,SNP,32,0.0027610008628127696,221,0.007981508902452238,LRTGE,L5TGE,LRTGE / L5TGE,-1.531470174634525,2_7
5410,2_7_chr14_75069209_75069609_rc,reverse,noSNP,7,0.0006039689387402934,42,0.0015168478457149048,LRTGE,L5TGE,LRTGE / L5TGE,-1.328530115964249,2_7
5411,3,reverse,SNP,7,0.0006039689387402934,70,0.0025280797428581746,LRTGE,L5TGE,LRTGE / L5TGE,-2.065495710130455,3
5412,4,forward,any_SNP,36,0.0031061259706643657,1009,0.03644046372205569,LRTGE,L5TGE,LRTGE / L5TGE,-3.552353072907138,4
5413,4,reverse,any_SNP,170,0.014667817083692839,687,0.024811296904908086,LRTGE,L5TGE,LRTGE / L5TGE,-0.7583429679234914,4
5414,8,any_orientation,any_SNP,66,0.005694564279551337,358,0.012929322113474665,LRTGE,L5TGE,LRTGE / L5TGE,-1.1829892731488962,8
5415,9,any_orientation,any_SNP,27,0.0023295944779982746,1641,0.05926541225757521,LRTGE,L5TGE,LRTGE / L5TGE,-4.669039636593337,9
5416,CMV,any_orientation,any_SNP,132,0.011389128559102674,76,0.002744772292246018,LRTGE,L5TGE,LRTGE / L5TGE,2.052898990671775,CMV
5417,SV40,any_orientation,any_SNP,31,0.0026747195858498707,19,0.0006861930730615045,LRTGE,L5TGE,LRTGE / L5TGE,1.9627011817001967,SV40
5418,11,forward,SNP,1,8.628127696289905e-05,6,0.00014413029378558217,LRTGE,L6TGE,LRTGE / L6TGE,-0.7402541641811823,11
5419,1_11_chr11_65418158_65418613_bi,forward,noSNP,6,0.0005176876617773944,16,0.0003843474500948858,LRTGE,L6TGE,LRTGE / L6TGE,0.42967083726113003,1_11
5420,1_11_chr11_65418158_65418613_bi,reverse,noSNP,14,0.0012079378774805867,21,0.0005044560282495376,LRTGE,L6TGE,LRTGE / L6TGE,1.2597458358188176,1_11
5421,1_14_chr14_60655620_60656040_bi,reverse,noSNP,2,0.0001725625539257981,16,0.0003843474500948858,LRTGE,L6TGE,LRTGE / L6TGE,-1.1552916634600263,1_14
5422,1_15_chr15_40098659_40099167_bi,forward,noSNP,9,0.0007765314926660914,6,0.00014413029378558217,LRTGE,L6TGE,LRTGE / L6TGE,2.42967083726113,1_15
5423,1_15_chr15_40098659_40099167_bi,reverse,noSNP,5,0.0004314063848144953,15,0.0003603257344639554,LRTGE,L6TGE,LRTGE / L6TGE,0.2597458358188177,1_15
5424,1_16_chr16_30805349_30805831_bi,forward,noSNP,9,0.0007765314926660914,614,0.014749333397391241,LRTGE,L6TGE,LRTGE / L6TGE,-4.247461507387893,1_16
5425,1_16_chr16_30805349_30805831_bi,reverse,noSNP,7,0.0006039689387402934,551,0.01323596531264263,LRTGE,L6TGE,LRTGE / L6TGE,-4.45384524997358,1_16
5426,1_17_chr16_73068918_73069480_bi,forward,noSNP,90,0.007765314926660914,114,0.0027384755819260614,LRTGE,L6TGE,LRTGE / L6TGE,1.5036714187049067,1_17
5427,1_17_chr16_73068918_73069480_bi,reverse,noSNP,28,0.0024158757549611735,43,0.0010329337721300055,LRTGE,L6TGE,LRTGE / L6TGE,1.2257985038954802,1_17
5428,1_18_chr16_74297506_74297928_bi,forward,noSNP,188,0.016220880069025022,291,0.006990319248600735,LRTGE,L6TGE,LRTGE / L6TGE,1.2144218453093274,1_18
5429,1_18_chr16_74297506_74297928_bi,reverse,noSNP,134,0.011561691113028473,16,0.0003843474500948858,LRTGE,L6TGE,LRTGE / L6TGE,4.910797526997746,1_18
5430,1_19_chr16_807619_808176_bi,forward,SNP,11,0.0009490940465918896,17,0.00040836916572581616,LRTGE,L6TGE,LRTGE / L6TGE,1.2166771139269317,1_19
5431,1_19_chr16_807619_808176_bi,forward,noSNP,8,0.0006902502157031924,14,0.00033630401883302503,LRTGE,L6TGE,LRTGE / L6TGE,1.03735341448237,1_19
5432,1_19_chr16_807619_808176_bi,reverse,SNP,22,0.0018981880931837791,8,0.0001921737250474429,LRTGE,L6TGE,LRTGE / L6TGE,3.304139955177271,1_19
5433,1_19_chr16_807619_808176_bi,reverse,noSNP,43,0.0037100949094046594,52,0.0012491292128083789,LRTGE,L6TGE,LRTGE / L6TGE,1.5705333731009794,1_19
5434,1_1_chr1_156748909_156749379_bi,forward,noSNP,2,0.0001725625539257981,108,0.002594345288140479,LRTGE,L6TGE,LRTGE / L6TGE,-3.9101791656234948,1_1
5435,1_20_chr16_87853532_87854041_bi,forward,SNP,5,0.0004314063848144953,18,0.0004323908813567465,LRTGE,L6TGE,LRTGE / L6TGE,-0.0032885700149760675,1_20
5436,1_20_chr16_87853532_87854041_bi,forward,noSNP,10,0.0008628127696289905,14,0.00033630401883302503,LRTGE,L6TGE,LRTGE / L6TGE,1.3592815093697321,1_20
5437,1_20_chr16_87853532_87854041_bi,reverse,SNP,23,0.001984469370146678,32,0.0007686949001897716,LRTGE,L6TGE,LRTGE / L6TGE,1.3682702925969865,1_20
5438,1_20_chr16_87853532_87854041_bi,reverse,noSNP,46,0.003968938740293356,37,0.0008888034783444234,LRTGE,L6TGE,LRTGE / L6TGE,2.158816926968037,1_20
5439,1_23_chr2_70142583_70143144_bi,forward,SNP,58,0.005004314063848145,52,0.0012491292128083789,LRTGE,L6TGE,LRTGE / L6TGE,2.0022496135264536,1_23
5440,1_23_chr2_70142583_70143144_bi,reverse,SNP,4,0.0003451251078515962,17,0.00040836916572581616,LRTGE,L6TGE,LRTGE / L6TGE,-0.24275450471036575,1_23
5441,1_23_chr2_70142583_70143144_bi,reverse,noSNP,94,0.008110440034512511,697,0.016743135794758463,LRTGE,L6TGE,LRTGE / L6TGE,-1.045717657650812,1_23
5442,1_24_chr21_29002584_29003015_bi,forward,noSNP,112,0.009663503019844694,122,0.002930649306973504,LRTGE,L6TGE,LRTGE / L6TGE,1.7213259210346916,1_24
5443,1_24_chr21_29002584_29003015_bi,reverse,noSNP,46,0.003968938740293356,116,0.002786519013187922,LRTGE,L6TGE,LRTGE / L6TGE,0.5102892974694145,1_24
5444,1_25_chr22_36465359_36465803_bi,forward,noSNP,31,0.0026747195858498707,91,0.0021859761224146627,LRTGE,L6TGE,LRTGE / L6TGE,0.29111000672815307,1_25
5445,1_25_chr22_36465359_36465803_bi,reverse,noSNP,28,0.0024158757549611735,139,0.0033390184726993202,LRTGE,L6TGE,LRTGE / L6TGE,-0.4668778141259296,1_25
5446,1_26_chr22_40651538_40652054_bi,forward,noSNP,57,0.004918032786885246,748,0.01796824329193591,LRTGE,L6TGE,LRTGE / L6TGE,-1.8692961091829212,1_26
5447,1_26_chr22_40651538_40652054_bi,reverse,noSNP,192,0.01656600517687662,868,0.020850849167647553,LRTGE,L6TGE,LRTGE / L6TGE,-0.3318803951833493,1_26
5448,1_28_chr7_1532728_1533226_bi,forward,noSNP,21,0.00181190681622088,12,0.00028826058757116434,LRTGE,L6TGE,LRTGE / L6TGE,2.652063258597578,1_28
5449,1_28_chr7_1532728_1533226_bi,reverse,noSNP,16,0.0013805004314063848,12,0.00028826058757116434,LRTGE,L6TGE,LRTGE / L6TGE,2.259745835818818,1_28
5450,1_29_chr7_25856979_25857429_bi,forward,SNP,26,0.0022433132010353752,45,0.0010809772033918662,LRTGE,L6TGE,LRTGE / L6TGE,1.0532949583513913,1_29
5451,1_29_chr7_25856979_25857429_bi,reverse,SNP,41,0.003537532355478861,78,0.001873693819212568,LRTGE,L6TGE,LRTGE / L6TGE,0.9168581222958093,1_29
5452,1_30_chr9_126805681_126806202_bi,forward,noSNP,54,0.004659188955996549,229,0.005500972879483053,LRTGE,L6TGE,LRTGE / L6TGE,-0.2396079493935015,1_30
5453,1_30_chr9_126805681_126806202_bi,reverse,noSNP,84,0.00724762726488352,207,0.004972495135602585,LRTGE,L6TGE,LRTGE / L6TGE,0.5435388018194087,1_30
5454,1_5_chr1_33127099_33127603_bi,forward,noSNP,76,0.006557377049180328,402,0.009656729683634005,LRTGE,L6TGE,LRTGE / L6TGE,-0.5584158411953692,1_5
5455,1_5_chr1_33127099_33127603_bi,reverse,noSNP,218,0.018809318377911992,420,0.010089120564990752,LRTGE,L6TGE,LRTGE / L6TGE,0.8986471436507775,1_5
5456,1_7_chr10_110211049_110211924_bi,forward,noSNP,50,0.004314063848144953,230,0.005524994595113983,LRTGE,L6TGE,LRTGE / L6TGE,-0.3569255246296767,1_7
5457,1_7_chr10_110211049_110211924_bi,reverse,noSNP,70,0.0060396893874029335,35,0.0008407600470825626,LRTGE,L6TGE,LRTGE / L6TGE,2.844708336539974,1_7
5458,1_8_chr10_4663047_4663594_bi,forward,noSNP,10,0.0008628127696289905,420,0.010089120564990752,LRTGE,L6TGE,LRTGE / L6TGE,-3.5476090862387863,1_8
5459,1_8_chr10_4663047_4663594_bi,reverse,noSNP,3,0.0002588438308886972,527,0.0126594441375003,LRTGE,L6TGE,LRTGE / L6TGE,-5.6119883143760845,1_8
5460,1_9_chr10_71860316_71860874_bi,forward,noSNP,30,0.0025884383088869713,54,0.0012971726440702395,LRTGE,L6TGE,LRTGE / L6TGE,0.9967114299850236,1_9
5461,1_9_chr10_71860316_71860874_bi,reverse,noSNP,76,0.006557377049180328,35,0.0008407600470825626,LRTGE,L6TGE,LRTGE / L6TGE,2.9633528330385928,1_9
5462,22,any_orientation,any_SNP,281,0.02424503882657463,6123,0.1470849648081866,LRTGE,L6TGE,LRTGE / L6TGE,-2.6008883109929757,22
5463,2_10_chr16_3305171_3305501_rc,forward,SNP,202,0.01742881794650561,469,0.01126618463090634,LRTGE,L6TGE,LRTGE / L6TGE,0.629475706776392,2_10
5464,2_10_chr16_3305171_3305501_rc,forward,noSNP,248,0.021397756686798965,463,0.011122054337120758,LRTGE,L6TGE,LRTGE / L6TGE,0.9440362636666125,2_10
5465,2_10_chr16_3305171_3305501_rc,reverse,SNP,102,0.008800690250215704,282,0.006774123807922362,LRTGE,L6TGE,LRTGE / L6TGE,0.3775823261126759,2_10
5466,2_10_chr16_3305171_3305501_rc,reverse,noSNP,113,0.009749784296807593,354,0.008503687333349347,LRTGE,L6TGE,LRTGE / L6TGE,0.19728174887216424,2_10
5467,2_12_chr17_58692543_58692822_fw,forward,SNP,9,0.0007765314926660914,47,0.001129020634653727,LRTGE,L6TGE,LRTGE / L6TGE,-0.5399555136953514,2_12
5468,2_12_chr17_58692543_58692822_fw,forward,noSNP,23,0.001984469370146678,76,0.0018256503879507074,LRTGE,L6TGE,LRTGE / L6TGE,0.12034277915340125,2_12
5469,2_12_chr17_58692543_58692822_fw,reverse,SNP,4,0.0003451251078515962,75,0.001801628672319777,LRTGE,L6TGE,LRTGE / L6TGE,-2.384110353955907,2_12
5470,2_12_chr17_58692543_58692822_fw,reverse,noSNP,25,0.0021570319240724763,80,0.001921737250474429,LRTGE,L6TGE,LRTGE / L6TGE,0.16663643142733628,2_12
5471,2_13_chr19_41397182_41397493_rc,forward,SNP,23,0.001984469370146678,352,0.008455643902087487,LRTGE,L6TGE,LRTGE / L6TGE,-2.0911613260403104,2_13
5472,2_13_chr19_41397182_41397493_rc,forward,noSNP,27,0.0023295944779982746,491,0.011794662374786807,LRTGE,L6TGE,LRTGE / L6TGE,-2.3399833756112502,2_13
5473,2_13_chr19_41397182_41397493_rc,reverse,SNP,72,0.006212251941328731,331,0.00795118787383795,LRTGE,L6TGE,LRTGE / L6TGE,-0.3560540688249317,2_13
5474,2_13_chr19_41397182_41397493_rc,reverse,noSNP,99,0.008541846419327006,391,0.009392490811693771,LRTGE,L6TGE,LRTGE / L6TGE,-0.13695984068776879,2_13
5475,2_15_chr3_122793601_122793905_rc,forward,SNP,34,0.002933563416738568,149,0.003579235629008624,LRTGE,L6TGE,LRTGE / L6TGE,-0.2869973426718484,2_15
5476,2_15_chr3_122793601_122793905_rc,forward,noSNP,34,0.002933563416738568,151,0.0036272790602704845,LRTGE,L6TGE,LRTGE / L6TGE,-0.3062335615347656,2_15
5477,2_15_chr3_122793601_122793905_rc,reverse,SNP,34,0.002933563416738568,119,0.002858584160080713,LRTGE,L6TGE,LRTGE / L6TGE,0.037353414482369875,2_15
5478,2_15_chr3_122793601_122793905_rc,reverse,noSNP,20,0.001725625539257981,97,0.002330106416200245,LRTGE,L6TGE,LRTGE / L6TGE,-0.43327641075979156,2_15
5479,2_16_chr6_108562603_108562763_rc,forward,SNP,117,0.010094909404659189,316,0.007590862139373994,LRTGE,L6TGE,LRTGE / L6TGE,0.4112923079462754,2_16
5480,2_16_chr6_108562603_108562763_rc,forward,noSNP,103,0.008886971527178602,16,0.0003843474500948858,LRTGE,L6TGE,LRTGE / L6TGE,4.531208863723192,2_16
5481,2_16_chr6_108562603_108562763_rc,reverse,SNP,87,0.007506471095772217,8,0.0001921737250474429,LRTGE,L6TGE,LRTGE / L6TGE,5.287651832388702,2_16
5482,2_16_chr6_108562603_108562763_rc,reverse,noSNP,78,0.006729939603106126,8,0.0001921737250474429,LRTGE,L6TGE,LRTGE / L6TGE,5.130110555402222,2_16
5483,2_17_chr7_149685_149919_fw,forward,SNP,7,0.0006039689387402934,109,0.0026183670037714093,LRTGE,L6TGE,LRTGE / L6TGE,-2.1161210661793484,2_17
5484,2_17_chr7_149685_149919_fw,forward,noSNP,6,0.0005176876617773944,100,0.002402171563093036,LRTGE,L6TGE,LRTGE / L6TGE,-2.2141853525135944,2_17
5485,2_17_chr7_149685_149919_fw,reverse,SNP,18,0.0015530629853321828,106,0.0025463018568786184,LRTGE,L6TGE,LRTGE / L6TGE,-0.7132871165809133,2_17
5486,2_17_chr7_149685_149919_fw,reverse,noSNP,24,0.0020707506471095774,90,0.0021619544067837324,LRTGE,L6TGE,LRTGE / L6TGE,-0.0621822590685445,2_17
5487,2_19_chr7_27168362_27168894_fw,forward,SNP,87,0.007506471095772217,355,0.008527709048980278,LRTGE,L6TGE,LRTGE / L6TGE,-0.18402338200334234,2_19
5488,2_19_chr7_27168362_27168894_fw,forward,noSNP,55,0.004745470232959448,223,0.00535684258569747,LRTGE,L6TGE,LRTGE / L6TGE,-0.17483184985567127,2_19
5489,2_19_chr7_27168362_27168894_fw,reverse,SNP,158,0.01363244176013805,436,0.010473468015085637,LRTGE,L6TGE,LRTGE / L6TGE,0.38030475994015045,2_19
5490,2_19_chr7_27168362_27168894_fw,reverse,noSNP,102,0.008800690250215704,352,0.008455643902087487,LRTGE,L6TGE,LRTGE / L6TGE,0.057702059874172366,2_19
5491,2_1_chr10_24208466_24209279_fw,forward,SNP,12,0.0010353753235547887,149,0.003579235629008624,LRTGE,L6TGE,LRTGE / L6TGE,-1.7894976832010314,2_1
5492,2_1_chr10_24208466_24209279_fw,forward,noSNP,17,0.001466781708369284,89,0.002137932691152802,LRTGE,L6TGE,LRTGE / L6TGE,-0.5435622531760843,2_1
5493,2_1_chr10_24208466_24209279_fw,reverse,SNP,1,8.628127696289905e-05,245,0.005885320329577938,LRTGE,L6TGE,LRTGE / L6TGE,-6.091929602462597,2_1
5494,2_1_chr10_24208466_24209279_fw,reverse,noSNP,47,0.0040552200172562555,215,0.005164668860650028,LRTGE,L6TGE,LRTGE / L6TGE,-0.348895661371849,2_1
5495,2_20_chr7_7566677_7567687_fw,forward,SNP,4,0.0003451251078515962,50,0.001201085781546518,LRTGE,L6TGE,LRTGE / L6TGE,-1.799147853234751,2_20
5496,2_20_chr7_7566677_7567687_fw,forward,noSNP,6,0.0005176876617773944,117,0.0028105407288188523,LRTGE,L6TGE,LRTGE / L6TGE,-2.4406938823222744,2_20
5497,2_20_chr7_7566677_7567687_fw,reverse,noSNP,20,0.001725625539257981,199,0.004780321410555142,LRTGE,L6TGE,LRTGE / L6TGE,-1.4699881891163125,2_20
5498,2_22_chr10_122375105_122375476_rc__2_21_chr10_122375073_122375541_fw,forward,SNP,4,0.0003451251078515962,129,0.0030988013163900166,LRTGE,L6TGE,LRTGE / L6TGE,-3.1665189188832805,2_22
5499,2_22_chr10_122375105_122375476_rc__2_21_chr10_122375073_122375541_fw,forward,noSNP,6,0.0005176876617773944,128,0.0030747796007590863,LRTGE,L6TGE,LRTGE / L6TGE,-2.57032916273887,2_22
5500,2_22_chr10_122375105_122375476_rc__2_21_chr10_122375073_122375541_fw,reverse,SNP,14,0.0012079378774805867,74,0.0017776069566888468,LRTGE,L6TGE,LRTGE / L6TGE,-0.5573901070313718,2_22
5501,2_22_chr10_122375105_122375476_rc__2_21_chr10_122375073_122375541_fw,reverse,noSNP,8,0.0006902502157031924,80,0.001921737250474429,LRTGE,L6TGE,LRTGE / L6TGE,-1.4772197583473885,2_22
5502,2_23_chr12_53046798_53047380_fw__2_24_chr12_53046888_53047426_rc,forward,SNP,13,0.0011216566005176876,74,0.0017776069566888468,LRTGE,L6TGE,LRTGE / L6TGE,-0.664305310947884,2_23
5503,2_23_chr12_53046798_53047380_fw__2_24_chr12_53046888_53047426_rc,forward,noSNP,9,0.0007765314926660914,71,0.0017055418097960556,LRTGE,L6TGE,LRTGE / L6TGE,-1.135113781522396,2_23
5504,2_23_chr12_53046798_53047380_fw__2_24_chr12_53046888_53047426_rc,reverse,SNP,13,0.0011216566005176876,78,0.001873693819212568,LRTGE,L6TGE,LRTGE / L6TGE,-0.7402541641811823,2_23
5505,2_23_chr12_53046798_53047380_fw__2_24_chr12_53046888_53047426_rc,reverse,noSNP,10,0.0008628127696289905,79,0.0018977155348434986,LRTGE,L6TGE,LRTGE / L6TGE,-1.1371443167497668,2_23
5506,2_32_chr22_44023936_44024267_rc__2_31_chr22_44023811_44024452_fw,forward,SNP,28,0.0024158757549611735,114,0.0027384755819260614,LRTGE,L6TGE,LRTGE / L6TGE,-0.1808267555671638,2_32
5507,2_32_chr22_44023936_44024267_rc__2_31_chr22_44023811_44024452_fw,forward,noSNP,13,0.0011216566005176876,91,0.0021859761224146627,LRTGE,L6TGE,LRTGE / L6TGE,-0.9626465855176302,2_32
5508,2_32_chr22_44023936_44024267_rc__2_31_chr22_44023811_44024452_fw,reverse,SNP,24,0.0020707506471095774,89,0.002137932691152802,LRTGE,L6TGE,LRTGE / L6TGE,-0.046062593705267496,2_32
5509,2_32_chr22_44023936_44024267_rc__2_31_chr22_44023811_44024452_fw,reverse,noSNP,21,0.00181190681622088,107,0.0025703235725095487,LRTGE,L6TGE,LRTGE / L6TGE,-0.5044412270824129,2_32
5510,2_33_chr5_132369336_132370461_fw__2_34_chr5_132369418_132370280_rc,forward,SNP,11,0.0009490940465918896,46,0.0011049989190227967,LRTGE,L6TGE,LRTGE / L6TGE,-0.21942200087974198,2_33
5511,2_33_chr5_132369336_132370461_fw__2_34_chr5_132369418_132370280_rc,forward,noSNP,19,0.001639344262295082,56,0.0013452160753321001,LRTGE,L6TGE,LRTGE / L6TGE,0.2852809279259553,2_33
5512,2_33_chr5_132369336_132370461_fw__2_34_chr5_132369418_132370280_rc,reverse,noSNP,7,0.0006039689387402934,53,0.0012731509284393092,LRTGE,L6TGE,LRTGE / L6TGE,-1.0758571959656213,2_33
5513,2_39_chr14_100375283_100375730_rc__2_35_chr14_100375283_100375730_rc,forward,SNP,78,0.006729939603106126,441,0.010593576593240289,LRTGE,L6TGE,LRTGE / L6TGE,-0.6545242901552984,2_39
5514,2_39_chr14_100375283_100375730_rc__2_35_chr14_100375283_100375730_rc,forward,noSNP,105,0.0090595340811044,496,0.011914770952941458,LRTGE,L6TGE,LRTGE / L6TGE,-0.3952424561807786,2_39
5515,2_39_chr14_100375283_100375730_rc__2_35_chr14_100375283_100375730_rc,reverse,SNP,35,0.0030198446937014668,321,0.007710970717528646,LRTGE,L6TGE,LRTGE / L6TGE,-1.352438133637363,2_39
5516,2_3_chr10_71888998_71889183_rc,forward,SNP,7,0.0006039689387402934,56,0.0013452160753321001,LRTGE,L6TGE,LRTGE / L6TGE,-1.155291663460026,2_3
5517,2_3_chr10_71888998_71889183_rc,forward,noSNP,5,0.0004314063848144953,33,0.0007927166158207019,LRTGE,L6TGE,LRTGE / L6TGE,-0.8777576879311172,2_3
5518,2_3_chr10_71888998_71889183_rc,reverse,SNP,1,8.628127696289905e-05,16,0.0003843474500948858,LRTGE,L6TGE,LRTGE / L6TGE,-2.155291663460026,2_3
5519,2_40_chr2_27890876_27891263_rc__2_36_chr2_27890876_27891263_rc,forward,SNP,25,0.0021570319240724763,68,0.0016334766629032646,LRTGE,L6TGE,LRTGE / L6TGE,0.40110168506435906,2_40
5520,2_40_chr2_27890876_27891263_rc__2_36_chr2_27890876_27891263_rc,forward,noSNP,10,0.0008628127696289905,59,0.0014172812222248913,LRTGE,L6TGE,LRTGE / L6TGE,-0.7160066179345052,2_40
5521,2_40_chr2_27890876_27891263_rc__2_36_chr2_27890876_27891263_rc,reverse,SNP,21,0.00181190681622088,91,0.0021859761224146627,LRTGE,L6TGE,LRTGE / L6TGE,-0.27076888087996215,2_40
5522,2_40_chr2_27890876_27891263_rc__2_36_chr2_27890876_27891263_rc,reverse,noSNP,13,0.0011216566005176876,37,0.0008888034783444234,LRTGE,L6TGE,LRTGE / L6TGE,0.33569468905211597,2_40
5523,2_41_chr2_29114692_29115684_fw__2_37_chr2_29114692_29115684_fw,forward,SNP,12,0.0010353753235547887,164,0.00393956136347258,LRTGE,L6TGE,LRTGE / L6TGE,-1.9278811673569538,2_41
5524,2_41_chr2_29114692_29115684_fw__2_37_chr2_29114692_29115684_fw,forward,noSNP,6,0.0005176876617773944,62,0.0014893463691176823,LRTGE,L6TGE,LRTGE / L6TGE,-1.524525473125745,2_41
5525,2_41_chr2_29114692_29115684_fw__2_37_chr2_29114692_29115684_fw,reverse,SNP,14,0.0012079378774805867,136,0.0032669533258065293,LRTGE,L6TGE,LRTGE / L6TGE,-1.4353995826527615,2_41
5526,2_41_chr2_29114692_29115684_fw__2_37_chr2_29114692_29115684_fw,reverse,noSNP,12,0.0010353753235547887,56,0.0013452160753321001,LRTGE,L6TGE,LRTGE / L6TGE,-0.3776840847964739,2_41
5527,2_42_chr7_158818580_158818984_rc__2_38_chr7_158818580_158818984_rc,forward,noSNP,86,0.007420189818809319,392,0.009416512527324701,LRTGE,L6TGE,LRTGE / L6TGE,-0.34373675287313643,2_42
5528,2_42_chr7_158818580_158818984_rc__2_38_chr7_158818580_158818984_rc,reverse,SNP,29,0.0025021570319240724,337,0.008095318167623532,LRTGE,L6TGE,LRTGE / L6TGE,-1.6939154495143127,2_42
5529,2_4_chr11_124876752_124876939_fw,forward,noSNP,2,0.0001725625539257981,10,0.00024021715630930362,LRTGE,L6TGE,LRTGE / L6TGE,-0.47721975834738856,2_4
5530,2_5_chr12_2959230_2960351_fw,forward,SNP,3,0.0002588438308886972,45,0.0010809772033918662,LRTGE,L6TGE,LRTGE / L6TGE,-2.0621822590685444,2_5
5531,2_5_chr12_2959230_2960351_fw,forward,noSNP,5,0.0004314063848144953,54,0.0012971726440702395,LRTGE,L6TGE,LRTGE / L6TGE,-1.5882510707361321,2_5
5532,2_5_chr12_2959230_2960351_fw,reverse,SNP,6,0.0005176876617773944,49,0.0011770640659155877,LRTGE,L6TGE,LRTGE / L6TGE,-1.185039006854078,2_5
5533,2_5_chr12_2959230_2960351_fw,reverse,noSNP,2,0.0001725625539257981,61,0.001465324653486752,LRTGE,L6TGE,LRTGE / L6TGE,-3.0860290010229123,2_5
5534,2_6_chr12_57611320_57611561_fw,forward,SNP,4,0.0003451251078515962,67,0.001609454947272334,LRTGE,L6TGE,LRTGE / L6TGE,-2.2213808539177986,2_6
5535,2_6_chr12_57611320_57611561_fw,forward,noSNP,6,0.0005176876617773944,44,0.0010569554877609359,LRTGE,L6TGE,LRTGE / L6TGE,-1.0297607813761671,2_6
5536,2_6_chr12_57611320_57611561_fw,reverse,SNP,4,0.0003451251078515962,30,0.0007206514689279108,LRTGE,L6TGE,LRTGE / L6TGE,-1.0621822590685446,2_6
5537,2_6_chr12_57611320_57611561_fw,reverse,noSNP,10,0.0008628127696289905,35,0.0008407600470825626,LRTGE,L6TGE,LRTGE / L6TGE,0.037353414482369875,2_6
5538,2_7_chr14_75069209_75069609_rc,forward,noSNP,15,0.0012942191544434857,5,0.00012010857815465181,LRTGE,L6TGE,LRTGE / L6TGE,3.42967083726113,2_7
5539,2_7_chr14_75069209_75069609_rc,reverse,noSNP,7,0.0006039689387402934,12,0.00028826058757116434,LRTGE,L6TGE,LRTGE / L6TGE,1.067100757876422,2_7
5540,3,reverse,SNP,7,0.0006039689387402934,77,0.0018496721035816377,LRTGE,L6TGE,LRTGE / L6TGE,-1.6147232820973234,3
5541,4,forward,any_SNP,36,0.0031061259706643657,1491,0.035816378005717166,LRTGE,L6TGE,LRTGE / L6TGE,-3.527431204301156,4
5542,4,reverse,any_SNP,170,0.014667817083692839,979,0.023517259602680824,LRTGE,L6TGE,LRTGE / L6TGE,-0.6810657769260194,4
5543,8,any_orientation,any_SNP,66,0.005694564279551337,461,0.011074010905858897,LRTGE,L6TGE,LRTGE / L6TGE,-0.9595204845309108,8
5544,9,any_orientation,any_SNP,27,0.0023295944779982746,2473,0.059405702755290786,LRTGE,L6TGE,LRTGE / L6TGE,-4.672450685686496,9
5545,CMV,any_orientation,any_SNP,132,0.011389128559102674,101,0.0024261932787239663,LRTGE,L6TGE,LRTGE / L6TGE,2.2308909731466326,CMV
5546,SV40,any_orientation,any_SNP,31,0.0026747195858498707,34,0.0008167383314516323,LRTGE,L6TGE,LRTGE / L6TGE,1.7114418056765095,SV40
5547,1_14_chr14_60655620_60656040_bi,reverse,noSNP,2,0.0001725625539257981,5,0.00035300762496469926,LRTGE,L7TGE,LRTGE / L7TGE,-1.0325799123902804,1_14
5548,1_16_chr16_30805349_30805831_bi,reverse,noSNP,7,0.0006039689387402934,7,0.000494210674950579,LRTGE,L7TGE,LRTGE / L7TGE,0.2893481824970821,1_16
5549,1_17_chr16_73068918_73069480_bi,forward,noSNP,90,0.007765314926660914,26,0.0018356396498164361,LRTGE,L7TGE,LRTGE / L7TGE,2.0807615606856644,1_17
5550,1_17_chr16_73068918_73069480_bi,reverse,noSNP,28,0.0024158757549611735,17,0.0012002259248799774,LRTGE,L7TGE,LRTGE / L7TGE,1.0092402633043467,1_17
5551,1_18_chr16_74297506_74297928_bi,forward,noSNP,188,0.016220880069025022,88,0.006212934199378707,LRTGE,L7TGE,LRTGE / L7TGE,1.3845054155374221,1_18
5552,1_18_chr16_74297506_74297928_bi,reverse,noSNP,134,0.011561691113028473,103,0.007271957074272804,LRTGE,L7TGE,LRTGE / L7TGE,0.6689368457716361,1_18
5553,1_19_chr16_807619_808176_bi,reverse,noSNP,43,0.0037100949094046594,15,0.0010590228748940977,LRTGE,L7TGE,LRTGE / L7TGE,1.8087223415906617,1_19
5554,1_1_chr1_156748909_156749379_bi,forward,noSNP,2,0.0001725625539257981,25,0.0017650381248234962,LRTGE,L7TGE,LRTGE / L7TGE,-3.3545080072776425,1_1
5555,1_20_chr16_87853532_87854041_bi,reverse,SNP,23,0.001984469370146678,9,0.0006354137249364587,LRTGE,L7TGE,LRTGE / L7TGE,1.6429851371117825,1_20
5556,1_20_chr16_87853532_87854041_bi,reverse,noSNP,46,0.003968938740293356,19,0.001341428974865857,LRTGE,L7TGE,LRTGE / L7TGE,1.5649826251105095,1_20
5557,1_23_chr2_70142583_70143144_bi,forward,SNP,58,0.005004314063848145,30,0.0021180457497881953,LRTGE,L7TGE,LRTGE / L7TGE,1.2404385820161357,1_23
5558,1_23_chr2_70142583_70143144_bi,forward,noSNP,576,0.04969801553062985,328,0.02315730019768427,LRTGE,L7TGE,LRTGE / L7TGE,1.1017211793213106,1_23
5559,1_23_chr2_70142583_70143144_bi,reverse,SNP,4,0.0003451251078515962,5,0.00035300762496469926,LRTGE,L7TGE,LRTGE / L7TGE,-0.03257991239028033,1_23
5560,1_23_chr2_70142583_70143144_bi,reverse,noSNP,94,0.008110440034512511,250,0.017650381248234964,LRTGE,L7TGE,LRTGE / L7TGE,-1.1218472504873678,1_23
5561,1_24_chr21_29002584_29003015_bi,forward,noSNP,112,0.009663503019844694,52,0.0036712792996328723,LRTGE,L7TGE,LRTGE / L7TGE,1.396263386413594,1_24
5562,1_24_chr21_29002584_29003015_bi,reverse,noSNP,46,0.003968938740293356,49,0.0034594747246540526,LRTGE,L7TGE,LRTGE / L7TGE,0.19820029443888665,1_24
5563,1_25_chr22_36465359_36465803_bi,forward,noSNP,31,0.0026747195858498707,23,0.0016238350748376165,LRTGE,L7TGE,LRTGE / L7TGE,0.7199825368269445,1_25
5564,1_25_chr22_36465359_36465803_bi,reverse,noSNP,28,0.0024158757549611735,36,0.0025416548997458347,LRTGE,L7TGE,LRTGE / L7TGE,-0.07322189688762624,1_25
5565,1_26_chr22_40651538_40652054_bi,forward,noSNP,57,0.004918032786885246,218,0.015391132448460887,LRTGE,L7TGE,LRTGE / L7TGE,-1.6459461281151024,1_26
5566,1_26_chr22_40651538_40652054_bi,reverse,noSNP,192,0.01656600517687662,331,0.023369104772663088,LRTGE,L7TGE,LRTGE / L7TGE,-0.4963767235889791,1_26
5567,1_28_chr7_1532728_1533226_bi,forward,noSNP,21,0.00181190681622088,13,0.0009178198249082181,LRTGE,L7TGE,LRTGE / L7TGE,0.9812258871347501,1_28
5568,1_28_chr7_1532728_1533226_bi,reverse,noSNP,16,0.0013805004314063848,8,0.0005648121999435188,LRTGE,L7TGE,LRTGE / L7TGE,1.2893481824970818,1_28
5569,1_29_chr7_25856979_25857429_bi,forward,SNP,26,0.0022433132010353752,14,0.000988421349901158,LRTGE,L7TGE,LRTGE / L7TGE,1.18243297858057,1_29
5570,1_29_chr7_25856979_25857429_bi,reverse,SNP,41,0.003537532355478861,19,0.001341428974865857,LRTGE,L7TGE,LRTGE / L7TGE,1.3989726736715804,1_29
5571,1_30_chr9_126805681_126806202_bi,forward,noSNP,54,0.004659188955996549,58,0.004094888449590511,LRTGE,L7TGE,LRTGE / L7TGE,0.1862546895329785,1_30
5572,1_30_chr9_126805681_126806202_bi,reverse,noSNP,84,0.00724762726488352,70,0.004942106749505789,LRTGE,L7TGE,LRTGE / L7TGE,0.552382588330876,1_30
5573,1_5_chr1_33127099_33127603_bi,forward,noSNP,76,0.006557377049180328,143,0.010096018073990399,LRTGE,L7TGE,LRTGE / L7TGE,-0.6225956408377219,1_5
5574,1_5_chr1_33127099_33127603_bi,reverse,noSNP,218,0.018809318377911992,145,0.010237221123976278,LRTGE,L7TGE,LRTGE / L7TGE,0.8776234172590738,1_5
5575,1_7_chr10_110211049_110211924_bi,forward,noSNP,50,0.004314063848144953,91,0.006424738774357526,LRTGE,L7TGE,LRTGE / L7TGE,-0.5745902679268895,1_7
5576,1_7_chr10_110211049_110211924_bi,reverse,noSNP,70,0.0060396893874029335,11,0.0007766167749223384,LRTGE,L7TGE,LRTGE / L7TGE,2.9591995808047513,1_7
5577,1_8_chr10_4663047_4663594_bi,forward,noSNP,10,0.0008628127696289905,148,0.010449025698955098,LRTGE,L7TGE,LRTGE / L7TGE,-3.598177088244505,1_8
5578,1_8_chr10_4663047_4663594_bi,reverse,noSNP,3,0.0002588438308886972,186,0.013131883648686811,LRTGE,L7TGE,LRTGE / L7TGE,-5.664848127889793,1_8
5579,1_9_chr10_71860316_71860874_bi,forward,noSNP,30,0.0025884383088869713,25,0.0017650381248234962,LRTGE,L7TGE,LRTGE / L7TGE,0.552382588330876,1_9
5580,1_9_chr10_71860316_71860874_bi,reverse,noSNP,76,0.006557377049180328,18,0.0012708274498729173,LRTGE,L7TGE,LRTGE / L7TGE,2.3673506944983553,1_9
5581,22,any_orientation,any_SNP,281,0.02424503882657463,2198,0.1551821519344818,LRTGE,L7TGE,LRTGE / L7TGE,-2.6782011682312232,22
5582,2_10_chr16_3305171_3305501_rc,forward,SNP,202,0.01742881794650561,107,0.007554363174244564,LRTGE,L7TGE,LRTGE / L7TGE,1.20609267884773,2_10
5583,2_10_chr16_3305171_3305501_rc,forward,noSNP,248,0.021397756686798965,170,0.012002259248799774,LRTGE,L7TGE,LRTGE / L7TGE,0.8341535567462556,2_10
5584,2_10_chr16_3305171_3305501_rc,reverse,SNP,102,0.008800690250215704,101,0.0071307540242869245,LRTGE,L7TGE,LRTGE / L7TGE,0.30356204171678314,2_10
5585,2_10_chr16_3305171_3305501_rc,reverse,noSNP,113,0.009749784296807593,105,0.007413160124258684,LRTGE,L7TGE,LRTGE / L7TGE,0.3952816272461473,2_10
5586,2_12_chr17_58692543_58692822_fw,forward,SNP,9,0.0007765314926660914,27,0.0019062411748093759,LRTGE,L7TGE,LRTGE / L7TGE,-1.2956143182240742,2_12
5587,2_12_chr17_58692543_58692822_fw,forward,noSNP,23,0.001984469370146678,20,0.001412030499858797,LRTGE,L7TGE,LRTGE / L7TGE,0.49098204366673237,2_12
5588,2_12_chr17_58692543_58692822_fw,reverse,SNP,4,0.0003451251078515962,37,0.0026122564247387744,LRTGE,L7TGE,LRTGE / L7TGE,-2.920105183131868,2_12
5589,2_12_chr17_58692543_58692822_fw,reverse,noSNP,25,0.0021570319240724763,18,0.0012708274498729173,LRTGE,L7TGE,LRTGE / L7TGE,0.7632793708294944,2_12
5590,2_13_chr19_41397182_41397493_rc,forward,SNP,23,0.001984469370146678,112,0.007907370799209263,LRTGE,L7TGE,LRTGE / L7TGE,-1.9944447835035093,2_13
5591,2_13_chr19_41397182_41397493_rc,forward,noSNP,27,0.0023295944779982746,156,0.011013837898898616,LRTGE,L7TGE,LRTGE / L7TGE,-2.2411665342016978,2_13
5592,2_13_chr19_41397182_41397493_rc,reverse,SNP,72,0.006212251941328731,110,0.007766167749223383,LRTGE,L7TGE,LRTGE / L7TGE,-0.3220865295852651,2_13
5593,2_13_chr19_41397182_41397493_rc,reverse,noSNP,99,0.008541846419327006,139,0.009813611974018638,LRTGE,L7TGE,LRTGE / L7TGE,-0.20023627014681564,2_13
5594,2_15_chr3_122793601_122793905_rc,forward,SNP,34,0.002933563416738568,60,0.004236091499576391,LRTGE,L7TGE,LRTGE / L7TGE,-0.530079571861097,2_15
5595,2_15_chr3_122793601_122793905_rc,forward,noSNP,34,0.002933563416738568,55,0.0038830838746116915,LRTGE,L7TGE,LRTGE / L7TGE,-0.404548689777238,2_15
5596,2_15_chr3_122793601_122793905_rc,reverse,SNP,34,0.002933563416738568,40,0.002824060999717594,LRTGE,L7TGE,LRTGE / L7TGE,0.05488292886005922,2_15
5597,2_15_chr3_122793601_122793905_rc,reverse,noSNP,20,0.001725625539257981,27,0.0019062411748093759,LRTGE,L7TGE,LRTGE / L7TGE,-0.14361122477902405,2_15
5598,2_16_chr6_108562603_108562763_rc,forward,SNP,117,0.010094909404659189,118,0.008330979949166902,LRTGE,L7TGE,LRTGE / L7TGE,0.2770698527186455,2_16
5599,2_16_chr6_108562603_108562763_rc,forward,noSNP,103,0.008886971527178602,105,0.007413160124258684,LRTGE,L7TGE,LRTGE / L7TGE,0.2616031920141777,2_16
5600,2_16_chr6_108562603_108562763_rc,reverse,SNP,87,0.007506471095772217,91,0.006424738774357526,LRTGE,L7TGE,LRTGE / L7TGE,0.22449703814711405,2_16
5601,2_16_chr6_108562603_108562763_rc,reverse,noSNP,78,0.006729939603106126,83,0.005859926574414007,LRTGE,L7TGE,LRTGE / L7TGE,0.19971097001240554,2_16
5602,2_17_chr7_149685_149919_fw,forward,SNP,7,0.0006039689387402934,37,0.0026122564247387744,LRTGE,L7TGE,LRTGE / L7TGE,-2.1127502610742637,2_17
5603,2_17_chr7_149685_149919_fw,forward,noSNP,6,0.0005176876617773944,34,0.0024004518497599547,LRTGE,L7TGE,LRTGE / L7TGE,-2.2131521580321007,2_17
5604,2_17_chr7_149685_149919_fw,reverse,SNP,18,0.0015530629853321828,39,0.002753459474724654,LRTGE,L7TGE,LRTGE / L7TGE,-0.826129034922854,2_17
5605,2_17_chr7_149685_149919_fw,reverse,noSNP,24,0.0020707506471095774,29,0.0020474442247952556,LRTGE,L7TGE,LRTGE / L7TGE,0.01632968809066633,2_17
5606,2_19_chr7_27168362_27168894_fw,forward,SNP,87,0.007506471095772217,6,0.0004236091499576391,LRTGE,L7TGE,LRTGE / L7TGE,4.147329177624655,2_19
5607,2_19_chr7_27168362_27168894_fw,reverse,SNP,158,0.01363244176013805,7,0.000494210674950579,LRTGE,L7TGE,LRTGE / L7TGE,4.785774008616581,2_19
5608,2_19_chr7_27168362_27168894_fw,reverse,noSNP,102,0.008800690250215704,8,0.0005648121999435188,LRTGE,L7TGE,LRTGE / L7TGE,3.961773524468578,2_19
5609,2_1_chr10_24208466_24209279_fw,forward,SNP,12,0.0010353753235547887,41,0.002894662524710534,LRTGE,L7TGE,LRTGE / L7TGE,-1.4832413213998454,2_1
5610,2_20_chr7_7566677_7567687_fw,forward,SNP,4,0.0003451251078515962,15,0.0010590228748940977,LRTGE,L7TGE,LRTGE / L7TGE,-1.6175424131114364,2_20
5611,2_20_chr7_7566677_7567687_fw,forward,noSNP,6,0.0005176876617773944,37,0.0026122564247387744,LRTGE,L7TGE,LRTGE / L7TGE,-2.3351426824107113,2_20
5612,2_20_chr7_7566677_7567687_fw,reverse,noSNP,20,0.001725625539257981,69,0.004871505224512849,LRTGE,L7TGE,LRTGE / L7TGE,-1.4972481793937245,2_20
5613,2_22_chr10_122375105_122375476_rc__2_21_chr10_122375073_122375541_fw,forward,SNP,4,0.0003451251078515962,49,0.0034594747246540526,LRTGE,L7TGE,LRTGE / L7TGE,-3.325361661618126,2_22
5614,2_22_chr10_122375105_122375476_rc__2_21_chr10_122375073_122375541_fw,forward,noSNP,6,0.0005176876617773944,41,0.002894662524710534,LRTGE,L7TGE,LRTGE / L7TGE,-2.4832413213998454,2_22
5615,2_22_chr10_122375105_122375476_rc__2_21_chr10_122375073_122375541_fw,reverse,SNP,14,0.0012079378774805867,17,0.0012002259248799774,LRTGE,L7TGE,LRTGE / L7TGE,0.00924026330434674,2_22
5616,2_22_chr10_122375105_122375476_rc__2_21_chr10_122375073_122375541_fw,reverse,noSNP,8,0.0006902502157031924,28,0.001976842699802316,LRTGE,L7TGE,LRTGE / L7TGE,-1.5180067395605221,2_22
5617,2_23_chr12_53046798_53047380_fw__2_24_chr12_53046888_53047426_rc,forward,SNP,13,0.0011216566005176876,24,0.0016944365998305564,LRTGE,L7TGE,LRTGE / L7TGE,-0.5951746000829821,2_23
5618,2_23_chr12_53046798_53047380_fw__2_24_chr12_53046888_53047426_rc,forward,noSNP,9,0.0007765314926660914,23,0.0016238350748376165,LRTGE,L7TGE,LRTGE / L7TGE,-1.0642887721176184,2_23
5619,2_23_chr12_53046798_53047380_fw__2_24_chr12_53046888_53047426_rc,reverse,SNP,13,0.0011216566005176876,30,0.0021180457497881953,LRTGE,L7TGE,LRTGE / L7TGE,-0.9171026949703444,2_23
5620,2_23_chr12_53046798_53047380_fw__2_24_chr12_53046888_53047426_rc,reverse,noSNP,10,0.0008628127696289905,28,0.001976842699802316,LRTGE,L7TGE,LRTGE / L7TGE,-1.1960786446731597,2_23
5621,2_32_chr22_44023936_44024267_rc__2_31_chr22_44023811_44024452_fw,forward,SNP,28,0.0024158757549611735,44,0.0031064670996893535,LRTGE,L7TGE,LRTGE / L7TGE,-0.3627285140826111,2_32
5622,2_32_chr22_44023936_44024267_rc__2_31_chr22_44023811_44024452_fw,forward,noSNP,13,0.0011216566005176876,25,0.0017650381248234962,LRTGE,L7TGE,LRTGE / L7TGE,-0.6540682891365506,2_32
5623,2_32_chr22_44023936_44024267_rc__2_31_chr22_44023811_44024452_fw,reverse,SNP,24,0.0020707506471095774,30,0.0021180457497881953,LRTGE,L7TGE,LRTGE / L7TGE,-0.03257991239028,2_32
5624,2_32_chr22_44023936_44024267_rc__2_31_chr22_44023811_44024452_fw,reverse,noSNP,21,0.00181190681622088,44,0.0031064670996893535,LRTGE,L7TGE,LRTGE / L7TGE,-0.777766013361455,2_32
5625,2_33_chr5_132369336_132370461_fw__2_34_chr5_132369418_132370280_rc,forward,SNP,11,0.0009490940465918896,20,0.001412030499858797,LRTGE,L7TGE,LRTGE / L7TGE,-0.573148293752983,2_33
5626,2_33_chr5_132369336_132370461_fw__2_34_chr5_132369418_132370280_rc,forward,noSNP,19,0.001639344262295082,22,0.0015532335498446767,LRTGE,L7TGE,LRTGE / L7TGE,0.07784407730337026,2_33
5627,2_33_chr5_132369336_132370461_fw__2_34_chr5_132369418_132370280_rc,reverse,noSNP,7,0.0006039689387402934,17,0.0012002259248799774,LRTGE,L7TGE,LRTGE / L7TGE,-0.9907597366956532,2_33
5628,2_39_chr14_100375283_100375730_rc__2_35_chr14_100375283_100375730_rc,forward,SNP,78,0.006729939603106126,163,0.011508048573849195,LRTGE,L7TGE,LRTGE / L7TGE,-0.7739777528717471,2_39
5629,2_39_chr14_100375283_100375730_rc__2_35_chr14_100375283_100375730_rc,forward,noSNP,105,0.0090595340811044,154,0.010872634848912736,LRTGE,L7TGE,LRTGE / L7TGE,-0.26319284053169656,2_39
5630,2_39_chr14_100375283_100375730_rc__2_35_chr14_100375283_100375730_rc,reverse,SNP,35,0.0030198446937014668,85,0.006001129624399887,LRTGE,L7TGE,LRTGE / L7TGE,-0.9907597366956532,2_39
5631,2_39_chr14_100375283_100375730_rc__2_35_chr14_100375283_100375730_rc,reverse,noSNP,43,0.0037100949094046594,97,0.0068483479243151655,LRTGE,L7TGE,LRTGE / L7TGE,-0.8842999049879477,2_39
5632,2_3_chr10_71888998_71889183_rc,forward,SNP,7,0.0006039689387402934,20,0.001412030499858797,LRTGE,L7TGE,LRTGE / L7TGE,-1.2252249903326762,2_3
5633,2_40_chr2_27890876_27891263_rc__2_36_chr2_27890876_27891263_rc,forward,SNP,25,0.0021570319240724763,24,0.0016944365998305564,LRTGE,L7TGE,LRTGE / L7TGE,0.3482418715506507,2_40
5634,2_40_chr2_27890876_27891263_rc__2_36_chr2_27890876_27891263_rc,forward,noSNP,10,0.0008628127696289905,28,0.001976842699802316,LRTGE,L7TGE,LRTGE / L7TGE,-1.1960786446731597,2_40
5635,2_40_chr2_27890876_27891263_rc__2_36_chr2_27890876_27891263_rc,reverse,SNP,21,0.00181190681622088,36,0.0025416548997458347,LRTGE,L7TGE,LRTGE / L7TGE,-0.48825939616647007,2_40
5636,2_40_chr2_27890876_27891263_rc__2_36_chr2_27890876_27891263_rc,reverse,noSNP,13,0.0011216566005176876,16,0.0011296243998870376,LRTGE,L7TGE,LRTGE / L7TGE,-0.010212099361825905,2_40
5637,2_41_chr2_29114692_29115684_fw__2_37_chr2_29114692_29115684_fw,forward,SNP,12,0.0010353753235547887,45,0.003177068624682293,LRTGE,L7TGE,LRTGE / L7TGE,-1.6175424131114362,2_41
5638,2_41_chr2_29114692_29115684_fw__2_37_chr2_29114692_29115684_fw,forward,noSNP,6,0.0005176876617773944,32,0.0022592487997740753,LRTGE,L7TGE,LRTGE / L7TGE,-2.1256893167817617,2_41
5639,2_41_chr2_29114692_29115684_fw__2_37_chr2_29114692_29115684_fw,reverse,SNP,14,0.0012079378774805867,40,0.002824060999717594,LRTGE,L7TGE,LRTGE / L7TGE,-1.2252249903326762,2_41
5640,2_41_chr2_29114692_29115684_fw__2_37_chr2_29114692_29115684_fw,reverse,noSNP,12,0.0010353753235547887,27,0.0019062411748093759,LRTGE,L7TGE,LRTGE / L7TGE,-0.8805768189452301,2_41
5641,2_42_chr7_158818580_158818984_rc__2_38_chr7_158818580_158818984_rc,forward,SNP,39,0.003364969801553063,42,0.0029652640497034735,LRTGE,L7TGE,LRTGE / L7TGE,0.18243297858057003,2_42
5642,2_42_chr7_158818580_158818984_rc__2_38_chr7_158818580_158818984_rc,forward,noSNP,86,0.007420189818809319,48,0.003388873199661113,LRTGE,L7TGE,LRTGE / L7TGE,1.1306504364780239,2_42
5643,2_42_chr7_158818580_158818984_rc__2_38_chr7_158818580_158818984_rc,reverse,SNP,29,0.0025021570319240724,48,0.003388873199661113,LRTGE,L7TGE,LRTGE / L7TGE,-0.43763332309650205,2_42
5644,2_42_chr7_158818580_158818984_rc__2_38_chr7_158818580_158818984_rc,reverse,noSNP,14,0.0012079378774805867,56,0.003953685399604632,LRTGE,L7TGE,LRTGE / L7TGE,-1.710651817502918,2_42
5645,2_5_chr12_2959230_2960351_fw,forward,SNP,3,0.0002588438308886972,23,0.0016238350748376165,LRTGE,L7TGE,LRTGE / L7TGE,-2.6492512728387743,2_5
5646,2_5_chr12_2959230_2960351_fw,forward,noSNP,5,0.0004314063848144953,13,0.0009178198249082181,LRTGE,L7TGE,LRTGE / L7TGE,-1.0891634407566477,2_5
5647,2_5_chr12_2959230_2960351_fw,reverse,SNP,6,0.0005176876617773944,14,0.000988421349901158,LRTGE,L7TGE,LRTGE / L7TGE,-0.9330442388393658,2_5
5648,2_5_chr12_2959230_2960351_fw,reverse,noSNP,2,0.0001725625539257981,16,0.0011296243998870376,LRTGE,L7TGE,LRTGE / L7TGE,-2.710651817502918,2_5
5649,2_6_chr12_57611320_57611561_fw,forward,noSNP,6,0.0005176876617773944,19,0.001341428974865857,LRTGE,L7TGE,LRTGE / L7TGE,-1.373616830225347,2_6
5650,2_6_chr12_57611320_57611561_fw,reverse,noSNP,10,0.0008628127696289905,22,0.0015532335498446767,LRTGE,L7TGE,LRTGE / L7TGE,-0.848155341252853,2_6
5651,2_7_chr14_75069209_75069609_rc,forward,SNP,136,0.011734253666954271,142,0.01002541654899746,LRTGE,L7TGE,LRTGE / L7TGE,0.2270639042427393,2_7
5652,2_7_chr14_75069209_75069609_rc,forward,noSNP,15,0.0012942191544434857,21,0.0014826320248517368,LRTGE,L7TGE,LRTGE / L7TGE,-0.19607864467315983,2_7
5653,2_7_chr14_75069209_75069609_rc,reverse,SNP,32,0.0027610008628127696,101,0.0071307540242869245,LRTGE,L7TGE,LRTGE / L7TGE,-1.3688633002547128,2_7
5654,2_7_chr14_75069209_75069609_rc,reverse,noSNP,7,0.0006039689387402934,17,0.0012002259248799774,LRTGE,L7TGE,LRTGE / L7TGE,-0.9907597366956532,2_7
5655,3,reverse,SNP,7,0.0006039689387402934,45,0.003177068624682293,LRTGE,L7TGE,LRTGE / L7TGE,-2.3951499917749883,3
5656,4,forward,any_SNP,36,0.0031061259706643657,585,0.041301892120869814,LRTGE,L7TGE,LRTGE / L7TGE,-3.7330196305313725,4
5657,4,reverse,any_SNP,170,0.014667817083692839,326,0.02301609714769839,LRTGE,L7TGE,LRTGE / L7TGE,-0.6499890355962936,4
5658,8,any_orientation,any_SNP,66,0.005694564279551337,172,0.012143462298785653,LRTGE,L7TGE,LRTGE / L7TGE,-1.0925224528465625,8
5659,9,any_orientation,any_SNP,27,0.0023295944779982746,886,0.0625529511437447,LRTGE,L7TGE,LRTGE / L7TGE,-4.746927203894468,9
5660,CMV,any_orientation,any_SNP,132,0.011389128559102674,36,0.0025416548997458347,LRTGE,L7TGE,LRTGE / L7TGE,2.163817300413223,CMV
5661,SV40,any_orientation,any_SNP,31,0.0026747195858498707,13,0.0009178198249082181,LRTGE,L7TGE,LRTGE / L7TGE,1.543104774742865,SV40
5662,1_11_chr11_65418158_65418613_bi,forward,noSNP,6,0.0005176876617773944,7,0.00025968244546668645,LRTGE,L8TGE,LRTGE / L8TGE,0.9953334432489788,1_11
5663,1_11_chr11_65418158_65418613_bi,reverse,noSNP,14,0.0012079378774805867,13,0.0004822673987238463,LRTGE,L8TGE,LRTGE / L8TGE,1.3246410685019385,1_11
5664,1_14_chr14_60655620_60656040_bi,reverse,noSNP,2,0.0001725625539257981,13,0.0004822673987238463,LRTGE,L8TGE,LRTGE / L8TGE,-1.4827138535556657,1_14
5665,1_15_chr15_40098659_40099167_bi,forward,noSNP,9,0.0007765314926660914,5,0.00018548746104763317,LRTGE,L8TGE,LRTGE / L8TGE,2.065722771140377,1_15
5666,1_15_chr15_40098659_40099167_bi,reverse,noSNP,5,0.0004314063848144953,7,0.00025968244546668645,LRTGE,L8TGE,LRTGE / L8TGE,0.732299037415185,1_15
5667,1_16_chr16_30805349_30805831_bi,forward,noSNP,9,0.0007765314926660914,348,0.01290992728891527,LRTGE,L8TGE,LRTGE / L8TGE,-4.05529262982099,1_16
5668,1_16_chr16_30805349_30805831_bi,reverse,noSNP,7,0.0006039689387402934,331,0.012279269921353317,LRTGE,L8TGE,LRTGE / L8TGE,-4.345606620164187,1_16
5669,1_17_chr16_73068918_73069480_bi,forward,noSNP,90,0.007765314926660914,83,0.003079091853390711,LRTGE,L8TGE,LRTGE / L8TGE,1.3345395295681766,1_17
5670,1_17_chr16_73068918_73069480_bi,reverse,noSNP,28,0.0024158757549611735,50,0.0018548746104763319,LRTGE,L8TGE,LRTGE / L8TGE,0.38122459686830606,1_17
5671,1_18_chr16_74297506_74297928_bi,forward,noSNP,188,0.016220880069025022,179,0.006640451105505268,LRTGE,L8TGE,LRTGE / L8TGE,1.2884989389988075,1_18
5672,1_18_chr16_74297506_74297928_bi,reverse,noSNP,134,0.011561691113028473,178,0.006603353613295742,LRTGE,L8TGE,LRTGE / L8TGE,0.8080816240768012,1_18
5673,1_19_chr16_807619_808176_bi,forward,SNP,11,0.0009490940465918896,15,0.0005564623831428995,LRTGE,L8TGE,LRTGE / L8TGE,0.7702668876142054,1_19
5674,1_19_chr16_807619_808176_bi,forward,noSNP,8,0.0006902502157031924,5,0.00018548746104763317,LRTGE,L8TGE,LRTGE / L8TGE,1.8957977696980644,1_19
5675,1_19_chr16_807619_808176_bi,reverse,SNP,22,0.0018981880931837791,15,0.0005564623831428995,LRTGE,L8TGE,LRTGE / L8TGE,1.7702668876142054,1_19
5676,1_19_chr16_807619_808176_bi,reverse,noSNP,43,0.0037100949094046594,20,0.0007419498441905327,LRTGE,L8TGE,LRTGE / L8TGE,2.3220625244001623,1_19
5677,1_1_chr1_156748909_156749379_bi,forward,noSNP,2,0.0001725625539257981,74,0.0027452144235049713,LRTGE,L8TGE,LRTGE / L8TGE,-3.9917275010435236,1_1
5678,1_20_chr16_87853532_87854041_bi,forward,SNP,5,0.0004314063848144953,15,0.0005564623831428995,LRTGE,L8TGE,LRTGE / L8TGE,-0.3672366361357295,1_20
5679,1_20_chr16_87853532_87854041_bi,forward,noSNP,10,0.0008628127696289905,8,0.0002967799376762131,LRTGE,L8TGE,LRTGE / L8TGE,1.539653959472789,1_20
5680,1_20_chr16_87853532_87854041_bi,reverse,SNP,23,0.001984469370146678,18,0.0006677548597714795,LRTGE,L8TGE,LRTGE / L8TGE,1.571362819200127,1_20
5681,1_20_chr16_87853532_87854041_bi,reverse,noSNP,46,0.003968938740293356,21,0.0007790473364000593,LRTGE,L8TGE,LRTGE / L8TGE,2.3489703978636793,1_20
5682,1_23_chr2_70142583_70143144_bi,forward,SNP,58,0.005004314063848145,41,0.001520997180590592,LRTGE,L8TGE,LRTGE / L8TGE,1.718154855094915,1_23
5683,1_23_chr2_70142583_70143144_bi,forward,noSNP,576,0.04969801553062985,603,0.02236978780234456,LRTGE,L8TGE,LRTGE / L8TGE,1.1516366741276542,1_23
5684,1_23_chr2_70142583_70143144_bi,reverse,noSNP,94,0.008110440034512511,442,0.016397091556610774,LRTGE,L8TGE,LRTGE / L8TGE,-1.0155878431283676,1_23
5685,1_24_chr21_29002584_29003015_bi,forward,noSNP,112,0.009663503019844694,63,0.002337142009200178,LRTGE,L8TGE,LRTGE / L8TGE,2.0478008631431144,1_24
5686,1_25_chr22_36465359_36465803_bi,forward,noSNP,31,0.0026747195858498707,50,0.0018548746104763319,LRTGE,L8TGE,LRTGE / L8TGE,0.5280659851975771,1_25
5687,1_25_chr22_36465359_36465803_bi,reverse,noSNP,28,0.0024158757549611735,95,0.0035242617599050303,LRTGE,L8TGE,LRTGE / L8TGE,-0.544774821687917,1_25
5688,1_26_chr22_40651538_40652054_bi,forward,noSNP,57,0.004918032786885246,614,0.022777860216649355,LRTGE,L8TGE,LRTGE / L8TGE,-2.211478966620011,1_26
5689,1_26_chr22_40651538_40652054_bi,reverse,noSNP,192,0.01656600517687662,712,0.026413414453182966,LRTGE,L8TGE,LRTGE / L8TGE,-0.673045065659815,1_26
5690,1_28_chr7_1532728_1533226_bi,forward,noSNP,21,0.00181190681622088,14,0.0005193648909333729,LRTGE,L8TGE,LRTGE / L8TGE,1.8026883653065828,1_28
5691,1_28_chr7_1532728_1533226_bi,reverse,noSNP,16,0.0013805004314063848,13,0.0004822673987238463,LRTGE,L8TGE,LRTGE / L8TGE,1.5172861464443343,1_28
5692,1_29_chr7_25856979_25857429_bi,forward,SNP,26,0.0022433132010353752,29,0.0010758272740762724,LRTGE,L8TGE,LRTGE / L8TGE,1.0601845875989466,1_29
5693,1_29_chr7_25856979_25857429_bi,reverse,SNP,41,0.003537532355478861,41,0.001520997180590592,LRTGE,L8TGE,LRTGE / L8TGE,1.2177258645854265,1_29
5694,1_30_chr9_126805681_126806202_bi,forward,noSNP,54,0.004659188955996549,149,0.005527526339219469,LRTGE,L8TGE,LRTGE / L8TGE,-0.24655515371326636,1_30
5695,1_30_chr9_126805681_126806202_bi,reverse,noSNP,84,0.00724762726488352,127,0.004711381510609883,LRTGE,L8TGE,LRTGE / L8TGE,0.6213586005920209,1_30
5696,1_5_chr1_33127099_33127603_bi,forward,noSNP,76,0.006557377049180328,294,0.01090666270960083,LRTGE,L8TGE,LRTGE / L8TGE,-0.7340189668073523,1_5
5697,1_5_chr1_33127099_33127603_bi,reverse,noSNP,218,0.018809318377911992,279,0.010350200326457932,LRTGE,L8TGE,LRTGE / L8TGE,0.8617888775331651,1_5
5698,1_7_chr10_110211049_110211924_bi,forward,noSNP,50,0.004314063848144953,146,0.005416233862590889,LRTGE,L8TGE,LRTGE / L8TGE,-0.3282425045198659,1_7
5699,1_7_chr10_110211049_110211924_bi,reverse,noSNP,70,0.0060396893874029335,22,0.000816144828609586,LRTGE,L8TGE,LRTGE / L8TGE,2.887577262893096,1_7
5700,1_8_chr10_4663047_4663594_bi,forward,noSNP,10,0.0008628127696289905,294,0.01090666270960083,LRTGE,L8TGE,LRTGE / L8TGE,-3.6600183853635753,1_8
5701,1_8_chr10_4663047_4663594_bi,reverse,noSNP,3,0.0002588438308886972,358,0.013280902211010536,LRTGE,L8TGE,LRTGE / L8TGE,-5.681127411957673,1_8
5702,1_9_chr10_71860316_71860874_bi,forward,noSNP,30,0.0025884383088869713,49,0.0018177771182668052,LRTGE,L8TGE,LRTGE / L8TGE,0.5099066160787368,1_9
5703,1_9_chr10_71860316_71860874_bi,reverse,noSNP,76,0.006557377049180328,26,0.0009645347974476926,LRTGE,L8TGE,LRTGE / L8TGE,2.76521365988792,1_9
5704,22,any_orientation,any_SNP,281,0.02424503882657463,4363,0.16185635851016472,LRTGE,L8TGE,LRTGE / L8TGE,-2.738952573570147,22
5705,2_10_chr16_3305171_3305501_rc,forward,SNP,202,0.01742881794650561,215,0.007975960825048227,LRTGE,L8TGE,LRTGE / L8TGE,1.127744497747761,2_10
5706,2_10_chr16_3305171_3305501_rc,forward,noSNP,248,0.021397756686798965,288,0.010684077756343672,LRTGE,L8TGE,LRTGE / L8TGE,1.0019971735299893,2_10
5707,2_10_chr16_3305171_3305501_rc,reverse,SNP,102,0.008800690250215704,173,0.006417866152248108,LRTGE,L8TGE,LRTGE / L8TGE,0.4555229789201977,2_10
5708,2_10_chr16_3305171_3305501_rc,reverse,noSNP,113,0.009749784296807593,196,0.007271108473067221,LRTGE,L8TGE,LRTGE / L8TGE,0.42319498288540613,2_10
5709,2_12_chr17_58692543_58692822_fw,forward,noSNP,23,0.001984469370146678,91,0.0033758717910669237,LRTGE,L8TGE,LRTGE / L8TGE,-0.7665068195562567,2_12
5710,2_12_chr17_58692543_58692822_fw,reverse,noSNP,25,0.0021570319240724763,87,0.0032274818222288175,LRTGE,L8TGE,LRTGE / L8TGE,-0.581361441488577,2_12
5711,2_13_chr19_41397182_41397493_rc,forward,SNP,23,0.001984469370146678,25,0.0009274373052381659,LRTGE,L8TGE,LRTGE / L8TGE,1.0974316308677146,2_13
5712,2_13_chr19_41397182_41397493_rc,forward,noSNP,27,0.0023295944779982746,16,0.0005935598753524262,LRTGE,L8TGE,LRTGE / L8TGE,1.9726133667488952,2_13
5713,2_13_chr19_41397182_41397493_rc,reverse,noSNP,99,0.008541846419327006,35,0.0012984122273334323,LRTGE,L8TGE,LRTGE / L8TGE,2.7177994677200696,2_13
5714,2_15_chr3_122793601_122793905_rc,forward,SNP,34,0.002933563416738568,112,0.004154919127466983,LRTGE,L8TGE,LRTGE / L8TGE,-0.502166216221838,2_15
5715,2_15_chr3_122793601_122793905_rc,forward,noSNP,34,0.002933563416738568,106,0.003932334174209824,LRTGE,L8TGE,LRTGE / L8TGE,-0.4227317487274332,2_15
5716,2_15_chr3_122793601_122793905_rc,reverse,SNP,34,0.002933563416738568,77,0.002856506900133551,LRTGE,L8TGE,LRTGE / L8TGE,0.03840216514086464,2_15
5717,2_15_chr3_122793601_122793905_rc,reverse,noSNP,20,0.001725625539257981,61,0.0022629470247811246,LRTGE,L8TGE,LRTGE / L8TGE,-0.39108337809009713,2_15
5718,2_16_chr6_108562603_108562763_rc,forward,SNP,117,0.010094909404659189,176,0.006529158628876688,LRTGE,L8TGE,LRTGE / L8TGE,0.6286589655315339,2_16
5719,2_16_chr6_108562603_108562763_rc,forward,noSNP,103,0.008886971527178602,166,0.006158183706781422,LRTGE,L8TGE,LRTGE / L8TGE,0.52918696042172,2_16
5720,2_16_chr6_108562603_108562763_rc,reverse,SNP,87,0.007506471095772217,200,0.0074194984419053275,LRTGE,L8TGE,LRTGE / L8TGE,0.01681317065943022,2_16
5721,2_16_chr6_108562603_108562763_rc,reverse,noSNP,78,0.006729939603106126,177,0.006566256121086214,LRTGE,L8TGE,LRTGE / L8TGE,0.03552253336467742,2_16
5722,2_17_chr7_149685_149919_fw,forward,SNP,7,0.0006039689387402934,81,0.0030048968689716576,LRTGE,L8TGE,LRTGE / L8TGE,-2.314769216241594,2_17
5723,2_17_chr7_149685_149919_fw,forward,noSNP,6,0.0005176876617773944,70,0.0025968244546668647,LRTGE,L8TGE,LRTGE / L8TGE,-2.3265946516383833,2_17
5724,2_17_chr7_149685_149919_fw,reverse,SNP,18,0.0015530629853321828,79,0.0029307018845526043,LRTGE,L8TGE,LRTGE / L8TGE,-0.916129882149364,2_17
5725,2_17_chr7_149685_149919_fw,reverse,noSNP,24,0.0020707506471095774,58,0.002151654548152545,LRTGE,L8TGE,LRTGE / L8TGE,-0.05529262982098924,2_17
5726,2_19_chr7_27168362_27168894_fw,forward,SNP,87,0.007506471095772217,16,0.0005935598753524262,LRTGE,L8TGE,LRTGE / L8TGE,3.660669360434155,2_19
5727,2_19_chr7_27168362_27168894_fw,forward,noSNP,55,0.004745470232959448,10,0.00037097492209526634,LRTGE,L8TGE,LRTGE / L8TGE,3.677157483222724,2_19
5728,2_19_chr7_27168362_27168894_fw,reverse,SNP,158,0.01363244176013805,14,0.0005193648909333729,LRTGE,L8TGE,LRTGE / L8TGE,4.7141516907049255,2_19
5729,2_19_chr7_27168362_27168894_fw,reverse,noSNP,102,0.008800690250215704,29,0.0010758272740762724,LRTGE,L8TGE,LRTGE / L8TGE,3.0321702114293503,2_19
5730,2_1_chr10_24208466_24209279_fw,forward,noSNP,17,0.001466781708369284,66,0.002448434485828758,LRTGE,L8TGE,LRTGE / L8TGE,-0.7392054135226873,2_1
5731,2_1_chr10_24208466_24209279_fw,reverse,SNP,1,8.628127696289905e-05,6,0.00022258495325715982,LRTGE,L8TGE,LRTGE / L8TGE,-1.3672366361357298,2_1
5732,2_1_chr10_24208466_24209279_fw,reverse,noSNP,47,0.0040552200172562555,128,0.0047484790028194095,LRTGE,L8TGE,LRTGE / L8TGE,-0.22768528373693606,2_1
5733,2_20_chr7_7566677_7567687_fw,forward,SNP,4,0.0003451251078515962,49,0.0018177771182668052,LRTGE,L8TGE,LRTGE / L8TGE,-2.3969839795297814,2_20
5734,2_20_chr7_7566677_7567687_fw,forward,noSNP,6,0.0005176876617773944,46,0.0017064846416382253,LRTGE,L8TGE,LRTGE / L8TGE,-1.72087359075043,2_20
5735,2_20_chr7_7566677_7567687_fw,reverse,SNP,1,8.628127696289905e-05,41,0.001520997180590592,LRTGE,L8TGE,LRTGE / L8TGE,-4.139826140032657,2_20
5736,2_20_chr7_7566677_7567687_fw,reverse,noSNP,20,0.001725625539257981,97,0.0035984567443240836,LRTGE,L8TGE,LRTGE / L8TGE,-1.0602588827143387,2_20
5737,2_22_chr10_122375105_122375476_rc__2_21_chr10_122375073_122375541_fw,forward,SNP,4,0.0003451251078515962,88,0.003264579314438344,LRTGE,L8TGE,LRTGE / L8TGE,-3.241705754051871,2_22
5738,2_22_chr10_122375105_122375476_rc__2_21_chr10_122375073_122375541_fw,forward,noSNP,6,0.0005176876617773944,88,0.003264579314438344,LRTGE,L8TGE,LRTGE / L8TGE,-2.6567432533307143,2_22
5739,2_22_chr10_122375105_122375476_rc__2_21_chr10_122375073_122375541_fw,reverse,SNP,14,0.0012079378774805867,35,0.0012984122273334323,LRTGE,L8TGE,LRTGE / L8TGE,-0.10420223030193577,2_22
5740,2_22_chr10_122375105_122375476_rc__2_21_chr10_122375073_122375541_fw,reverse,noSNP,8,0.0006902502157031924,51,0.0018919721026858585,LRTGE,L8TGE,LRTGE / L8TGE,-1.4546994773860689,2_22
5741,2_23_chr12_53046798_53047380_fw__2_24_chr12_53046888_53047426_rc,forward,SNP,13,0.0011216566005176876,40,0.0014838996883810654,LRTGE,L8TGE,LRTGE / L8TGE,-0.4037625121608435,2_23
5742,2_23_chr12_53046798_53047380_fw__2_24_chr12_53046888_53047426_rc,forward,noSNP,9,0.0007765314926660914,59,0.0021887520403620717,LRTGE,L8TGE,LRTGE / L8TGE,-1.4949921833341024,2_23
5743,2_23_chr12_53046798_53047380_fw__2_24_chr12_53046888_53047426_rc,reverse,SNP,13,0.0011216566005176876,68,0.0025226294702478114,LRTGE,L8TGE,LRTGE / L8TGE,-1.1692972585238206,2_23
5744,2_23_chr12_53046798_53047380_fw__2_24_chr12_53046888_53047426_rc,reverse,noSNP,10,0.0008628127696289905,62,0.0023000445169906515,LRTGE,L8TGE,LRTGE / L8TGE,-1.414542350914086,2_23
5745,2_32_chr22_44023936_44024267_rc__2_31_chr22_44023811_44024452_fw,forward,SNP,28,0.0024158757549611735,71,0.002633921946876391,LRTGE,L8TGE,LRTGE / L8TGE,-0.12466633286165126,2_32
5746,2_32_chr22_44023936_44024267_rc__2_31_chr22_44023811_44024452_fw,forward,noSNP,13,0.0011216566005176876,52,0.0019290695948953852,LRTGE,L8TGE,LRTGE / L8TGE,-0.7822741354145735,2_32
5747,2_32_chr22_44023936_44024267_rc__2_31_chr22_44023811_44024452_fw,reverse,SNP,24,0.0020707506471095774,50,0.0018548746104763319,LRTGE,L8TGE,LRTGE / L8TGE,0.1588321755318581,2_32
5748,2_32_chr22_44023936_44024267_rc__2_31_chr22_44023811_44024452_fw,reverse,noSNP,21,0.00181190681622088,52,0.0019290695948953852,LRTGE,L8TGE,LRTGE / L8TGE,-0.09039643077690533,2_32
5749,2_33_chr5_132369336_132370461_fw__2_34_chr5_132369418_132370280_rc,forward,noSNP,19,0.001639344262295082,6,0.00022258495325715982,LRTGE,L8TGE,LRTGE / L8TGE,2.8806908773078557,2_33
5750,2_39_chr14_100375283_100375730_rc__2_35_chr14_100375283_100375730_rc,forward,SNP,78,0.006729939603106126,277,0.010276005342038878,LRTGE,L8TGE,LRTGE / L8TGE,-0.6106140826015133,2_39
5751,2_39_chr14_100375283_100375730_rc__2_35_chr14_100375283_100375730_rc,forward,noSNP,105,0.0090595340811044,302,0.011203442647277044,LRTGE,L8TGE,LRTGE / L8TGE,-0.30643335707352953,2_39
5752,2_39_chr14_100375283_100375730_rc__2_35_chr14_100375283_100375730_rc,reverse,SNP,35,0.0030198446937014668,149,0.005527526339219469,LRTGE,L8TGE,LRTGE / L8TGE,-0.8721596389317685,2_39
5753,2_39_chr14_100375283_100375730_rc__2_35_chr14_100375283_100375730_rc,reverse,noSNP,43,0.0037100949094046594,200,0.0074194984419053275,LRTGE,L8TGE,LRTGE / L8TGE,-0.9998655704871999,2_39
5754,2_3_chr10_71888998_71889183_rc,forward,SNP,7,0.0006039689387402934,24,0.0008903398130286393,LRTGE,L8TGE,LRTGE / L8TGE,-0.5598817140781256,2_3
5755,2_3_chr10_71888998_71889183_rc,forward,noSNP,5,0.0004314063848144953,17,0.0006306573675619528,LRTGE,L8TGE,LRTGE / L8TGE,-0.5478088817775505,2_3
5756,2_3_chr10_71888998_71889183_rc,reverse,SNP,1,8.628127696289905e-05,7,0.00025968244546668645,LRTGE,L8TGE,LRTGE / L8TGE,-1.5896290574721776,2_3
5757,2_40_chr2_27890876_27891263_rc__2_36_chr2_27890876_27891263_rc,forward,SNP,25,0.0021570319240724763,70,0.0025968244546668647,LRTGE,L8TGE,LRTGE / L8TGE,-0.2677009625848152,2_40
5758,2_40_chr2_27890876_27891263_rc__2_36_chr2_27890876_27891263_rc,forward,noSNP,10,0.0008628127696289905,40,0.0014838996883810654,LRTGE,L8TGE,LRTGE / L8TGE,-0.7822741354145731,2_40
5759,2_40_chr2_27890876_27891263_rc__2_36_chr2_27890876_27891263_rc,reverse,SNP,21,0.00181190681622088,61,0.0022629470247811246,LRTGE,L8TGE,LRTGE / L8TGE,-0.3206940501986993,2_40
5760,2_40_chr2_27890876_27891263_rc__2_36_chr2_27890876_27891263_rc,reverse,noSNP,13,0.0011216566005176876,32,0.0011871197507048524,LRTGE,L8TGE,LRTGE / L8TGE,-0.08183441727348126,2_40
5761,2_41_chr2_29114692_29115684_fw__2_37_chr2_29114692_29115684_fw,forward,SNP,12,0.0010353753235547887,103,0.0038210416975812435,LRTGE,L8TGE,LRTGE / L8TGE,-1.8838121618766355,2_41
5762,2_41_chr2_29114692_29115684_fw__2_37_chr2_29114692_29115684_fw,forward,noSNP,6,0.0005176876617773944,47,0.001743582133847752,LRTGE,L8TGE,LRTGE / L8TGE,-1.7519004863710546,2_41
5763,2_41_chr2_29114692_29115684_fw__2_37_chr2_29114692_29115684_fw,reverse,SNP,14,0.0012079378774805867,97,0.0035984567443240836,LRTGE,L8TGE,LRTGE / L8TGE,-1.5748320555440969,2_41
5764,2_41_chr2_29114692_29115684_fw__2_37_chr2_29114692_29115684_fw,reverse,noSNP,12,0.0010353753235547887,43,0.0015951921650096453,LRTGE,L8TGE,LRTGE / L8TGE,-0.6235763893955149,2_41
5765,2_42_chr7_158818580_158818984_rc__2_38_chr7_158818580_158818984_rc,forward,SNP,39,0.003364969801553063,219,0.008124350793886334,LRTGE,L8TGE,LRTGE / L8TGE,-1.2716589761534987,2_42
5766,2_42_chr7_158818580_158818984_rc__2_38_chr7_158818580_158818984_rc,forward,noSNP,86,0.007420189818809319,210,0.007790473364000594,LRTGE,L8TGE,LRTGE / L8TGE,-0.07025489837859808,2_42
5767,2_42_chr7_158818580_158818984_rc__2_38_chr7_158818580_158818984_rc,reverse,SNP,29,0.0025021570319240724,217,0.00805015580946728,LRTGE,L8TGE,LRTGE / L8TGE,-1.6858443727314807,2_42
5768,2_42_chr7_158818580_158818984_rc__2_38_chr7_158818580_158818984_rc,reverse,noSNP,14,0.0012079378774805867,255,0.009459860513429293,LRTGE,L8TGE,LRTGE / L8TGE,-2.969272650215827,2_42
5769,2_5_chr12_2959230_2960351_fw,forward,SNP,3,0.0002588438308886972,46,0.0017064846416382253,LRTGE,L8TGE,LRTGE / L8TGE,-2.72087359075043,2_5
5770,2_5_chr12_2959230_2960351_fw,forward,noSNP,5,0.0004314063848144953,45,0.0016693871494286986,LRTGE,L8TGE,LRTGE / L8TGE,-1.9521991368568858,2_5
5771,2_5_chr12_2959230_2960351_fw,reverse,SNP,6,0.0005176876617773944,34,0.0012613147351239057,LRTGE,L8TGE,LRTGE / L8TGE,-1.2847744759437565,2_5
5772,2_5_chr12_2959230_2960351_fw,reverse,noSNP,2,0.0001725625539257981,32,0.0011871197507048524,LRTGE,L8TGE,LRTGE / L8TGE,-2.7822741354145735,2_5
5773,2_6_chr12_57611320_57611561_fw,forward,noSNP,6,0.0005176876617773944,66,0.002448434485828758,LRTGE,L8TGE,LRTGE / L8TGE,-2.2417057540518703,2_6
5774,2_6_chr12_57611320_57611561_fw,reverse,noSNP,10,0.0008628127696289905,42,0.0015580946728001187,LRTGE,L8TGE,LRTGE / L8TGE,-0.8526634633059713,2_6
5775,2_7_chr14_75069209_75069609_rc,forward,SNP,136,0.011734253666954271,272,0.010090517880991245,LRTGE,L8TGE,LRTGE / L8TGE,0.21772586458542656,2_7
5776,2_7_chr14_75069209_75069609_rc,forward,noSNP,15,0.0012942191544434857,34,0.0012613147351239057,LRTGE,L8TGE,LRTGE / L8TGE,0.037153618943605686,2_7
5777,2_7_chr14_75069209_75069609_rc,reverse,SNP,32,0.0027610008628127696,229,0.0084953257159816,LRTGE,L8TGE,LRTGE / L8TGE,-1.6214779235115173,2_7
5778,2_7_chr14_75069209_75069609_rc,reverse,noSNP,7,0.0006039689387402934,37,0.0013726072117524856,LRTGE,L8TGE,LRTGE / L8TGE,-1.184372578985919,2_7
5779,3,reverse,SNP,7,0.0006039689387402934,44,0.001632289657219172,LRTGE,L8TGE,LRTGE / L8TGE,-1.4343508319942664,3
5780,4,forward,any_SNP,36,0.0031061259706643657,954,0.03539100756788841,LRTGE,L8TGE,LRTGE / L8TGE,-3.5101945899777727,4
5781,4,reverse,any_SNP,170,0.014667817083692839,587,0.021776227926992135,LRTGE,L8TGE,LRTGE / L8TGE,-0.5700998923869238,4
5782,8,any_orientation,any_SNP,66,0.005694564279551337,311,0.011537320077162783,LRTGE,L8TGE,LRTGE / L8TGE,-1.0186507861867224,8
5783,9,any_orientation,any_SNP,27,0.0023295944779982746,1607,0.0596156699807093,LRTGE,L8TGE,LRTGE / L8TGE,-4.677540846926198,9
5784,CMV,any_orientation,any_SNP,132,0.011389128559102674,73,0.0027081169312954444,LRTGE,L8TGE,LRTGE / L8TGE,2.0722954250638628,CMV
5785,SV40,any_orientation,any_SNP,31,0.0026747195858498707,24,0.0008903398130286393,LRTGE,L8TGE,LRTGE / L8TGE,1.5869596742511456,SV40
5786,1_11_chr11_65418158_65418613_bi,forward,noSNP,6,0.0005176876617773944,5,0.00015832805573147562,LRTGE,LTGE,LRTGE / LTGE,1.709165010687559,1_11
5787,1_11_chr11_65418158_65418613_bi,reverse,noSNP,14,0.0012079378774805867,20,0.0006333122229259025,LRTGE,LTGE,LRTGE / LTGE,0.9315574320240069,1_11
5788,1_14_chr14_60655620_60656040_bi,reverse,noSNP,2,0.0001725625539257981,8,0.000253324889170361,LRTGE,LTGE,LRTGE / LTGE,-0.5538693951462349,1_14
5789,1_15_chr15_40098659_40099167_bi,forward,noSNP,9,0.0007765314926660914,10,0.00031665611146295124,LRTGE,LTGE,LRTGE / LTGE,1.294127511408715,1_15
5790,1_15_chr15_40098659_40099167_bi,reverse,noSNP,5,0.0004314063848144953,14,0.00044331855604813175,LRTGE,LTGE,LRTGE / LTGE,-0.03929622231647662,1_15
5791,1_16_chr16_30805349_30805831_bi,forward,noSNP,9,0.0007765314926660914,473,0.014977834072197594,LRTGE,LTGE,LRTGE / LTGE,-4.269640767043318,1_16
5792,1_16_chr16_30805349_30805831_bi,reverse,noSNP,7,0.0006039689387402934,415,0.013141228625712476,LRTGE,LTGE,LRTGE / LTGE,-4.443481999322918,1_16
5793,1_17_chr16_73068918_73069480_bi,forward,noSNP,90,0.007765314926660914,82,0.0025965801139962003,LRTGE,LTGE,LRTGE / LTGE,1.5804316965653562,1_17
5794,1_17_chr16_73068918_73069480_bi,reverse,noSNP,28,0.0024158757549611735,37,0.0011716276124129196,LRTGE,LTGE,LRTGE / LTGE,1.0440321612824195,1_17
5795,1_18_chr16_74297506_74297928_bi,forward,noSNP,188,0.016220880069025022,247,0.007821405953134896,LRTGE,LTGE,LRTGE / LTGE,1.0523522249467248,1_18
5796,1_18_chr16_74297506_74297928_bi,reverse,noSNP,134,0.011561691113028473,10,0.00031665611146295124,LRTGE,LTGE,LRTGE / LTGE,5.190291700424175,1_18
5797,1_19_chr16_807619_808176_bi,forward,SNP,11,0.0009490940465918896,15,0.00047498416719442683,LRTGE,LTGE,LRTGE / LTGE,0.9986716278825439,1_19
5798,1_19_chr16_807619_808176_bi,forward,noSNP,8,0.0006902502157031924,7,0.00022165927802406587,LRTGE,LTGE,LRTGE / LTGE,1.638775682796161,1_19
5799,1_19_chr16_807619_808176_bi,reverse,SNP,22,0.0018981880931837791,22,0.0006966434452184928,LRTGE,LTGE,LRTGE / LTGE,1.446130604853765,1_19
5800,1_19_chr16_807619_808176_bi,reverse,noSNP,43,0.0037100949094046594,33,0.001044965167827739,LRTGE,LTGE,LRTGE / LTGE,1.82800124019741,1_19
5801,1_1_chr1_156748909_156749379_bi,forward,noSNP,2,0.0001725625539257981,67,0.0021215959468017733,LRTGE,LTGE,LRTGE / LTGE,-3.619958585604007,1_1
5802,1_20_chr16_87853532_87854041_bi,forward,SNP,5,0.0004314063848144953,16,0.000506649778340722,LRTGE,LTGE,LRTGE / LTGE,-0.23194130025887252,1_20
5803,1_20_chr16_87853532_87854041_bi,forward,noSNP,10,0.0008628127696289905,11,0.0003483217226092464,LRTGE,LTGE,LRTGE / LTGE,1.30862708110383,1_20
5804,1_20_chr16_87853532_87854041_bi,reverse,SNP,23,0.001984469370146678,34,0.0010766307789740342,LRTGE,LTGE,LRTGE / LTGE,0.8822297196604386,1_20
5805,1_20_chr16_87853532_87854041_bi,reverse,noSNP,46,0.003968938740293356,24,0.0007599746675110829,LRTGE,LTGE,LRTGE / LTGE,2.384730060189622,1_20
5806,1_23_chr2_70142583_70143144_bi,forward,SNP,58,0.005004314063848145,40,0.001266624445851805,LRTGE,LTGE,LRTGE / LTGE,1.982183505093975,1_23
5807,1_23_chr2_70142583_70143144_bi,forward,noSNP,576,0.04969801553062985,714,0.022609246358454717,LRTGE,LTGE,LRTGE / LTGE,1.1362753422669778,1_23
5808,1_23_chr2_70142583_70143144_bi,reverse,SNP,4,0.0003451251078515962,13,0.0004116529449018366,LRTGE,LTGE,LRTGE / LTGE,-0.25430911328732697,1_23
5809,1_23_chr2_70142583_70143144_bi,reverse,noSNP,94,0.008110440034512511,524,0.016592780240658644,LRTGE,LTGE,LRTGE / LTGE,-1.0327035450060476,1_23
5810,1_24_chr21_29002584_29003015_bi,forward,noSNP,112,0.009663503019844694,120,0.0037998733375554147,LRTGE,LTGE,LRTGE / LTGE,1.346594931302851,1_24
5811,1_24_chr21_29002584_29003015_bi,reverse,noSNP,46,0.003968938740293356,82,0.0025965801139962003,LRTGE,LTGE,LRTGE / LTGE,0.6121405562926941,1_24
5812,1_25_chr22_36465359_36465803_bi,forward,noSNP,31,0.0026747195858498707,69,0.0021849271690943636,LRTGE,LTGE,LRTGE / LTGE,0.29180245846247127,1_25
5813,1_25_chr22_36465359_36465803_bi,reverse,noSNP,28,0.0024158757549611735,99,0.0031348955034832173,LRTGE,LTGE,LRTGE / LTGE,-0.37587109316824024,1_25
5814,1_26_chr22_40651538_40652054_bi,forward,noSNP,57,0.004918032786885246,512,0.016212792906903105,LRTGE,LTGE,LRTGE / LTGE,-1.7209793809814933,1_26
5815,1_26_chr22_40651538_40652054_bi,reverse,noSNP,192,0.01656600517687662,673,0.02131095630145662,LRTGE,LTGE,LRTGE / LTGE,-0.36336958903539573,1_26
5816,1_28_chr7_1532728_1533226_bi,forward,noSNP,21,0.00181190681622088,13,0.0004116529449018366,LRTGE,LTGE,LRTGE / LTGE,2.138008309491433,1_28
5817,1_28_chr7_1532728_1533226_bi,reverse,noSNP,16,0.0013805004314063848,11,0.0003483217226092464,LRTGE,LTGE,LRTGE / LTGE,1.9866989862164677,1_28
5818,1_29_chr7_25856979_25857429_bi,forward,SNP,26,0.0022433132010353752,31,0.0009816339455351489,LRTGE,LTGE,LRTGE / LTGE,1.1923740126079818,1_29
5819,1_29_chr7_25856979_25857429_bi,reverse,SNP,41,0.003537532355478861,59,0.0018682710576314124,LRTGE,LTGE,LRTGE / LTGE,0.9210395601100075,1_29
5820,1_30_chr9_126805681_126806202_bi,forward,noSNP,54,0.004659188955996549,156,0.004939835338822039,LRTGE,LTGE,LRTGE / LTGE,-0.08438411184501446,1_30
5821,1_30_chr9_126805681_126806202_bi,reverse,noSNP,84,0.00724762726488352,198,0.006269791006966435,LRTGE,LTGE,LRTGE / LTGE,0.20909140755291578,1_30
5822,1_5_chr1_33127099_33127603_bi,forward,noSNP,76,0.006557377049180328,259,0.008201393286890436,LRTGE,LTGE,LRTGE / LTGE,-0.32275016938920315,1_5
5823,1_5_chr1_33127099_33127603_bi,reverse,noSNP,218,0.018809318377911992,316,0.010006333122229259,LRTGE,LTGE,LRTGE / LTGE,0.9105341814535886,1_5
5824,1_7_chr10_110211049_110211924_bi,forward,noSNP,50,0.004314063848144953,192,0.0060797973400886635,LRTGE,LTGE,LRTGE / LTGE,-0.4949757060926662,1_7
5825,1_7_chr10_110211049_110211924_bi,reverse,noSNP,70,0.0060396893874029335,28,0.0008866371120962635,LRTGE,LTGE,LRTGE / LTGE,2.7680586997411276,1_7
5826,1_8_chr10_4663047_4663594_bi,forward,noSNP,10,0.0008628127696289905,350,0.011082963901203294,LRTGE,LTGE,LRTGE / LTGE,-3.6831524120912014,1_8
5827,1_8_chr10_4663047_4663594_bi,reverse,noSNP,3,0.0002588438308886972,431,0.013647878404053198,LRTGE,LTGE,LRTGE / LTGE,-5.7204509535141765,1_8
5828,1_9_chr10_71860316_71860874_bi,forward,noSNP,30,0.0025884383088869713,60,0.0018999366687777073,LRTGE,LTGE,LRTGE / LTGE,0.44613060485376504,1_9
5829,1_9_chr10_71860316_71860874_bi,reverse,noSNP,76,0.006557377049180328,37,0.0011716276124129196,LRTGE,LTGE,LRTGE / LTGE,2.4846047526684005,1_9
5830,22,any_orientation,any_SNP,281,0.02424503882657463,4721,0.14949335022165927,LRTGE,LTGE,LRTGE / LTGE,-2.6243198425293017,22
5831,2_10_chr16_3305171_3305501_rc,forward,SNP,202,0.01742881794650561,276,0.008739708676377455,LRTGE,LTGE,LRTGE / LTGE,0.9958176308273908,2_10
5832,2_10_chr16_3305171_3305501_rc,forward,noSNP,248,0.021397756686798965,329,0.010417986067131096,LRTGE,LTGE,LRTGE / LTGE,1.0383831415053988,2_10
5833,2_10_chr16_3305171_3305501_rc,reverse,SNP,102,0.008800690250215704,213,0.006744775174160862,LRTGE,LTGE,LRTGE / LTGE,0.38384632659942247,2_10
5834,2_10_chr16_3305171_3305501_rc,reverse,noSNP,113,0.009749784296807593,248,0.007853071564281191,LRTGE,LTGE,LRTGE / LTGE,0.3121132568820776,2_10
5835,2_12_chr17_58692543_58692822_fw,forward,noSNP,23,0.001984469370146678,102,0.0032298923369221025,LRTGE,LTGE,LRTGE / LTGE,-0.7027327810607175,2_12
5836,2_12_chr17_58692543_58692822_fw,reverse,noSNP,25,0.0021570319240724763,106,0.0033565547815072832,LRTGE,LTGE,LRTGE / LTGE,-0.6379336599347093,2_12
5837,2_13_chr19_41397182_41397493_rc,forward,SNP,23,0.001984469370146678,279,0.00883470550981634,LRTGE,LTGE,LRTGE / LTGE,-2.15442875091841,2_13
5838,2_13_chr19_41397182_41397493_rc,forward,noSNP,27,0.0023295944779982746,325,0.010291323622545916,LRTGE,LTGE,LRTGE / LTGE,-2.143277800898583,2_13
5839,2_13_chr19_41397182_41397493_rc,reverse,SNP,72,0.006212251941328731,217,0.006871437618746042,LRTGE,LTGE,LRTGE / LTGE,-0.14549562614840178,2_13
5840,2_13_chr19_41397182_41397493_rc,reverse,noSNP,99,0.008541846419327006,316,0.010006333122229259,LRTGE,LTGE,LRTGE / LTGE,-0.22829352324372806,2_13
5841,2_15_chr3_122793601_122793905_rc,forward,SNP,34,0.002933563416738568,125,0.003958201393286891,LRTGE,LTGE,LRTGE / LTGE,-0.4321908385579824,2_15
5842,2_15_chr3_122793601_122793905_rc,forward,noSNP,34,0.002933563416738568,135,0.004274857504749842,LRTGE,LTGE,LRTGE / LTGE,-0.5432221509467263,2_15
5843,2_15_chr3_122793601_122793905_rc,reverse,SNP,34,0.002933563416738568,87,0.002754908169727676,LRTGE,LTGE,LRTGE / LTGE,0.0906499502553762,2_15
5844,2_15_chr3_122793601_122793905_rc,reverse,noSNP,20,0.001725625539257981,56,0.001773274224192527,LRTGE,LTGE,LRTGE / LTGE,-0.03929622231647662,2_15
5845,2_16_chr6_108562603_108562763_rc,forward,noSNP,103,0.008886971527178602,337,0.010671310956301456,LRTGE,LTGE,LRTGE / LTGE,-0.2639736491448749,2_16
5846,2_16_chr6_108562603_108562763_rc,reverse,noSNP,78,0.006729939603106126,330,0.01044965167827739,LRTGE,LTGE,LRTGE / LTGE,-0.6347893905298021,2_16
5847,2_17_chr7_149685_149919_fw,forward,SNP,7,0.0006039689387402934,96,0.0030398986700443317,LRTGE,LTGE,LRTGE / LTGE,-2.331476973809787,2_17
5848,2_17_chr7_149685_149919_fw,forward,noSNP,6,0.0005176876617773944,83,0.002628245725142495,LRTGE,LTGE,LRTGE / LTGE,-2.3439463257720035,2_17
5849,2_17_chr7_149685_149919_fw,reverse,SNP,18,0.0015530629853321828,80,0.00253324889170361,LRTGE,LTGE,LRTGE / LTGE,-0.7058724885912849,2_17
5850,2_17_chr7_149685_149919_fw,reverse,noSNP,24,0.0020707506471095774,70,0.002216592780240659,LRTGE,LTGE,LRTGE / LTGE,-0.09818991137004514,2_17
5851,2_19_chr7_27168362_27168894_fw,forward,SNP,87,0.007506471095772217,261,0.008264724509183027,LRTGE,LTGE,LRTGE / LTGE,-0.13883189586739095,2_19
5852,2_19_chr7_27168362_27168894_fw,forward,noSNP,55,0.004745470232959448,146,0.004623179227359088,LRTGE,LTGE,LRTGE / LTGE,0.03766575949840745,2_19
5853,2_19_chr7_27168362_27168894_fw,reverse,SNP,158,0.01363244176013805,313,0.009911336288790373,LRTGE,LTGE,LRTGE / LTGE,0.4598925060982499,2_19
5854,2_19_chr7_27168362_27168894_fw,reverse,noSNP,102,0.008800690250215704,264,0.008359721342621912,LRTGE,LTGE,LRTGE / LTGE,0.07416182746680745,2_19
5855,2_1_chr10_24208466_24209279_fw,forward,SNP,12,0.0010353753235547887,37,0.0011716276124129196,LRTGE,LTGE,LRTGE / LTGE,-0.1783602600540283,2_1
5856,2_1_chr10_24208466_24209279_fw,forward,noSNP,17,0.001466781708369284,47,0.0014882837238758709,LRTGE,LTGE,LRTGE / LTGE,-0.020995405573532896,2_1
5857,2_1_chr10_24208466_24209279_fw,reverse,SNP,1,8.628127696289905e-05,84,0.0026599113362887903,LRTGE,LTGE,LRTGE / LTGE,-4.946186817924995,2_1
5858,2_1_chr10_24208466_24209279_fw,reverse,noSNP,47,0.0040552200172562555,52,0.0016466117796073464,LRTGE,LTGE,LRTGE / LTGE,1.3002797383903104,2_1
5859,2_20_chr7_7566677_7567687_fw,forward,SNP,4,0.0003451251078515962,59,0.0018682710576314124,LRTGE,LTGE,LRTGE / LTGE,-2.436512444508076,2_20
5860,2_20_chr7_7566677_7567687_fw,forward,noSNP,6,0.0005176876617773944,37,0.0011716276124129196,LRTGE,LTGE,LRTGE / LTGE,-1.1783602600540284,2_20
5861,2_20_chr7_7566677_7567687_fw,reverse,SNP,1,8.628127696289905e-05,65,0.002058264724509183,LRTGE,LTGE,LRTGE / LTGE,-4.576237208174689,2_20
5862,2_20_chr7_7566677_7567687_fw,reverse,noSNP,20,0.001725625539257981,118,0.0037365421152628247,LRTGE,LTGE,LRTGE / LTGE,-1.1145843496207137,2_20
5863,2_22_chr10_122375105_122375476_rc__2_21_chr10_122375073_122375541_fw,forward,SNP,4,0.0003451251078515962,88,0.002786573780873971,LRTGE,LTGE,LRTGE / LTGE,-3.0133010137835323,2_22
5864,2_22_chr10_122375105_122375476_rc__2_21_chr10_122375073_122375541_fw,forward,noSNP,6,0.0005176876617773944,86,0.0027232425585813807,LRTGE,LTGE,LRTGE / LTGE,-2.3951716491271764,2_22
5865,2_22_chr10_122375105_122375476_rc__2_21_chr10_122375073_122375541_fw,reverse,SNP,14,0.0012079378774805867,36,0.0011399620012666244,LRTGE,LTGE,LRTGE / LTGE,0.08356052546905711,2_22
5866,2_22_chr10_122375105_122375476_rc__2_21_chr10_122375073_122375541_fw,reverse,noSNP,8,0.0006902502157031924,53,0.0016782773907536416,LRTGE,LTGE,LRTGE / LTGE,-1.281789849709434,2_22
5867,2_23_chr12_53046798_53047380_fw__2_24_chr12_53046888_53047426_rc,forward,SNP,13,0.0011216566005176876,52,0.0016466117796073464,LRTGE,LTGE,LRTGE / LTGE,-0.5538693951462349,2_23
5868,2_23_chr12_53046798_53047380_fw__2_24_chr12_53046888_53047426_rc,forward,noSNP,9,0.0007765314926660914,60,0.0018999366687777073,LRTGE,LTGE,LRTGE / LTGE,-1.2908349893124411,2_23
5869,2_23_chr12_53046798_53047380_fw__2_24_chr12_53046888_53047426_rc,reverse,SNP,13,0.0011216566005176876,52,0.0016466117796073464,LRTGE,LTGE,LRTGE / LTGE,-0.5538693951462349,2_23
5870,2_23_chr12_53046798_53047380_fw__2_24_chr12_53046888_53047426_rc,reverse,noSNP,10,0.0008628127696289905,71,0.0022482583913869536,LRTGE,LTGE,LRTGE / LTGE,-1.3816884197635544,2_23
5871,2_32_chr22_44023936_44024267_rc__2_31_chr22_44023811_44024452_fw,forward,SNP,28,0.0024158757549611735,110,0.0034832172260924636,LRTGE,LTGE,LRTGE / LTGE,-0.5278741866132902,2_32
5872,2_32_chr22_44023936_44024267_rc__2_31_chr22_44023811_44024452_fw,forward,noSNP,13,0.0011216566005176876,54,0.0017099430018999366,LRTGE,LTGE,LRTGE / LTGE,-0.6083171791686113,2_32
5873,2_32_chr22_44023936_44024267_rc__2_31_chr22_44023811_44024452_fw,reverse,SNP,24,0.0020707506471095774,54,0.0017099430018999366,LRTGE,LTGE,LRTGE / LTGE,0.27620560341145295,2_32
5874,2_32_chr22_44023936_44024267_rc__2_31_chr22_44023811_44024452_fw,reverse,noSNP,21,0.00181190681622088,66,0.002089930335655478,LRTGE,LTGE,LRTGE / LTGE,-0.20594609172592804,2_32
5875,2_33_chr5_132369336_132370461_fw__2_34_chr5_132369418_132370280_rc,forward,SNP,11,0.0009490940465918896,31,0.0009816339455351489,LRTGE,LTGE,LRTGE / LTGE,-0.04863408689581275,2_33
5876,2_33_chr5_132369336_132370461_fw__2_34_chr5_132369418_132370280_rc,forward,noSNP,19,0.001639344262295082,36,0.0011399620012666244,LRTGE,LTGE,LRTGE / LTGE,0.5241331168550383,2_33
5877,2_33_chr5_132369336_132370461_fw__2_34_chr5_132369418_132370280_rc,reverse,noSNP,7,0.0006039689387402934,34,0.0010766307789740342,LRTGE,LTGE,LRTGE / LTGE,-0.8339773143389702,2_33
5878,2_39_chr14_100375283_100375730_rc__2_35_chr14_100375283_100375730_rc,forward,SNP,78,0.006729939603106126,330,0.01044965167827739,LRTGE,LTGE,LRTGE / LTGE,-0.6347893905298021,2_39
5879,2_39_chr14_100375283_100375730_rc__2_35_chr14_100375283_100375730_rc,forward,noSNP,105,0.0090595340811044,369,0.0116846105129829,LRTGE,LTGE,LRTGE / LTGE,-0.3671008835405083,2_39
5880,2_39_chr14_100375283_100375730_rc__2_35_chr14_100375283_100375730_rc,reverse,SNP,35,0.0030198446937014668,214,0.006776440785307156,LRTGE,LTGE,LRTGE / LTGE,-1.1660533646024152,2_39
5881,2_3_chr10_71888998_71889183_rc,forward,SNP,7,0.0006039689387402934,32,0.001013299556681444,LRTGE,LTGE,LRTGE / LTGE,-0.7465144730886307,2_3
5882,2_3_chr10_71888998_71889183_rc,forward,noSNP,5,0.0004314063848144953,18,0.0005699810006333122,LRTGE,LTGE,LRTGE / LTGE,-0.40186630170118476,2_3
5883,2_40_chr2_27890876_27891263_rc__2_36_chr2_27890876_27891263_rc,forward,SNP,25,0.0021570319240724763,52,0.0016466117796073464,LRTGE,LTGE,LRTGE / LTGE,0.38954707648739784,2_40
5884,2_40_chr2_27890876_27891263_rc__2_36_chr2_27890876_27891263_rc,forward,noSNP,10,0.0008628127696289905,41,0.0012982900569981002,LRTGE,LTGE,LRTGE / LTGE,-0.5894933048769563,2_40
5885,2_40_chr2_27890876_27891263_rc__2_36_chr2_27890876_27891263_rc,reverse,SNP,21,0.00181190681622088,59,0.0018682710576314124,LRTGE,LTGE,LRTGE / LTGE,-0.04419502172931588,2_40
5886,2_40_chr2_27890876_27891263_rc__2_36_chr2_27890876_27891263_rc,reverse,noSNP,13,0.0011216566005176876,40,0.001266624445851805,LRTGE,LTGE,LRTGE / LTGE,-0.17535777189250507,2_40
5887,2_41_chr2_29114692_29115684_fw__2_37_chr2_29114692_29115684_fw,forward,SNP,12,0.0010353753235547887,122,0.003863204559848005,LRTGE,LTGE,LRTGE / LTGE,-1.8996442319879647,2_41
5888,2_41_chr2_29114692_29115684_fw__2_37_chr2_29114692_29115684_fw,forward,noSNP,6,0.0005176876617773944,43,0.0013616212792906903,LRTGE,LTGE,LRTGE / LTGE,-1.3951716491271766,2_41
5889,2_41_chr2_29114692_29115684_fw__2_37_chr2_29114692_29115684_fw,reverse,SNP,14,0.0012079378774805867,104,0.003293223559214693,LRTGE,LTGE,LRTGE / LTGE,-1.4469541912297228,2_41
5890,2_41_chr2_29114692_29115684_fw__2_37_chr2_29114692_29115684_fw,reverse,noSNP,12,0.0010353753235547887,38,0.0012032932235592148,LRTGE,LTGE,LRTGE / LTGE,-0.2168344078686642,2_41
5891,2_42_chr7_158818580_158818984_rc__2_38_chr7_158818580_158818984_rc,forward,SNP,39,0.003364969801553063,258,0.008169727675744141,LRTGE,LTGE,LRTGE / LTGE,-1.2796944317072405,2_42
5892,2_42_chr7_158818580_158818984_rc__2_38_chr7_158818580_158818984_rc,forward,noSNP,86,0.007420189818809319,263,0.008328055731475617,LRTGE,LTGE,LRTGE / LTGE,-0.16652362973643905,2_42
5893,2_42_chr7_158818580_158818984_rc__2_38_chr7_158818580_158818984_rc,reverse,SNP,29,0.0025021570319240724,222,0.0070297656744775176,LRTGE,LTGE,LRTGE / LTGE,-1.490304266368769,2_42
5894,2_42_chr7_158818580_158818984_rc__2_38_chr7_158818580_158818984_rc,reverse,noSNP,14,0.0012079378774805867,281,0.00889803673210893,LRTGE,LTGE,LRTGE / LTGE,-2.880940793309557,2_42
5895,2_5_chr12_2959230_2960351_fw,forward,SNP,3,0.0002588438308886972,48,0.0015199493350221659,LRTGE,LTGE,LRTGE / LTGE,-2.5538693951462346,2_5
5896,2_5_chr12_2959230_2960351_fw,forward,noSNP,5,0.0004314063848144953,47,0.0014882837238758709,LRTGE,LTGE,LRTGE / LTGE,-1.78653015193651,2_5
5897,2_5_chr12_2959230_2960351_fw,reverse,SNP,6,0.0005176876617773944,29,0.0009183027232425586,LRTGE,LTGE,LRTGE / LTGE,-0.8268878895526508,2_5
5898,2_5_chr12_2959230_2960351_fw,reverse,noSNP,2,0.0001725625539257981,37,0.0011716276124129196,LRTGE,LTGE,LRTGE / LTGE,-2.7633227607751847,2_5
5899,2_6_chr12_57611320_57611561_fw,forward,SNP,4,0.0003451251078515962,51,0.0016149461684610512,LRTGE,LTGE,LRTGE / LTGE,-2.22629473711773,2_6
5900,2_6_chr12_57611320_57611561_fw,forward,noSNP,6,0.0005176876617773944,28,0.0008866371120962635,LRTGE,LTGE,LRTGE / LTGE,-0.7762618164826827,2_6
5901,2_6_chr12_57611320_57611561_fw,reverse,SNP,4,0.0003451251078515962,31,0.0009816339455351489,LRTGE,LTGE,LRTGE / LTGE,-1.5080657055331101,2_6
5902,2_6_chr12_57611320_57611561_fw,reverse,noSNP,10,0.0008628127696289905,15,0.00047498416719442683,LRTGE,LTGE,LRTGE / LTGE,0.861168104132609,2_6
5903,2_7_chr14_75069209_75069609_rc,forward,SNP,136,0.011734253666954271,307,0.009721342621912602,LRTGE,LTGE,LRTGE / LTGE,0.27149860073392523,2_7
5904,2_7_chr14_75069209_75069609_rc,forward,noSNP,15,0.0012942191544434857,32,0.001013299556681444,LRTGE,LTGE,LRTGE / LTGE,0.3530212004622834,2_7
5905,2_7_chr14_75069209_75069609_rc,reverse,SNP,32,0.0027610008628127696,204,0.006459784673844205,LRTGE,LTGE,LRTGE / LTGE,-1.2262947371177304,2_7
5906,2_7_chr14_75069209_75069609_rc,reverse,noSNP,7,0.0006039689387402934,34,0.0010766307789740342,LRTGE,LTGE,LRTGE / LTGE,-0.8339773143389702,2_7
5907,3,reverse,SNP,7,0.0006039689387402934,75,0.0023749208359721344,LRTGE,LTGE,LRTGE / LTGE,-1.9753331635845115,3
5908,4,reverse,any_SNP,170,0.014667817083692839,871,0.027580747308423054,LRTGE,LTGE,LRTGE / LTGE,-0.9110073676073975,4
5909,8,any_orientation,any_SNP,66,0.005694564279551337,392,0.012412919569347688,LRTGE,LTGE,LRTGE / LTGE,-1.1241851199029897,8
5910,9,any_orientation,any_SNP,27,0.0023295944779982746,1928,0.061051298290056996,LRTGE,LTGE,LRTGE / LTGE,-4.711871229212727,9
5911,CMV,any_orientation,any_SNP,132,0.011389128559102674,90,0.002849905003166561,LRTGE,LTGE,LRTGE / LTGE,1.9986716278825438,CMV
5912,SV40,any_orientation,any_SNP,31,0.0026747195858498707,26,0.0008233058898036732,LRTGE,LTGE,LRTGE / LTGE,1.6998871970995484,SV40
